source,target,delay_factor,shortest_path_delay,target_delay,spare_path_found,spare_path_delay,delay_delta,spare_edges_count,normal_edges_count,shortest_path_dist,spare_path_dist,duration_s
1380,888,1.250000,0.124225,0.155281,True,0.154799,-0.000482,27.000000,10.000000,37241639.445671,46407696.384596,6.067323
1380,888,1.500000,0.124225,0.186337,True,0.181716,-0.004621,37.000000,6.000000,37241639.445671,54477234.289234,6.180684
1380,888,2.000000,0.124225,0.248449,True,0.181716,-0.066733,37.000000,6.000000,37241639.445671,54477234.289234,6.184903
1101,951,1.250000,0.048274,0.060342,True,0.060096,-0.000246,11.000000,1.000000,14472106.078272,18016275.622731,6.232752
1101,951,1.500000,0.048274,0.072411,True,0.072622,0.000211,11.000000,3.000000,14472106.078272,21771436.137031,6.285915
1101,951,2.000000,0.048274,0.096547,True,0.099669,0.003122,20.000000,0.000000,14472106.078272,29880126.954720,6.453617
86,990,1.250000,0.111211,0.139013,True,0.136575,-0.002439,33.000000,6.000000,33340095.406695,40944016.901519,5.393226
86,990,1.500000,0.111211,0.166816,True,0.149440,-0.017376,33.000000,8.000000,33340095.406695,44800894.721648,5.579117
86,990,2.000000,0.111211,0.222421,True,0.149440,-0.072981,33.000000,8.000000,33340095.406695,44800894.721648,5.400409
1205,710,1.250000,0.143953,0.179941,True,0.180303,0.000361,36.000000,8.000000,43156040.888922,54053368.622590,6.059873
1205,710,1.500000,0.143953,0.215930,True,0.189831,-0.026099,38.000000,8.000000,43156040.888922,56909907.357652,6.033314
1205,710,2.000000,0.143953,0.287906,True,0.189831,-0.098075,38.000000,8.000000,43156040.888922,56909907.357652,6.080961
645,821,1.250000,0.028995,0.036244,True,0.043642,0.007398,8.000000,3.000000,8692523.747721,13083417.360746,5.832209
645,821,1.500000,0.028995,0.043493,True,0.043642,0.000149,8.000000,3.000000,8692523.747721,13083417.360746,6.079239
645,821,2.000000,0.028995,0.057990,True,0.057843,-0.000147,10.000000,3.000000,8692523.747721,17340954.148594,5.870807
264,883,1.250000,0.111230,0.139038,True,0.139251,0.000213,13.000000,23.000000,33345985.538371,41746353.777692,5.121354
264,883,1.500000,0.111230,0.166845,True,0.147655,-0.019190,15.000000,25.000000,33345985.538371,44265822.786032,4.753592
264,883,2.000000,0.111230,0.222460,True,0.147655,-0.074806,15.000000,25.000000,33345985.538371,44265822.786032,4.868612
1524,656,1.250000,0.170284,0.212855,True,0.213032,0.000177,38.000000,11.000000,51049860.265829,63865362.517332,6.807108
1524,656,1.500000,0.170284,0.255426,True,0.213032,-0.042394,38.000000,11.000000,51049860.265829,63865362.517332,6.903037
1524,656,2.000000,0.170284,0.340568,True,0.213032,-0.127536,38.000000,11.000000,51049860.265829,63865362.517332,7.050078
1324,632,1.250000,0.170284,0.212854,True,0.192348,-0.020506,19.000000,28.000000,51049718.193776,57664454.061252,3.502299
1324,632,1.500000,0.170284,0.255425,True,0.192348,-0.063077,19.000000,28.000000,51049718.193776,57664454.061252,3.597313
1324,632,2.000000,0.170284,0.340567,True,0.192348,-0.148219,19.000000,28.000000,51049718.193776,57664454.061252,3.533860
1463,913,1.250000,0.080418,0.100523,True,0.096431,-0.004092,27.000000,1.000000,24108805.226398,28909161.466408,7.671015
1463,913,1.500000,0.080418,0.120627,True,0.118687,-0.001940,30.000000,2.000000,24108805.226398,35581615.071908,7.714693
1463,913,2.000000,0.080418,0.160837,True,0.140657,-0.020180,29.000000,5.000000,24108805.226398,42167761.903616,7.747187
1116,716,1.250000,0.085748,0.107186,True,0.109141,0.001956,22.000000,7.000000,25706751.807439,32719734.196880,4.365606
1116,716,1.500000,0.085748,0.128623,True,0.118088,-0.010535,21.000000,8.000000,25706751.807439,35401857.053185,4.301521
1116,716,2.000000,0.085748,0.171497,True,0.118088,-0.053409,21.000000,8.000000,25706751.807439,35401857.053185,4.475206
1070,906,1.250000,0.087194,0.108993,True,0.108275,-0.000718,22.000000,0.000000,26140239.818305,32459903.978919,7.391324
1070,906,1.500000,0.087194,0.130792,True,0.134195,0.003404,14.000000,12.000000,26140239.818305,40230705.987025,7.373885
1070,906,2.000000,0.087194,0.174389,True,0.134684,-0.039705,16.000000,12.000000,26140239.818305,40377330.056952,7.438480
1550,288,1.250000,0.103189,0.128986,True,0.126996,-0.001990,22.000000,6.000000,30935315.197837,38072495.319986,6.969068
1550,288,1.500000,0.103189,0.154784,True,0.136192,-0.018591,23.000000,7.000000,30935315.197837,40829439.620810,7.046984
1550,288,2.000000,0.103189,0.206378,True,0.136192,-0.070186,23.000000,7.000000,30935315.197837,40829439.620810,7.329800
127,578,1.250000,0.139509,0.174386,True,0.174248,-0.000138,34.000000,5.000000,41823603.996038,52238178.925250,7.389255
127,578,1.500000,0.139509,0.209263,True,0.174248,-0.035015,34.000000,5.000000,41823603.996038,52238178.925250,7.512173
127,578,2.000000,0.139509,0.279017,True,0.174248,-0.104769,34.000000,5.000000,41823603.996038,52238178.925250,7.617946
1065,405,1.250000,0.101785,0.127232,True,0.128391,0.001159,35.000000,0.000000,30514477.892097,38490652.715866,7.592173
1065,405,1.500000,0.101785,0.152678,True,0.151467,-0.001211,33.000000,4.000000,30514477.892097,45408783.542956,7.600126
1065,405,2.000000,0.101785,0.203571,True,0.151467,-0.052103,33.000000,4.000000,30514477.892097,45408783.542956,7.502908
1063,1139,1.250000,0.076570,0.095713,True,0.088569,-0.007144,12.000000,4.000000,22955113.875835,26552186.191107,7.286610
1063,1139,1.500000,0.076570,0.114855,True,0.088569,-0.026286,12.000000,4.000000,22955113.875835,26552186.191107,7.441537
1063,1139,2.000000,0.076570,0.153140,True,0.088569,-0.064571,12.000000,4.000000,22955113.875835,26552186.191107,7.177998
347,714,1.250000,0.100203,0.125254,True,0.126765,0.001511,29.000000,2.000000,30040173.001513,38003066.962814,7.550190
347,714,1.500000,0.100203,0.150305,True,0.131240,-0.019065,33.000000,0.000000,30040173.001513,39344730.807250,7.759572
347,714,2.000000,0.100203,0.200406,True,0.131240,-0.069167,33.000000,0.000000,30040173.001513,39344730.807250,7.870663
1393,1545,1.250000,0.037442,0.046802,True,0.047607,0.000805,9.000000,1.000000,11224729.007976,14272113.410487,3.225445
1393,1545,1.500000,0.037442,0.056162,True,0.055345,-0.000817,9.000000,5.000000,11224729.007976,16592104.643501,3.355105
1393,1545,2.000000,0.037442,0.074883,True,0.080984,0.006101,12.000000,6.000000,11224729.007976,24278441.110229,3.332600
1223,823,1.250000,0.084921,0.106151,True,0.105527,-0.000624,27.000000,2.000000,25458610.457471,31636291.869765,7.564746
1223,823,1.500000,0.084921,0.127381,True,0.116463,-0.010918,28.000000,3.000000,25458610.457471,34914747.677807,7.562057
1223,823,2.000000,0.084921,0.169842,True,0.116463,-0.053379,28.000000,3.000000,25458610.457471,34914747.677807,7.903250
1536,836,1.250000,0.128811,0.161013,True,0.155469,-0.005545,24.000000,16.000000,38616481.876777,46608364.595496,7.029599
1536,836,1.500000,0.128811,0.193216,True,0.155469,-0.037747,24.000000,16.000000,38616481.876777,46608364.595496,7.126774
1536,836,2.000000,0.128811,0.257621,True,0.155469,-0.102153,24.000000,16.000000,38616481.876777,46608364.595496,7.225131
1400,595,1.250000,0.176818,0.221023,True,0.186035,-0.034988,32.000000,14.000000,53008723.470399,55771813.833904,5.626408
1400,595,1.500000,0.176818,0.265227,True,0.186035,-0.079192,32.000000,14.000000,53008723.470399,55771813.833904,5.486585
1400,595,2.000000,0.176818,0.353636,True,0.186035,-0.167601,32.000000,14.000000,53008723.470399,55771813.833904,5.620927
209,589,1.250000,0.093644,0.117055,True,0.117994,0.000939,26.000000,2.000000,28073682.797606,35373632.451325,7.499333
209,589,1.500000,0.093644,0.140466,True,0.138183,-0.002283,27.000000,5.000000,28073682.797606,41426179.593813,7.554301
209,589,2.000000,0.093644,0.187287,True,0.138183,-0.049105,27.000000,5.000000,28073682.797606,41426179.593813,7.979472
1066,1180,1.250000,0.043701,0.054627,True,0.051596,-0.003031,8.000000,2.000000,13101305.041807,15468068.567048,7.260257
1066,1180,1.500000,0.043701,0.065552,True,0.051596,-0.013956,8.000000,2.000000,13101305.041807,15468068.567048,7.261941
1066,1180,2.000000,0.043701,0.087402,True,0.051596,-0.035807,8.000000,2.000000,13101305.041807,15468068.567048,7.109448
286,605,1.250000,0.117871,0.147338,True,0.151447,0.004109,26.000000,10.000000,35336723.838902,45402814.563754,5.597378
286,605,1.500000,0.117871,0.176806,True,0.164480,-0.012326,28.000000,10.000000,35336723.838902,49309778.553434,5.656037
286,605,2.000000,0.117871,0.235741,True,0.164480,-0.071262,28.000000,10.000000,35336723.838902,49309778.553434,5.535317
1338,668,1.250000,0.163506,0.204383,True,0.196066,-0.008317,39.000000,10.000000,49017964.340908,58779043.529275,7.407046
1338,668,1.500000,0.163506,0.245259,True,0.196066,-0.049194,39.000000,10.000000,49017964.340908,58779043.529275,6.911965
1338,668,2.000000,0.163506,0.327013,True,0.196066,-0.130947,39.000000,10.000000,49017964.340908,58779043.529275,6.983318
269,441,1.250000,0.052756,0.065945,True,0.065891,-0.000054,8.000000,9.000000,15815914.924873,19753555.618775,5.650583
269,441,1.500000,0.052756,0.079134,True,0.079989,0.000855,12.000000,9.000000,15815914.924873,23980075.711274,5.363570
269,441,2.000000,0.052756,0.105512,True,0.093061,-0.012452,13.000000,10.000000,15815914.924873,27898952.461618,5.539620
1035,983,1.250000,0.063536,0.079420,True,0.083537,0.004117,6.000000,10.000000,19047661.476898,25043896.965915,3.816615
1035,983,1.500000,0.063536,0.095304,True,0.087729,-0.007575,8.000000,10.000000,19047661.476898,26300518.751027,3.646398
1035,983,2.000000,0.063536,0.127072,True,0.087729,-0.039343,8.000000,10.000000,19047661.476898,26300518.751027,3.599509
433,634,1.250000,0.051294,0.064118,True,0.063721,-0.000396,12.000000,3.000000,15377649.321454,19103204.535797,6.944152
433,634,1.500000,0.051294,0.076941,True,0.076747,-0.000195,15.000000,4.000000,15377649.321454,23008081.773697,6.747973
433,634,2.000000,0.051294,0.102589,True,0.084668,-0.017920,15.000000,4.000000,15377649.321454,25382971.123919,6.814946
1255,1351,1.250000,0.065791,0.082239,True,0.077618,-0.004621,8.000000,7.000000,19723709.278469,23269378.182154,4.502639
1255,1351,1.500000,0.065791,0.098687,True,0.077618,-0.021069,8.000000,7.000000,19723709.278469,23269378.182154,4.950397
1255,1351,2.000000,0.065791,0.131582,True,0.077618,-0.053964,8.000000,7.000000,19723709.278469,23269378.182154,4.518889
889,984,1.250000,0.058901,0.073626,True,0.070298,-0.003329,11.000000,3.000000,17658125.338438,21074741.229267,7.218483
889,984,1.500000,0.058901,0.088352,True,0.087923,-0.000428,16.000000,0.000000,17658125.338438,26358744.176838,7.130028
889,984,2.000000,0.058901,0.117802,True,0.092365,-0.025438,14.000000,3.000000,17658125.338438,27690241.237570,7.202954
628,99,1.250000,0.084891,0.106114,True,0.105431,-0.000683,27.000000,1.000000,25449752.279518,31607431.451106,7.537301
628,99,1.500000,0.084891,0.127337,True,0.127373,0.000036,29.000000,5.000000,25449752.279518,38185343.290339,7.793848
628,99,2.000000,0.084891,0.169782,True,0.136683,-0.033100,31.000000,3.000000,25449752.279518,40976509.645179,7.567086
630,688,1.250000,0.063380,0.079225,True,0.083523,0.004298,10.000000,6.000000,19000925.944892,25039531.376882,7.461578
630,688,1.500000,0.063380,0.095070,True,0.096606,0.001535,11.000000,7.000000,19000925.944892,28961714.937616,7.581717
630,688,2.000000,0.063380,0.126761,True,0.101123,-0.025638,13.000000,9.000000,19000925.944892,30315843.946639,7.386215
1337,534,1.250000,0.189662,0.237077,True,0.216925,-0.020152,34.000000,18.000000,56859088.707128,65032466.125806,7.070105
1337,534,1.500000,0.189662,0.284492,True,0.216925,-0.067567,34.000000,18.000000,56859088.707128,65032466.125806,6.775648
1337,534,2.000000,0.189662,0.379323,True,0.216925,-0.162398,34.000000,18.000000,56859088.707128,65032466.125806,6.551045
628,848,1.250000,0.033066,0.041333,True,0.041250,-0.000083,8.000000,3.000000,9913028.735361,12366416.405208,7.526786
628,848,1.500000,0.033066,0.049599,True,0.054317,0.004718,10.000000,3.000000,9913028.735361,16283911.710321,7.529928
628,848,2.000000,0.033066,0.066133,True,0.067498,0.001365,10.000000,5.000000,9913028.735361,20235273.175697,7.422097
325,541,1.250000,0.060338,0.075422,True,0.075867,0.000444,18.000000,1.000000,18088859.270881,22744280.626551,8.133805
325,541,1.500000,0.060338,0.090507,True,0.099796,0.009289,23.000000,0.000000,18088859.270881,29918204.327162,7.716375
325,541,2.000000,0.060338,0.120676,True,0.099796,-0.020879,23.000000,0.000000,18088859.270881,29918204.327162,7.969282
451,495,1.250000,0.006530,0.008162,True,0.015175,0.007012,3.000000,0.000000,1957578.259744,4549238.761929,1.978019
451,495,1.500000,0.006530,0.009795,True,0.015175,0.005380,3.000000,0.000000,1957578.259744,4549238.761929,1.976892
451,495,2.000000,0.006530,0.013060,True,0.015175,0.002115,3.000000,0.000000,1957578.259744,4549238.761929,3.624977
1028,1492,1.250000,0.090419,0.113024,True,0.113103,0.000079,17.000000,11.000000,27107040.725439,33907572.084689,2.555136
1028,1492,1.500000,0.090419,0.135629,True,0.122322,-0.013307,9.000000,21.000000,27107040.725439,36671224.984238,2.694981
1028,1492,2.000000,0.090419,0.180839,True,0.122322,-0.058517,9.000000,21.000000,27107040.725439,36671224.984238,2.527451
1325,1501,1.250000,0.029561,0.036951,True,0.037924,0.000974,4.000000,5.000000,8862049.331932,11369461.484054,3.670340
1325,1501,1.500000,0.029561,0.044341,True,0.037924,-0.006416,4.000000,5.000000,8862049.331932,11369461.484054,3.464847
1325,1501,2.000000,0.029561,0.059121,True,0.060076,0.000955,6.000000,7.000000,8862049.331932,18010404.504585,3.455290
1214,814,1.250000,0.085112,0.106390,True,0.105704,-0.000686,13.000000,14.000000,25515890.875943,31689331.284906,7.170381
1214,814,1.500000,0.085112,0.127668,True,0.105704,-0.021964,13.000000,14.000000,25515890.875943,31689331.284906,7.390639
1214,814,2.000000,0.085112,0.170224,True,0.105704,-0.064519,13.000000,14.000000,25515890.875943,31689331.284906,7.142494
1271,461,1.250000,0.140688,0.175860,True,0.174866,-0.000993,13.000000,33.000000,42177082.360971,52423600.509827,4.738086
1271,461,1.500000,0.140688,0.211031,True,0.184920,-0.026112,15.000000,33.000000,42177082.360971,55437518.661602,4.680231
1271,461,2.000000,0.140688,0.281375,True,0.184920,-0.096456,15.000000,33.000000,42177082.360971,55437518.661602,4.688131
1425,1432,1.250000,0.050393,0.062991,True,0.062877,-0.000114,8.000000,5.000000,15107435.611868,18850137.780745,7.356047
1425,1432,1.500000,0.050393,0.075589,True,0.075650,0.000060,8.000000,7.000000,15107435.611868,22679272.983285,6.942026
1425,1432,2.000000,0.050393,0.100786,True,0.080504,-0.020282,15.000000,2.000000,15107435.611868,24134419.114111,7.014150
1495,946,1.250000,0.085038,0.106297,True,0.105821,-0.000476,25.000000,3.000000,25493751.021751,31724444.783671,6.046470
1495,946,1.500000,0.085038,0.127557,True,0.123067,-0.004490,23.000000,9.000000,25493751.021751,36894699.239261,6.224671
1495,946,2.000000,0.085038,0.170076,True,0.123067,-0.047009,23.000000,9.000000,25493751.021751,36894699.239261,6.328707
1476,630,1.250000,0.172367,0.215459,True,0.202602,-0.012857,33.000000,15.000000,51674352.052199,60738565.357895,4.331382
1476,630,1.500000,0.172367,0.258551,True,0.202602,-0.055949,33.000000,15.000000,51674352.052199,60738565.357895,4.343631
1476,630,2.000000,0.172367,0.344734,True,0.202602,-0.142132,33.000000,15.000000,51674352.052199,60738565.357895,4.375736
1520,999,1.250000,0.127417,0.159271,True,0.156415,-0.002856,33.000000,5.000000,38198540.727952,46891891.323442,7.489034
1520,999,1.500000,0.127417,0.191125,True,0.156415,-0.034710,33.000000,5.000000,38198540.727952,46891891.323442,7.273345
1520,999,2.000000,0.127417,0.254833,True,0.156415,-0.098419,33.000000,5.000000,38198540.727952,46891891.323442,7.136468
1320,887,1.250000,0.111376,0.139220,True,0.140786,0.001566,27.000000,7.000000,33389685.203485,42206436.296233,5.583878
1320,887,1.500000,0.111376,0.167064,True,0.167394,0.000330,30.000000,10.000000,33389685.203485,50183485.092303,5.576513
1320,887,2.000000,0.111376,0.222752,True,0.176121,-0.046631,28.000000,12.000000,33389685.203485,52799730.317654,5.543023
384,516,1.250000,0.019788,0.024735,True,0.043668,0.018933,9.000000,0.000000,5932278.458898,13091261.161876,6.862631
384,516,1.500000,0.019788,0.029682,True,0.043668,0.013986,9.000000,0.000000,5932278.458898,13091261.161876,7.431935
384,516,2.000000,0.019788,0.039576,True,0.043668,0.004092,9.000000,0.000000,5932278.458898,13091261.161876,7.452005
379,414,1.250000,0.061130,0.076413,True,0.077346,0.000933,4.000000,9.000000,18326413.587722,23187705.854840,5.552755
379,414,1.500000,0.061130,0.091696,True,0.091582,-0.000113,6.000000,11.000000,18326413.587722,27455715.919144,5.558512
379,414,2.000000,0.061130,0.122261,True,0.100268,-0.021993,10.000000,7.000000,18326413.587722,30059516.746136,5.401508
1077,1416,1.250000,0.111409,0.139261,True,0.136255,-0.003006,25.000000,7.000000,33399509.163695,40848200.979104,4.882909
1077,1416,1.500000,0.111409,0.167113,True,0.145225,-0.021888,25.000000,9.000000,33399509.163695,43537335.887107,4.964779
1077,1416,2.000000,0.111409,0.222818,True,0.145225,-0.077593,25.000000,9.000000,33399509.163695,43537335.887107,4.868401
181,840,1.250000,0.115704,0.144630,True,0.143398,-0.001232,17.000000,21.000000,34687148.008243,42989605.782813,6.528161
181,840,1.500000,0.115704,0.173556,True,0.156603,-0.016953,29.000000,11.000000,34687148.008243,46948368.183692,6.353054
181,840,2.000000,0.115704,0.231408,True,0.156603,-0.074805,29.000000,11.000000,34687148.008243,46948368.183692,6.588902
564,823,1.250000,0.071889,0.089861,True,0.089010,-0.000851,20.000000,0.000000,21551662.359235,26684568.525528,7.607109
564,823,1.500000,0.071889,0.107833,True,0.105597,-0.002236,25.000000,1.000000,21551662.359235,31657161.604531,7.497493
564,823,2.000000,0.071889,0.143777,True,0.114608,-0.029169,27.000000,1.000000,21551662.359235,34358625.925800,7.593728
1137,167,1.250000,0.108514,0.135643,True,0.135197,-0.000446,36.000000,1.000000,32531825.327241,40530958.392551,5.979302
1137,167,1.500000,0.108514,0.162772,True,0.159188,-0.003584,34.000000,5.000000,32531825.327241,47723320.486189,5.890916
1137,167,2.000000,0.108514,0.217029,True,0.159188,-0.057841,34.000000,5.000000,32531825.327241,47723320.486189,6.129668
1257,56,1.250000,0.113329,0.141661,True,0.143378,0.001718,32.000000,1.000000,33975039.280397,42983773.513232,6.601609
1257,56,1.500000,0.113329,0.169993,True,0.165502,-0.004490,37.000000,2.000000,33975039.280397,49616356.988464,6.669257
1257,56,2.000000,0.113329,0.226657,True,0.165502,-0.061155,37.000000,2.000000,33975039.280397,49616356.988464,6.560476
1064,1104,1.250000,0.033338,0.041672,True,0.043400,0.001728,9.000000,0.000000,9994333.003942,13010919.296668,7.660767
1064,1104,1.500000,0.033338,0.050006,True,0.051496,0.001490,9.000000,0.000000,9994333.003942,15438048.739230,7.543342
1064,1104,2.000000,0.033338,0.066675,True,0.060924,-0.005751,11.000000,0.000000,9994333.003942,18264421.436816,7.537033
691,964,1.250000,0.098198,0.122748,True,0.123137,0.000389,23.000000,3.000000,29439043.393381,36915571.158427,7.501814
691,964,1.500000,0.098198,0.147297,True,0.145634,-0.001663,29.000000,3.000000,29439043.393381,43660106.319589,7.614325
691,964,2.000000,0.098198,0.196396,True,0.149549,-0.046847,29.000000,3.000000,29439043.393381,44833781.557842,7.586089
1043,395,1.250000,0.163751,0.204689,True,0.190431,-0.014257,18.000000,29.000000,49091356.479932,57089906.653060,7.572265
1043,395,1.500000,0.163751,0.245627,True,0.190431,-0.055195,18.000000,29.000000,49091356.479932,57089906.653060,7.741989
1043,395,2.000000,0.163751,0.327502,True,0.190431,-0.137071,18.000000,29.000000,49091356.479932,57089906.653060,7.833600
503,891,1.250000,0.111268,0.139085,True,0.137674,-0.001411,32.000000,1.000000,33357251.032563,41273663.302642,5.873685
503,891,1.500000,0.111268,0.166902,True,0.158916,-0.007986,33.000000,4.000000,33357251.032563,47641837.521320,6.148231
503,891,2.000000,0.111268,0.222536,True,0.158916,-0.063620,33.000000,4.000000,33357251.032563,47641837.521320,6.079962
473,654,1.250000,0.058906,0.073632,True,0.071628,-0.002004,13.000000,1.000000,17659514.812126,21473629.414770,6.943352
473,654,1.500000,0.058906,0.088359,True,0.092492,0.004133,15.000000,3.000000,17659514.812126,27728400.275289,6.906410
473,654,2.000000,0.058906,0.117812,True,0.092892,-0.024919,15.000000,3.000000,17659514.812126,27848391.563827,7.089163
200,770,1.250000,0.098136,0.122670,True,0.123032,0.000363,16.000000,17.000000,29420316.419675,36884092.193570,4.647553
200,770,1.500000,0.098136,0.147203,True,0.145255,-0.001948,18.000000,19.000000,29420316.419675,43546440.673141,4.772394
200,770,2.000000,0.098136,0.196271,True,0.150762,-0.045509,14.000000,23.000000,29420316.419675,45197319.177176,4.556484
1154,953,1.250000,0.048140,0.060174,True,0.060240,0.000066,11.000000,0.000000,14431875.444890,18059492.995664,7.837971
1154,953,1.500000,0.048140,0.072209,True,0.072996,0.000787,13.000000,0.000000,14431875.444890,21883787.388570,8.027381
1154,953,2.000000,0.048140,0.096279,True,0.098910,0.002631,17.000000,0.000000,14431875.444890,29652562.953360,7.778958
1070,25,1.250000,0.154946,0.193682,True,0.193361,-0.000321,26.000000,19.000000,46451536.544234,57968067.854451,7.191964
1070,25,1.500000,0.154946,0.232418,True,0.193361,-0.039058,26.000000,19.000000,46451536.544234,57968067.854451,7.159144
1070,25,2.000000,0.154946,0.309891,True,0.193361,-0.116531,26.000000,19.000000,46451536.544234,57968067.854451,7.174888
1113,1254,1.250000,0.083186,0.103982,True,0.103633,-0.000350,15.000000,6.000000,24938442.507593,31068249.551835,6.368223
1113,1254,1.500000,0.083186,0.124779,True,0.117353,-0.007425,18.000000,7.000000,24938442.507593,35181668.693933,6.589366
1113,1254,2.000000,0.083186,0.166371,True,0.117353,-0.049018,18.000000,7.000000,24938442.507593,35181668.693933,6.292930
1148,1441,1.250000,0.089590,0.111987,True,0.094944,-0.017043,19.000000,4.000000,26858294.305648,28463460.628213,7.656437
1148,1441,1.500000,0.089590,0.134384,True,0.094944,-0.039441,19.000000,4.000000,26858294.305648,28463460.628213,7.713933
1148,1441,2.000000,0.089590,0.179179,True,0.094944,-0.084235,19.000000,4.000000,26858294.305648,28463460.628213,7.735106
1282,27,1.250000,0.063007,0.078759,True,0.080944,0.002185,13.000000,6.000000,18889048.034490,24266456.494394,6.017190
1282,27,1.500000,0.063007,0.094511,True,0.094069,-0.000442,15.000000,6.000000,18889048.034490,28201059.342539,5.831346
1282,27,2.000000,0.063007,0.126014,True,0.110101,-0.015913,10.000000,15.000000,18889048.034490,33007564.491315,6.002596
141,1453,1.250000,0.092289,0.115361,True,0.114633,-0.000728,19.000000,8.000000,27667553.320366,34366056.376865,7.074389
141,1453,1.500000,0.092289,0.138434,True,0.114633,-0.023801,19.000000,8.000000,27667553.320366,34366056.376865,7.050257
141,1453,2.000000,0.092289,0.184578,True,0.114633,-0.069945,19.000000,8.000000,27667553.320366,34366056.376865,7.052287
1390,37,1.250000,0.104777,0.130971,True,0.127254,-0.003717,20.000000,8.000000,31411219.474652,38149787.191923,4.557761
1390,37,1.500000,0.104777,0.157165,True,0.127254,-0.029911,20.000000,8.000000,31411219.474652,38149787.191923,4.520535
1390,37,2.000000,0.104777,0.209553,True,0.127254,-0.082299,20.000000,8.000000,31411219.474652,38149787.191923,4.774523
586,76,1.250000,0.100046,0.125058,True,0.116431,-0.008627,29.000000,1.000000,29993125.965868,34905077.626295,7.536763
586,76,1.500000,0.100046,0.150069,True,0.160030,0.009961,31.000000,9.000000,29993125.965868,47975772.386117,7.624790
586,76,2.000000,0.100046,0.200093,True,0.160030,-0.040063,31.000000,9.000000,29993125.965868,47975772.386117,7.448511
1037,1165,1.250000,0.041364,0.051705,True,0.052478,0.000773,11.000000,1.000000,12400628.101264,15732464.737782,6.836746
1037,1165,1.500000,0.041364,0.062046,True,0.061503,-0.000543,11.000000,5.000000,12400628.101264,18438211.943534,7.113387
1037,1165,2.000000,0.041364,0.082728,True,0.065626,-0.017102,13.000000,3.000000,12400628.101264,19674159.600215,6.731494
1304,67,1.250000,0.085851,0.107314,True,0.104605,-0.002709,16.000000,10.000000,25737430.747783,31359735.470832,5.086637
1304,67,1.500000,0.085851,0.128776,True,0.104605,-0.024171,16.000000,10.000000,25737430.747783,31359735.470832,4.971332
1304,67,2.000000,0.085851,0.171702,True,0.104605,-0.067097,16.000000,10.000000,25737430.747783,31359735.470832,5.123535
72,992,1.250000,0.128651,0.160813,True,0.162741,0.001928,31.000000,10.000000,38568462.370154,48788594.837299,5.526525
72,992,1.500000,0.128651,0.192976,True,0.162741,-0.030235,31.000000,10.000000,38568462.370154,48788594.837299,5.414041
72,992,2.000000,0.128651,0.257301,True,0.162741,-0.094560,31.000000,10.000000,38568462.370154,48788594.837299,5.654477
266,969,1.250000,0.112537,0.140671,True,0.144084,0.003413,3.000000,37.000000,33737661.982425,43195294.056611,3.788610
266,969,1.500000,0.112537,0.168805,True,0.159062,-0.009743,33.000000,11.000000,33737661.982425,47685479.912465,3.955525
266,969,2.000000,0.112537,0.225073,True,0.159062,-0.066012,33.000000,11.000000,33737661.982425,47685479.912465,3.889040
364,643,1.250000,0.089520,0.111900,True,0.109903,-0.001997,20.000000,5.000000,26837418.368106,32948231.424878,7.519150
364,643,1.500000,0.089520,0.134280,True,0.136155,0.001875,23.000000,6.000000,26837418.368106,40818338.615962,7.522685
364,643,2.000000,0.089520,0.179040,True,0.144754,-0.034286,28.000000,5.000000,26837418.368106,43396146.228605,7.591757
1301,523,1.250000,0.170207,0.212758,True,0.197095,-0.015663,42.000000,9.000000,51026680.990927,59087594.395542,5.615002
1301,523,1.500000,0.170207,0.255310,True,0.197095,-0.058215,42.000000,9.000000,51026680.990927,59087594.395542,5.915849
1301,523,2.000000,0.170207,0.340413,True,0.197095,-0.143318,42.000000,9.000000,51026680.990927,59087594.395542,5.644453
45,655,1.250000,0.128852,0.161065,True,0.162858,0.001793,30.000000,12.000000,38628883.409053,48823679.275614,5.475527
45,655,1.500000,0.128852,0.193278,True,0.162858,-0.030420,30.000000,12.000000,38628883.409053,48823679.275614,5.581442
45,655,2.000000,0.128852,0.257704,True,0.162858,-0.094846,30.000000,12.000000,38628883.409053,48823679.275614,5.466551
1038,215,1.250000,0.170241,0.212801,True,0.210632,-0.002170,46.000000,6.000000,51036960.400788,63145754.729160,6.817614
1038,215,1.500000,0.170241,0.255361,True,0.222471,-0.032891,17.000000,37.000000,51036960.400788,66695016.324723,7.321988
1038,215,2.000000,0.170241,0.340482,True,0.222471,-0.118011,17.000000,37.000000,51036960.400788,66695016.324723,6.838987
526,624,1.250000,0.080779,0.100974,True,0.101023,0.000050,3.000000,19.000000,24216919.858636,30285998.062482,6.883002
526,624,1.500000,0.080779,0.121168,True,0.123139,0.001970,6.000000,22.000000,24216919.858636,36916097.654136,6.970110
526,624,2.000000,0.080779,0.161558,True,0.123474,-0.038084,6.000000,20.000000,24216919.858636,37016600.692564,6.844084
1133,716,1.250000,0.069771,0.087213,True,0.092183,0.004970,22.000000,1.000000,20916729.650557,27635810.376508,7.365727
1133,716,1.500000,0.069771,0.104656,True,0.105400,0.000744,27.000000,0.000000,20916729.650557,31598221.984435,7.584463
1133,716,2.000000,0.069771,0.139541,True,0.131764,-0.007777,30.000000,2.000000,20916729.650557,39501863.475133,7.798600
100,343,1.250000,0.044107,0.055134,True,0.053971,-0.001163,11.000000,2.000000,13222889.959937,16180017.073484,7.344424
100,343,1.500000,0.044107,0.066160,True,0.067584,0.001424,14.000000,3.000000,13222889.959937,20261272.595471,7.391547
100,343,2.000000,0.044107,0.088214,True,0.085507,-0.002707,15.000000,4.000000,13222889.959937,25634293.312654,7.320508
1085,351,1.250000,0.163722,0.204652,True,0.182045,-0.022608,18.000000,29.000000,49082619.407599,54575604.312182,7.747363
1085,351,1.500000,0.163722,0.245583,True,0.182045,-0.063538,18.000000,29.000000,49082619.407599,54575604.312182,7.651982
1085,351,2.000000,0.163722,0.327444,True,0.182045,-0.145399,18.000000,29.000000,49082619.407599,54575604.312182,7.490800
1291,191,1.250000,0.079970,0.099963,True,0.102768,0.002805,22.000000,3.000000,23974535.614790,30809004.199186,6.119679
1291,191,1.500000,0.079970,0.119956,True,0.118025,-0.001930,24.000000,5.000000,23974535.614790,35383123.627379,5.993308
1291,191,2.000000,0.079970,0.159941,True,0.136624,-0.023317,27.000000,6.000000,23974535.614790,40958935.890102,6.039198
1497,188,1.250000,0.111335,0.139169,True,0.131652,-0.007517,20.000000,8.000000,33377457.331700,39468257.939284,4.077767
1497,188,1.500000,0.111335,0.167003,True,0.131652,-0.035351,20.000000,8.000000,33377457.331700,39468257.939284,4.483716
1497,188,2.000000,0.111335,0.222670,True,0.131652,-0.091018,20.000000,8.000000,33377457.331700,39468257.939284,4.134319
49,807,1.250000,0.176557,0.220696,True,0.221897,0.001201,47.000000,6.000000,52930505.202240,66523114.092044,6.756468
49,807,1.500000,0.176557,0.264836,True,0.222703,-0.042132,46.000000,9.000000,52930505.202240,66764772.689968,6.890352
49,807,2.000000,0.176557,0.353114,True,0.222703,-0.130411,46.000000,9.000000,52930505.202240,66764772.689968,6.737153
140,205,1.250000,0.018228,0.022785,True,0.031380,0.008595,6.000000,1.000000,5464692.238358,9407555.101235,6.191196
140,205,1.500000,0.018228,0.027342,True,0.031380,0.004038,6.000000,1.000000,5464692.238358,9407555.101235,6.229360
140,205,2.000000,0.018228,0.036457,True,0.040724,0.004268,8.000000,1.000000,5464692.238358,12208855.683106,6.240780
377,676,1.250000,0.100383,0.125478,True,0.121197,-0.004281,15.000000,14.000000,30093916.635844,36333966.981440,3.684572
377,676,1.500000,0.100383,0.150574,True,0.130119,-0.020455,13.000000,16.000000,30093916.635844,39008600.006302,3.648437
377,676,2.000000,0.100383,0.200765,True,0.130119,-0.070646,13.000000,16.000000,30093916.635844,39008600.006302,3.623781
270,421,1.250000,0.045579,0.056974,True,0.058150,0.001176,8.000000,5.000000,13664276.751654,17432878.068673,3.469383
270,421,1.500000,0.045579,0.068369,True,0.067564,-0.000804,10.000000,5.000000,13664276.751654,20255252.057297,3.238018
270,421,2.000000,0.045579,0.091158,True,0.080632,-0.010526,12.000000,5.000000,13664276.751654,24172918.248754,3.118082
1432,1461,1.250000,0.048221,0.060276,True,0.055918,-0.004358,6.000000,5.000000,14456257.950863,16763811.449617,1.673276
1432,1461,1.500000,0.048221,0.072331,True,0.055918,-0.016413,6.000000,5.000000,14456257.950863,16763811.449617,1.684909
1432,1461,2.000000,0.048221,0.096442,True,0.055918,-0.040524,6.000000,5.000000,14456257.950863,16763811.449617,1.660739
272,580,1.250000,0.049206,0.061508,True,0.056051,-0.005457,15.000000,0.000000,14751700.243950,16803769.986381,7.344357
272,580,1.500000,0.049206,0.073810,True,0.071967,-0.001843,16.000000,1.000000,14751700.243950,21575148.963411,7.457477
272,580,2.000000,0.049206,0.098413,True,0.097900,-0.000513,20.000000,1.000000,14751700.243950,29349676.885031,7.438889
421,752,1.250000,0.058450,0.073062,True,0.070845,-0.002217,5.000000,12.000000,17522735.624780,21238738.952224,6.112504
421,752,1.500000,0.058450,0.087674,True,0.089030,0.001355,9.000000,12.000000,17522735.624780,26690381.382178,6.223714
421,752,2.000000,0.058450,0.116899,True,0.098517,-0.018382,8.000000,15.000000,17522735.624780,29534768.507868,6.171625
1313,188,1.250000,0.087922,0.109902,True,0.110589,0.000687,22.000000,4.000000,26358229.142408,33153652.450130,7.385887
1313,188,1.500000,0.087922,0.131882,True,0.132617,0.000734,32.000000,3.000000,26358229.142408,39757436.386976,7.375033
1313,188,2.000000,0.087922,0.175843,True,0.137756,-0.038087,34.000000,3.000000,26358229.142408,41298311.596897,7.342162
451,86,1.250000,0.113374,0.141718,True,0.139879,-0.001839,22.000000,9.000000,33988700.736180,41934621.458772,7.722536
451,86,1.500000,0.113374,0.170061,True,0.168712,-0.001349,34.000000,5.000000,33988700.736180,50578510.428081,7.631960
451,86,2.000000,0.113374,0.226748,True,0.176907,-0.049841,18.000000,21.000000,33988700.736180,53035313.804673,7.516506
1318,687,1.250000,0.137493,0.171866,True,0.172241,0.000374,24.000000,20.000000,41219380.993033,51636449.303372,4.106397
1318,687,1.500000,0.137493,0.206240,True,0.172330,-0.033909,25.000000,19.000000,41219380.993033,51663307.995108,4.088655
1318,687,2.000000,0.137493,0.274986,True,0.172330,-0.102656,25.000000,19.000000,41219380.993033,51663307.995108,4.150666
1308,634,1.250000,0.154875,0.193593,True,0.193560,-0.000034,39.000000,8.000000,46430258.801627,58027706.566536,7.466081
1308,634,1.500000,0.154875,0.232312,True,0.206806,-0.025506,41.000000,8.000000,46430258.801627,61998824.031163,7.904179
1308,634,2.000000,0.154875,0.309749,True,0.206806,-0.102944,41.000000,8.000000,46430258.801627,61998824.031163,7.651243
119,1527,1.250000,0.027143,0.033928,True,0.036586,0.002658,5.000000,4.000000,8137194.104559,10968217.224347,6.358336
119,1527,1.500000,0.027143,0.040714,True,0.036586,-0.004128,5.000000,4.000000,8137194.104559,10968217.224347,6.461779
119,1527,2.000000,0.027143,0.054286,True,0.054645,0.000359,7.000000,6.000000,8137194.104559,16382036.176687,6.232340
1438,597,1.250000,0.152375,0.190469,True,0.185406,-0.005063,38.000000,6.000000,45680950.767031,55583448.236376,6.667862
1438,597,1.500000,0.152375,0.228563,True,0.185406,-0.043156,38.000000,6.000000,45680950.767031,55583448.236376,6.733284
1438,597,2.000000,0.152375,0.304751,True,0.185406,-0.119344,38.000000,6.000000,45680950.767031,55583448.236376,6.711483
1140,936,1.250000,0.070360,0.087950,True,0.088371,0.000421,16.000000,4.000000,21093451.928005,26493086.958790,5.290379
1140,936,1.500000,0.070360,0.105540,True,0.106259,0.000718,16.000000,8.000000,21093451.928005,31855575.140627,5.498931
1140,936,2.000000,0.070360,0.140720,True,0.106259,-0.034462,16.000000,8.000000,21093451.928005,31855575.140627,5.241340
133,1566,1.250000,0.041692,0.052115,True,0.053261,0.001145,6.000000,5.000000,12499041.992109,15967106.925168,4.842217
133,1566,1.500000,0.041692,0.062538,True,0.065969,0.003430,10.000000,3.000000,12499041.992109,19776999.868163,4.865901
133,1566,2.000000,0.041692,0.083385,True,0.079265,-0.004120,11.000000,4.000000,12499041.992109,23762929.217553,5.032215
397,773,1.250000,0.070612,0.088266,False,,,,,21169076.845046,,1.433307
397,773,1.500000,0.070612,0.105919,False,,,,,21169076.845046,,1.445887
397,773,2.000000,0.070612,0.141225,False,,,,,21169076.845046,,1.448119
1218,845,1.250000,0.065388,0.081735,True,0.083722,0.001987,23.000000,0.000000,19602756.722083,25099148.241684,6.423811
1218,845,1.500000,0.065388,0.098082,True,0.097171,-0.000911,26.000000,1.000000,19602756.722083,29131138.823587,6.296447
1218,845,2.000000,0.065388,0.130776,True,0.113922,-0.016853,26.000000,1.000000,19602756.722083,34153089.514842,6.425584
1391,1440,1.250000,0.039401,0.049251,True,0.047176,-0.002075,6.000000,4.000000,11812101.997190,14143003.689369,3.011024
1391,1440,1.500000,0.039401,0.059101,True,0.056508,-0.002594,7.000000,5.000000,11812101.997190,16940541.730882,3.083209
1391,1440,2.000000,0.039401,0.078802,True,0.056508,-0.022294,7.000000,5.000000,11812101.997190,16940541.730882,3.055587
937,998,1.250000,0.043693,0.054617,True,0.054648,0.000031,10.000000,0.000000,13098969.604683,16383137.241839,7.773077
937,998,1.500000,0.043693,0.065540,True,0.059560,-0.005980,11.000000,0.000000,13098969.604683,17855771.555132,7.570496
937,998,2.000000,0.043693,0.087387,True,0.076700,-0.010687,14.000000,0.000000,13098969.604683,22994063.930972,7.682852
16,930,1.250000,0.163491,0.204363,True,0.207323,0.002959,48.000000,1.000000,49013276.564095,62153805.364741,6.626352
16,930,1.500000,0.163491,0.245236,True,0.207476,-0.037760,48.000000,1.000000,49013276.564095,62199812.566476,6.580425
16,930,2.000000,0.163491,0.326981,True,0.207476,-0.119505,48.000000,1.000000,49013276.564095,62199812.566476,6.529451
538,976,1.250000,0.079059,0.098823,True,0.098769,-0.000054,24.000000,1.000000,23701211.925247,29610278.183525,6.073685
538,976,1.500000,0.079059,0.118588,True,0.098769,-0.019819,24.000000,1.000000,23701211.925247,29610278.183525,6.061323
538,976,2.000000,0.079059,0.158117,True,0.098769,-0.059348,24.000000,1.000000,23701211.925247,29610278.183525,5.890338
1176,315,1.250000,0.127309,0.159136,True,0.158756,-0.000380,34.000000,5.000000,38166237.262038,47593850.438852,7.532789
1176,315,1.500000,0.127309,0.190963,True,0.190464,-0.000499,38.000000,7.000000,38166237.262038,57099768.523476,7.574321
1176,315,2.000000,0.127309,0.254618,True,0.194709,-0.059909,40.000000,6.000000,38166237.262038,58372171.181714,7.343885
1011,190,1.250000,0.160425,0.200532,True,0.201014,0.000483,29.000000,20.000000,48094278.791567,60262518.816460,5.774493
1011,190,1.500000,0.160425,0.240638,True,0.201123,-0.039515,32.000000,17.000000,48094278.791567,60295031.201151,5.696819
1011,190,2.000000,0.160425,0.320850,True,0.201123,-0.119728,32.000000,17.000000,48094278.791567,60295031.201151,5.886552
1565,309,1.250000,0.061614,0.077017,True,0.076535,-0.000482,9.000000,11.000000,18471285.166197,22944608.974032,4.168335
1565,309,1.500000,0.061614,0.092420,True,0.093987,0.001566,13.000000,11.000000,18471285.166197,28176492.956257,4.431713
1565,309,2.000000,0.061614,0.123227,True,0.103019,-0.020209,15.000000,11.000000,18471285.166197,30884201.764172,4.270061
1355,625,1.250000,0.135104,0.168880,True,0.168187,-0.000693,37.000000,9.000000,40503254.623273,50421169.798486,7.688647
1355,625,1.500000,0.135104,0.202656,True,0.195215,-0.007442,42.000000,8.000000,40503254.623273,58523841.629386,7.693136
1355,625,2.000000,0.135104,0.270209,True,0.214658,-0.055551,41.000000,11.000000,40503254.623273,64352701.573800,7.597242
1112,1404,1.250000,0.083587,0.104483,True,0.104274,-0.000210,15.000000,7.000000,25058663.422150,31260457.565594,7.040086
1112,1404,1.500000,0.083587,0.125380,True,0.106926,-0.018454,16.000000,6.000000,25058663.422150,32055536.705971,7.288277
1112,1404,2.000000,0.083587,0.167173,True,0.106926,-0.060248,16.000000,6.000000,25058663.422150,32055536.705971,7.147396
1432,81,1.250000,0.091769,0.114711,True,0.112063,-0.002648,18.000000,4.000000,27511540.217872,33595526.456094,4.475376
1432,81,1.500000,0.091769,0.137653,True,0.121090,-0.016563,19.000000,7.000000,27511540.217872,36301958.595881,4.536796
1432,81,2.000000,0.091769,0.183537,True,0.121090,-0.062447,19.000000,7.000000,27511540.217872,36301958.595881,4.641538
1314,1412,1.250000,0.080759,0.100949,True,0.102690,0.001741,10.000000,12.000000,24210979.379435,30785699.561377,6.729303
1314,1412,1.500000,0.080759,0.121139,True,0.125131,0.003993,9.000000,15.000000,24210979.379435,37513428.834202,6.811710
1314,1412,2.000000,0.080759,0.161518,True,0.125131,-0.036387,9.000000,15.000000,24210979.379435,37513428.834202,7.127743
1182,1307,1.250000,0.065448,0.081810,True,0.082195,0.000385,16.000000,2.000000,19620907.927627,24641456.819753,5.969849
1182,1307,1.500000,0.065448,0.098172,True,0.099926,0.001754,17.000000,5.000000,19620907.927627,29957158.037105,5.906221
1182,1307,2.000000,0.065448,0.130897,True,0.100679,-0.030217,20.000000,2.000000,19620907.927627,30182940.980835,5.943204
1158,416,1.250000,0.154965,0.193706,True,0.193243,-0.000463,17.000000,30.000000,46457352.935726,57932858.156135,5.016935
1158,416,1.500000,0.154965,0.232448,True,0.193243,-0.039204,17.000000,30.000000,46457352.935726,57932858.156135,4.961852
1158,416,2.000000,0.154965,0.309930,True,0.193243,-0.116687,17.000000,30.000000,46457352.935726,57932858.156135,5.078861
1561,1573,1.250000,0.070086,0.087607,True,0.086521,-0.001086,14.000000,2.000000,21011246.180925,25938421.741984,7.340721
1561,1573,1.500000,0.070086,0.105129,True,0.095358,-0.009771,17.000000,1.000000,21011246.180925,28587490.391465,7.460336
1561,1573,2.000000,0.070086,0.140172,True,0.095358,-0.044814,17.000000,1.000000,21011246.180925,28587490.391465,7.472072
117,824,1.250000,0.125186,0.156482,True,0.157781,0.001299,41.000000,1.000000,37529713.117629,47301617.779517,5.444124
117,824,1.500000,0.125186,0.187778,True,0.170879,-0.016899,43.000000,1.000000,37529713.117629,51228356.826345,5.497436
117,824,2.000000,0.125186,0.250371,True,0.170879,-0.079492,43.000000,1.000000,37529713.117629,51228356.826345,5.523923
1323,547,1.250000,0.157058,0.196323,True,0.173714,-0.022609,16.000000,29.000000,47084906.203682,52078241.856382,4.527303
1323,547,1.500000,0.157058,0.235588,True,0.173714,-0.061873,16.000000,29.000000,47084906.203682,52078241.856382,4.347390
1323,547,2.000000,0.157058,0.314117,True,0.173714,-0.140402,16.000000,29.000000,47084906.203682,52078241.856382,4.338188
1088,787,1.250000,0.091611,0.114514,True,0.113872,-0.000641,18.000000,6.000000,27464261.338332,34138076.988738,7.256818
1088,787,1.500000,0.091611,0.137416,True,0.129785,-0.007632,25.000000,5.000000,27464261.338332,38908518.197162,7.356731
1088,787,2.000000,0.091611,0.183222,True,0.129785,-0.053437,25.000000,5.000000,27464261.338332,38908518.197162,7.350020
1037,1408,1.250000,0.074064,0.092580,True,0.094389,0.001809,21.000000,4.000000,22203864.147505,28297217.582967,6.958704
1037,1408,1.500000,0.074064,0.111096,True,0.111814,0.000718,24.000000,5.000000,22203864.147505,33521092.728569,7.350535
1037,1408,2.000000,0.074064,0.148128,True,0.117248,-0.030881,28.000000,1.000000,22203864.147505,35149935.633142,6.861168
1210,363,1.250000,0.178700,0.223375,True,0.187018,-0.036356,45.000000,2.000000,53572794.286069,56066731.227445,7.648552
1210,363,1.500000,0.178700,0.268049,True,0.187018,-0.081031,45.000000,2.000000,53572794.286069,56066731.227445,7.341097
1210,363,2.000000,0.178700,0.357399,True,0.187018,-0.170381,45.000000,2.000000,53572794.286069,56066731.227445,7.396412
778,884,1.250000,0.042760,0.053450,True,0.053467,0.000018,10.000000,0.000000,12819099.437064,16029131.043914,3.837169
778,884,1.500000,0.042760,0.064140,True,0.062574,-0.001566,12.000000,0.000000,12819099.437064,18759129.023015,3.965761
778,884,2.000000,0.042760,0.085520,True,0.066405,-0.019115,12.000000,0.000000,12819099.437064,19907732.145554,3.841090
1316,365,1.250000,0.130505,0.163131,True,0.160361,-0.002770,35.000000,6.000000,39124392.705050,48074922.417597,6.741974
1316,365,1.500000,0.130505,0.195757,True,0.173994,-0.021764,32.000000,11.000000,39124392.705050,52162050.274139,6.713915
1316,365,2.000000,0.130505,0.261010,True,0.173994,-0.087016,32.000000,11.000000,39124392.705050,52162050.274139,7.056079
1132,765,1.250000,0.102585,0.128232,True,0.127482,-0.000750,23.000000,7.000000,30754276.490960,38218070.601861,7.308862
1132,765,1.500000,0.102585,0.153878,True,0.153847,-0.000031,26.000000,8.000000,30754276.490960,46122129.467239,7.590724
1132,765,2.000000,0.102585,0.205170,True,0.153847,-0.051324,26.000000,8.000000,30754276.490960,46122129.467239,7.314747
231,554,1.250000,0.096097,0.120122,True,0.119665,-0.000456,20.000000,5.000000,28809247.551421,35874758.582454,7.443700
231,554,1.500000,0.096097,0.144146,True,0.144880,0.000734,26.000000,5.000000,28809247.551421,43433829.039807,7.610436
231,554,2.000000,0.096097,0.192195,True,0.159377,-0.032818,30.000000,5.000000,28809247.551421,47779882.824150,7.526054
1061,464,1.250000,0.110668,0.138335,True,0.133994,-0.004341,20.000000,13.000000,33177431.878176,40170528.466827,7.326669
1061,464,1.500000,0.110668,0.166002,True,0.133994,-0.032008,20.000000,13.000000,33177431.878176,40170528.466827,7.622030
1061,464,2.000000,0.110668,0.221336,True,0.133994,-0.087342,20.000000,13.000000,33177431.878176,40170528.466827,7.309892
530,798,1.250000,0.067230,0.084038,False,,,,,20155188.000311,,1.515060
530,798,1.500000,0.067230,0.100846,False,,,,,20155188.000311,,1.538246
530,798,2.000000,0.067230,0.134461,False,,,,,20155188.000311,,1.536565
755,76,1.250000,0.120713,0.150891,True,0.148870,-0.002021,34.000000,5.000000,36188811.109072,44630243.470178,5.859459
755,76,1.500000,0.120713,0.181069,True,0.162731,-0.018338,38.000000,5.000000,36188811.109072,48785654.495810,5.714011
755,76,2.000000,0.120713,0.241426,True,0.162731,-0.078694,38.000000,5.000000,36188811.109072,48785654.495810,5.698068
1277,670,1.250000,0.151431,0.189289,True,0.183868,-0.005421,40.000000,6.000000,45397925.805648,55122215.297075,4.730088
1277,670,1.500000,0.151431,0.227147,True,0.183868,-0.043279,40.000000,6.000000,45397925.805648,55122215.297075,4.917684
1277,670,2.000000,0.151431,0.302862,True,0.183868,-0.118994,40.000000,6.000000,45397925.805648,55122215.297075,4.887357
390,981,1.250000,0.110531,0.138164,True,0.139106,0.000942,31.000000,4.000000,33136390.627185,41702891.303205,7.276883
390,981,1.500000,0.110531,0.165797,True,0.152381,-0.013415,33.000000,4.000000,33136390.627185,45682724.503033,7.531729
390,981,2.000000,0.110531,0.221062,True,0.152381,-0.068681,33.000000,4.000000,33136390.627185,45682724.503033,7.311417
1278,966,1.250000,0.074046,0.092558,True,0.090217,-0.002341,14.000000,8.000000,22198449.174301,27046350.389416,6.666045
1278,966,1.500000,0.074046,0.111069,True,0.109413,-0.001657,11.000000,17.000000,22198449.174301,32801063.623824,6.562207
1278,966,2.000000,0.074046,0.148092,True,0.109413,-0.038680,11.000000,17.000000,22198449.174301,32801063.623824,6.745592
1342,1409,1.250000,0.015155,0.018944,True,0.017419,-0.001525,4.000000,1.000000,4543352.309478,5222024.277620,5.251358
1342,1409,1.500000,0.015155,0.022732,True,0.017419,-0.005314,4.000000,1.000000,4543352.309478,5222024.277620,5.439488
1342,1409,2.000000,0.015155,0.030310,True,0.030656,0.000346,3.000000,4.000000,4543352.309478,9190520.241220,5.305650
63,730,1.250000,0.148494,0.185618,True,0.186668,0.001050,24.000000,25.000000,44517525.797407,55961577.355192,7.349979
63,730,1.500000,0.148494,0.222742,True,0.209846,-0.012895,34.000000,17.000000,44517525.797407,62910321.924396,7.646841
63,730,2.000000,0.148494,0.296989,True,0.209846,-0.087143,34.000000,17.000000,44517525.797407,62910321.924396,7.330660
495,597,1.250000,0.070024,0.087530,True,0.088177,0.000647,10.000000,6.000000,20992602.600140,26434860.250943,7.457943
495,597,1.500000,0.070024,0.105036,True,0.101404,-0.003632,12.000000,6.000000,20992602.600140,30400068.708062,7.523103
495,597,2.000000,0.070024,0.140048,True,0.101404,-0.038644,12.000000,6.000000,20992602.600140,30400068.708062,7.589206
1003,258,1.250000,0.135534,0.169417,True,0.167831,-0.001586,40.000000,2.000000,40631990.681427,50314369.161873,7.654907
1003,258,1.500000,0.135534,0.203301,True,0.196922,-0.006379,41.000000,7.000000,40631990.681427,59035605.435549,7.757266
1003,258,2.000000,0.135534,0.271067,True,0.196922,-0.074146,41.000000,7.000000,40631990.681427,59035605.435549,7.544944
1255,550,1.250000,0.111204,0.139005,True,0.136257,-0.002748,13.000000,25.000000,33338211.128973,40848876.392522,5.066156
1255,550,1.500000,0.111204,0.166806,True,0.167448,0.000641,13.000000,29.000000,33338211.128973,50199513.102879,5.031711
1255,550,2.000000,0.111204,0.222409,True,0.167448,-0.054961,13.000000,29.000000,33338211.128973,50199513.102879,5.177994
1258,933,1.250000,0.084901,0.106126,True,0.104094,-0.002032,23.000000,2.000000,25452604.880228,31206472.767009,7.066567
1258,933,1.500000,0.084901,0.127351,True,0.127349,-0.000002,26.000000,5.000000,25452604.880228,38178411.340250,7.058102
1258,933,2.000000,0.084901,0.169802,True,0.127349,-0.042452,26.000000,5.000000,25452604.880228,38178411.340250,6.912480
173,321,1.250000,0.062127,0.077659,True,0.079141,0.001482,14.000000,2.000000,18625211.836378,23725922.208528,7.144742
173,321,1.500000,0.062127,0.093191,True,0.082872,-0.010319,14.000000,2.000000,18625211.836378,24844288.553691,7.264137
173,321,2.000000,0.062127,0.124254,True,0.082872,-0.041382,14.000000,2.000000,18625211.836378,24844288.553691,7.150813
430,591,1.250000,0.067923,0.084904,True,0.089195,0.004291,15.000000,2.000000,20362805.946356,26739945.608733,7.786863
430,591,1.500000,0.067923,0.101885,True,0.093143,-0.008742,16.000000,1.000000,20362805.946356,27923470.685178,7.602784
430,591,2.000000,0.067923,0.135846,True,0.093143,-0.042703,16.000000,1.000000,20362805.946356,27923470.685178,7.535416
153,864,1.250000,0.155081,0.193851,True,0.180362,-0.013488,26.000000,19.000000,46492008.793922,54071261.392827,2.807107
153,864,1.500000,0.155081,0.232621,True,0.180362,-0.052259,26.000000,19.000000,46492008.793922,54071261.392827,2.602818
153,864,2.000000,0.155081,0.310161,True,0.180362,-0.129799,26.000000,19.000000,46492008.793922,54071261.392827,2.644937
1011,914,1.250000,0.072301,0.090377,True,0.090243,-0.000133,8.000000,8.000000,21675410.505612,27054268.868478,3.470112
1011,914,1.500000,0.072301,0.108452,True,0.107398,-0.001054,9.000000,11.000000,21675410.505612,32197143.667076,3.485071
1011,914,2.000000,0.072301,0.144603,True,0.112299,-0.032304,10.000000,12.000000,21675410.505612,33666459.483349,3.506421
1085,1428,1.250000,0.106935,0.133668,True,0.129382,-0.004286,28.000000,3.000000,32058234.585389,38787883.798807,7.569793
1085,1428,1.500000,0.106935,0.160402,True,0.138058,-0.022344,28.000000,5.000000,32058234.585389,41388886.282352,7.788115
1085,1428,2.000000,0.106935,0.213870,True,0.138058,-0.075811,28.000000,5.000000,32058234.585389,41388886.282352,7.489093
1567,206,1.250000,0.054865,0.068581,True,0.067907,-0.000673,13.000000,3.000000,16448011.343801,20358104.956273,7.260327
1567,206,1.500000,0.054865,0.082297,True,0.087712,0.005415,19.000000,1.000000,16448011.343801,26295497.554136,7.185726
1567,206,2.000000,0.054865,0.109729,True,0.095328,-0.014401,22.000000,0.000000,16448011.343801,28578761.427776,7.123545
464,92,1.250000,0.072281,0.090352,True,0.088061,-0.002291,9.000000,13.000000,21669405.673919,26399930.788952,2.606269
464,92,1.500000,0.072281,0.108422,True,0.088061,-0.020361,9.000000,13.000000,21669405.673919,26399930.788952,2.548756
464,92,2.000000,0.072281,0.144563,True,0.088061,-0.056502,9.000000,13.000000,21669405.673919,26399930.788952,2.538797
491,522,1.250000,0.063458,0.079323,True,0.079126,-0.000197,15.000000,0.000000,19024271.521673,23721376.271269,7.172481
491,522,1.500000,0.063458,0.095187,True,0.097212,0.002025,14.000000,3.000000,19024271.521673,29143511.977987,7.162122
491,522,2.000000,0.063458,0.126916,True,0.097353,-0.029563,14.000000,3.000000,19024271.521673,29185669.570192,7.301836
1243,712,1.250000,0.097991,0.122489,True,0.124256,0.001767,29.000000,3.000000,29377104.459034,37250966.989428,7.559015
1243,712,1.500000,0.097991,0.146987,True,0.128075,-0.018912,29.000000,3.000000,29377104.459034,38395933.422485,7.905613
1243,712,2.000000,0.097991,0.195983,True,0.128075,-0.067908,29.000000,3.000000,29377104.459034,38395933.422485,7.449011
1554,949,1.250000,0.159068,0.198835,True,0.184704,-0.014131,29.000000,14.000000,47687268.763180,55372737.511037,7.200913
1554,949,1.500000,0.159068,0.238601,True,0.184704,-0.053898,29.000000,14.000000,47687268.763180,55372737.511037,7.263969
1554,949,2.000000,0.159068,0.318135,True,0.184704,-0.133432,29.000000,14.000000,47687268.763180,55372737.511037,7.271865
1384,139,1.250000,0.111394,0.139242,True,0.141348,0.002106,21.000000,9.000000,33394997.096142,42375111.689855,4.900634
1384,139,1.500000,0.111394,0.167091,True,0.158642,-0.008449,25.000000,13.000000,33394997.096142,47559610.346309,4.914227
1384,139,2.000000,0.111394,0.222787,True,0.158642,-0.064146,25.000000,13.000000,33394997.096142,47559610.346309,4.928860
262,770,1.250000,0.091587,0.114484,True,0.112323,-0.002161,11.000000,20.000000,27457194.593964,33673544.090169,4.383646
262,770,1.500000,0.091587,0.137381,True,0.134351,-0.003030,14.000000,21.000000,27457194.593964,40277556.559736,4.250771
262,770,2.000000,0.091587,0.183175,True,0.134351,-0.048823,14.000000,21.000000,27457194.593964,40277556.559736,4.403975
12,379,1.250000,0.102580,0.128224,True,0.130697,0.002472,28.000000,1.000000,30752574.887594,39181943.257265,7.482631
12,379,1.500000,0.102580,0.153869,True,0.130697,-0.023172,28.000000,1.000000,30752574.887594,39181943.257265,7.124524
12,379,2.000000,0.102580,0.205159,True,0.130697,-0.074462,28.000000,1.000000,30752574.887594,39181943.257265,7.222388
50,99,1.250000,0.039311,0.049138,True,0.050461,0.001322,9.000000,1.000000,11785067.681302,15127685.092598,6.941520
50,99,1.500000,0.039311,0.058966,True,0.059658,0.000692,9.000000,3.000000,11785067.681302,17885007.772227,7.060764
50,99,2.000000,0.039311,0.078622,True,0.077418,-0.001203,14.000000,2.000000,11785067.681302,23209365.053947,7.093773
1442,849,1.250000,0.097008,0.121260,True,0.121342,0.000082,26.000000,7.000000,29082250.419567,36377306.244001,7.301730
1442,849,1.500000,0.097008,0.145512,True,0.144838,-0.000674,34.000000,3.000000,29082250.419567,43421288.520046,7.250641
1442,849,2.000000,0.097008,0.194016,True,0.158103,-0.035913,35.000000,4.000000,29082250.419567,47398048.960396,7.670180
27,436,1.250000,0.117915,0.147394,True,0.139845,-0.007550,30.000000,4.000000,35350152.394232,41924334.494234,6.702001
27,436,1.500000,0.117915,0.176873,True,0.139845,-0.037029,30.000000,4.000000,35350152.394232,41924334.494234,6.928100
27,436,2.000000,0.117915,0.235831,True,0.139845,-0.095986,30.000000,4.000000,35350152.394232,41924334.494234,6.718760
1091,1380,1.250000,0.062821,0.078526,True,0.078640,0.000115,17.000000,2.000000,18833188.809546,23575813.857945,6.734860
1091,1380,1.500000,0.062821,0.094231,True,0.094598,0.000367,16.000000,5.000000,18833188.809546,28359697.667754,6.711722
1091,1380,2.000000,0.062821,0.125642,True,0.094598,-0.031044,16.000000,5.000000,18833188.809546,28359697.667754,6.787456
1060,506,1.250000,0.106787,0.133484,True,0.136724,0.003240,10.000000,26.000000,32014050.636553,40988913.650135,6.822531
1060,506,1.500000,0.106787,0.160181,True,0.136724,-0.023457,10.000000,26.000000,32014050.636553,40988913.650135,6.933352
1060,506,2.000000,0.106787,0.213575,True,0.136724,-0.076850,10.000000,26.000000,32014050.636553,40988913.650135,7.244237
1312,634,1.250000,0.136823,0.171028,True,0.170037,-0.000991,37.000000,5.000000,41018404.546905,50975796.410178,6.692376
1312,634,1.500000,0.136823,0.205234,True,0.203204,-0.002030,36.000000,11.000000,41018404.546905,60919014.712307,6.809508
1312,634,2.000000,0.136823,0.273645,True,0.203204,-0.070441,36.000000,11.000000,41018404.546905,60919014.712307,6.875630
1508,201,1.250000,0.102677,0.128346,True,0.126582,-0.001764,20.000000,9.000000,30781728.801707,37948262.029386,6.644058
1508,201,1.500000,0.102677,0.154015,True,0.126582,-0.027433,20.000000,9.000000,30781728.801707,37948262.029386,6.796781
1508,201,2.000000,0.102677,0.205354,True,0.126582,-0.078772,20.000000,9.000000,30781728.801707,37948262.029386,6.772790
799,897,1.250000,0.078607,0.098258,True,0.090917,-0.007341,13.000000,4.000000,23565704.727921,27256243.461008,5.709992
799,897,1.500000,0.078607,0.117910,True,0.090917,-0.026993,13.000000,4.000000,23565704.727921,27256243.461008,5.960856
799,897,2.000000,0.078607,0.157213,True,0.090917,-0.066296,13.000000,4.000000,23565704.727921,27256243.461008,6.139654
1206,662,1.250000,0.117826,0.147283,True,0.143253,-0.004030,11.000000,26.000000,35323480.469794,42946185.553791,3.671246
1206,662,1.500000,0.117826,0.176740,True,0.143253,-0.033487,11.000000,26.000000,35323480.469794,42946185.553791,3.526029
1206,662,2.000000,0.117826,0.235653,True,0.143253,-0.092400,11.000000,26.000000,35323480.469794,42946185.553791,3.620442
688,898,1.250000,0.093876,0.117345,True,0.116723,-0.000622,7.000000,17.000000,28143220.646589,34992694.120027,6.125446
688,898,1.500000,0.093876,0.140814,True,0.133085,-0.007728,17.000000,9.000000,28143220.646589,39897986.053983,6.442263
688,898,2.000000,0.093876,0.187751,True,0.133085,-0.054666,17.000000,9.000000,28143220.646589,39897986.053983,6.184784
1331,686,1.250000,0.139398,0.174247,True,0.178167,0.003920,32.000000,11.000000,41790449.328829,53413242.519817,7.382470
1331,686,1.500000,0.139398,0.209097,True,0.209068,-0.000029,39.000000,14.000000,41790449.328829,62676972.779512,7.606312
1331,686,2.000000,0.139398,0.278796,True,0.216578,-0.062218,17.000000,34.000000,41790449.328829,64928449.090359,7.595136
334,568,1.250000,0.085170,0.106462,True,0.106421,-0.000041,9.000000,12.000000,25533220.557762,31904222.969356,6.016775
334,568,1.500000,0.085170,0.127754,True,0.128464,0.000710,12.000000,13.000000,25533220.557762,38512558.985765,5.740472
334,568,2.000000,0.085170,0.170339,True,0.129103,-0.041237,12.000000,15.000000,25533220.557762,38703982.416269,5.665052
1164,733,1.250000,0.120017,0.150021,True,0.149965,-0.000056,21.000000,14.000000,35980168.460542,44958387.229549,5.512229
1164,733,1.500000,0.120017,0.180025,True,0.162960,-0.017066,25.000000,12.000000,35980168.460542,48854068.093484,5.321297
1164,733,2.000000,0.120017,0.240034,True,0.162960,-0.077074,25.000000,12.000000,35980168.460542,48854068.093484,5.253164
284,624,1.250000,0.117962,0.147453,True,0.138643,-0.008810,12.000000,21.000000,35364189.352285,41564132.299783,4.147272
284,624,1.500000,0.117962,0.176943,True,0.138643,-0.038300,12.000000,21.000000,35364189.352285,41564132.299783,4.131650
284,624,2.000000,0.117962,0.235924,True,0.138643,-0.097281,12.000000,21.000000,35364189.352285,41564132.299783,4.028751
439,752,1.250000,0.080627,0.100784,True,0.101430,0.000646,5.000000,20.000000,24171363.719500,30407882.799374,5.281938
439,752,1.500000,0.080627,0.120940,True,0.119381,-0.001559,6.000000,23.000000,24171363.719500,35789666.572955,5.227033
439,752,2.000000,0.080627,0.161254,True,0.132736,-0.028518,6.000000,25.000000,24171363.719500,39793114.072353,5.273952
1119,830,1.250000,0.064353,0.080441,True,0.081247,0.000806,7.000000,12.000000,19292540.163117,24357321.560290,6.563000
1119,830,1.500000,0.064353,0.096529,True,0.095169,-0.001360,5.000000,16.000000,19292540.163117,28531063.852464,6.343379
1119,830,2.000000,0.064353,0.128706,True,0.116499,-0.012207,10.000000,15.000000,19292540.163117,34925523.653324,6.487013
1308,1384,1.250000,0.074188,0.092735,True,0.094902,0.002166,11.000000,9.000000,22241045.863837,28450785.627520,7.413051
1308,1384,1.500000,0.074188,0.111282,True,0.094902,-0.016381,11.000000,9.000000,22241045.863837,28450785.627520,7.560152
1308,1384,2.000000,0.074188,0.148376,True,0.094902,-0.053475,11.000000,9.000000,22241045.863837,28450785.627520,7.397530
1293,1490,1.250000,0.040875,0.051093,True,0.048939,-0.002154,9.000000,2.000000,12253904.780551,14671519.410087,6.633498
1293,1490,1.500000,0.040875,0.061312,True,0.063716,0.002404,13.000000,2.000000,12253904.780551,19101565.894531,6.528543
1293,1490,2.000000,0.040875,0.081749,True,0.084901,0.003152,14.000000,4.000000,12253904.780551,25452655.394920,6.530497
868,920,1.250000,0.059011,0.073763,True,0.074976,0.001213,12.000000,1.000000,17690928.371974,22477303.537066,6.940772
868,920,1.500000,0.059011,0.088516,True,0.074976,-0.013540,12.000000,1.000000,17690928.371974,22477303.537066,6.690386
868,920,2.000000,0.059011,0.118021,True,0.074976,-0.043045,12.000000,1.000000,17690928.371974,22477303.537066,6.644371
234,903,1.250000,0.161675,0.202094,True,0.200832,-0.001262,30.000000,19.000000,48468972.835613,60207776.030591,6.613646
234,903,1.500000,0.161675,0.242513,True,0.205432,-0.037080,30.000000,19.000000,48468972.835613,61587061.897059,6.719459
234,903,2.000000,0.161675,0.323350,True,0.205432,-0.117918,30.000000,19.000000,48468972.835613,61587061.897059,6.797700
1214,1411,1.250000,0.037256,0.046570,True,0.054165,0.007595,8.000000,5.000000,11169142.909760,16238367.553568,6.718384
1214,1411,1.500000,0.037256,0.055884,True,0.054165,-0.001719,8.000000,5.000000,11169142.909760,16238367.553568,6.704916
1214,1411,2.000000,0.037256,0.074513,True,0.074207,-0.000306,11.000000,6.000000,11169142.909760,22246645.001952,6.715348
1384,573,1.250000,0.137385,0.171731,True,0.167576,-0.004154,33.000000,11.000000,41186849.459515,50238129.321012,5.090635
1384,573,1.500000,0.137385,0.206077,True,0.167576,-0.038500,33.000000,11.000000,41186849.459515,50238129.321012,4.912707
1384,573,2.000000,0.137385,0.274769,True,0.167576,-0.107193,33.000000,11.000000,41186849.459515,50238129.321012,4.773707
291,399,1.250000,0.029706,0.037132,True,0.036946,-0.000186,6.000000,2.000000,8905522.565458,11076026.283763,6.080353
291,399,1.500000,0.029706,0.044558,True,0.044883,0.000324,3.000000,7.000000,8905522.565458,13455503.699531,5.951711
291,399,2.000000,0.029706,0.059411,True,0.059149,-0.000263,7.000000,7.000000,8905522.565458,17732332.462436,6.057949
1048,1182,1.250000,0.034324,0.042905,True,0.043026,0.000121,10.000000,1.000000,10290062.834909,12898854.318968,6.539915
1048,1182,1.500000,0.034324,0.051486,True,0.050770,-0.000716,9.000000,2.000000,10290062.834909,15220574.873551,6.542599
1048,1182,2.000000,0.034324,0.068648,True,0.069331,0.000683,10.000000,5.000000,10290062.834909,20784799.166355,6.426781
1360,87,1.250000,0.065926,0.082408,True,0.081516,-0.000891,11.000000,9.000000,19764145.135286,24437922.407254,2.128177
1360,87,1.500000,0.065926,0.098889,True,0.081516,-0.017373,11.000000,9.000000,19764145.135286,24437922.407254,2.182037
1360,87,2.000000,0.065926,0.131852,True,0.081516,-0.050336,11.000000,9.000000,19764145.135286,24437922.407254,2.183170
500,718,1.250000,0.048431,0.060538,True,0.061288,0.000750,15.000000,0.000000,14519099.378534,18373601.603905,6.895800
500,718,1.500000,0.048431,0.072646,True,0.074568,0.001922,16.000000,1.000000,14519099.378534,22354815.685382,6.538413
500,718,2.000000,0.048431,0.096861,True,0.091636,-0.005225,16.000000,3.000000,14519099.378534,27471897.647918,6.714519
1003,766,1.250000,0.071481,0.089352,True,0.087021,-0.002331,17.000000,2.000000,21429589.643559,26088162.272433,7.071689
1003,766,1.500000,0.071481,0.107222,True,0.094604,-0.012618,17.000000,2.000000,21429589.643559,28361671.350512,7.146077
1003,766,2.000000,0.071481,0.142963,True,0.094604,-0.048358,17.000000,2.000000,21429589.643559,28361671.350512,7.027131
1183,669,1.250000,0.128744,0.160930,True,0.160596,-0.000333,33.000000,7.000000,38596394.447591,48145534.047485,6.116303
1183,669,1.500000,0.128744,0.193116,True,0.179158,-0.013958,40.000000,6.000000,38596394.447591,53710155.545933,6.213534
1183,669,2.000000,0.128744,0.257487,True,0.179158,-0.078330,40.000000,6.000000,38596394.447591,53710155.545933,6.277691
1011,1360,1.250000,0.072533,0.090666,True,0.089372,-0.001294,6.000000,16.000000,21744873.060142,26793027.332673,6.228949
1011,1360,1.500000,0.072533,0.108800,True,0.109543,0.000744,13.000000,13.000000,21744873.060142,32840296.917973,5.827086
1011,1360,2.000000,0.072533,0.145066,True,0.113894,-0.031172,15.000000,11.000000,21744873.060142,34144563.416375,6.029984
695,733,1.250000,0.045794,0.057242,True,0.057188,-0.000055,11.000000,2.000000,13728655.327008,17144397.225013,7.577650
695,733,1.500000,0.045794,0.068691,True,0.070178,0.001487,12.000000,3.000000,13728655.327008,21038798.283731,7.805179
695,733,2.000000,0.045794,0.091588,True,0.071005,-0.020583,12.000000,3.000000,13728655.327008,21286777.842290,7.617696
1344,813,1.250000,0.102613,0.128267,True,0.127392,-0.000875,19.000000,18.000000,30762695.442317,38191129.957706,4.499906
1344,813,1.500000,0.102613,0.153920,True,0.149579,-0.004341,24.000000,17.000000,30762695.442317,44842771.060635,4.849244
1344,813,2.000000,0.102613,0.205227,True,0.149579,-0.055647,24.000000,17.000000,30762695.442317,44842771.060635,4.775525
1427,529,1.250000,0.130866,0.163583,True,0.164210,0.000627,15.000000,30.000000,39232722.731556,49228876.381023,3.814928
1427,529,1.500000,0.130866,0.196299,True,0.164210,-0.032090,15.000000,30.000000,39232722.731556,49228876.381023,3.839956
1427,529,2.000000,0.130866,0.261733,True,0.164210,-0.097523,15.000000,30.000000,39232722.731556,49228876.381023,4.174601
1009,1237,1.250000,0.087232,0.109040,True,0.104054,-0.004986,15.000000,9.000000,26151408.459171,31194548.605365,2.516723
1009,1237,1.500000,0.087232,0.130848,True,0.117372,-0.013476,16.000000,12.000000,26151408.459171,35187168.201183,2.541945
1009,1237,2.000000,0.087232,0.174463,True,0.117372,-0.057092,16.000000,12.000000,26151408.459171,35187168.201183,2.507637
1128,519,1.250000,0.137255,0.171569,True,0.173282,0.001713,45.000000,1.000000,41148014.569166,51948614.672189,7.714032
1128,519,1.500000,0.137255,0.205883,True,0.182346,-0.023536,46.000000,2.000000,41148014.569166,54666020.523114,7.580736
1128,519,2.000000,0.137255,0.274510,True,0.182346,-0.092164,46.000000,2.000000,41148014.569166,54666020.523114,7.706036
1182,331,1.250000,0.157128,0.196410,True,0.196017,-0.000393,13.000000,37.000000,47105776.185199,58764308.345637,5.989708
1182,331,1.500000,0.157128,0.235692,True,0.198480,-0.037212,39.000000,11.000000,47105776.185199,59502873.865965,6.343868
1182,331,2.000000,0.157128,0.314256,True,0.198480,-0.115776,39.000000,11.000000,47105776.185199,59502873.865965,6.003510
1190,500,1.250000,0.157153,0.196442,True,0.196242,-0.000200,18.000000,31.000000,47113360.076363,58831801.026240,7.437804
1190,500,1.500000,0.157153,0.235730,True,0.209766,-0.025964,19.000000,32.000000,47113360.076363,62886128.966569,7.824988
1190,500,2.000000,0.157153,0.314307,True,0.209766,-0.104541,19.000000,32.000000,47113360.076363,62886128.966569,7.507231
100,474,1.250000,0.057402,0.071753,True,0.067596,-0.004156,16.000000,2.000000,17208696.550788,20264832.431464,7.530867
100,474,1.500000,0.057402,0.086103,True,0.085367,-0.000737,19.000000,3.000000,17208696.550788,25592246.815504,7.230852
100,474,2.000000,0.057402,0.114804,True,0.116012,0.001208,24.000000,2.000000,17208696.550788,34779462.872960,7.414459
268,338,1.250000,0.037974,0.047468,True,0.046360,-0.001107,8.000000,2.000000,11384338.069091,13898464.913591,3.196298
268,338,1.500000,0.037974,0.056961,True,0.050209,-0.006752,7.000000,3.000000,11384338.069091,15052226.815413,3.134298
268,338,2.000000,0.037974,0.075948,True,0.068988,-0.006960,11.000000,3.000000,11384338.069091,20682042.967130,3.245927
348,991,1.250000,0.130885,0.163607,True,0.165242,0.001635,16.000000,26.000000,39238441.623523,49538218.334851,4.891473
348,991,1.500000,0.130885,0.196328,True,0.166710,-0.029618,15.000000,27.000000,39238441.623523,49978511.736955,5.055212
348,991,2.000000,0.130885,0.261771,True,0.166710,-0.095060,15.000000,27.000000,39238441.623523,49978511.736955,5.211022
1400,571,1.250000,0.158306,0.197882,True,0.182607,-0.015275,33.000000,13.000000,47458805.417989,54744219.302037,5.174138
1400,571,1.500000,0.158306,0.237458,True,0.182607,-0.054851,33.000000,13.000000,47458805.417989,54744219.302037,5.069615
1400,571,2.000000,0.158306,0.316611,True,0.182607,-0.134004,33.000000,13.000000,47458805.417989,54744219.302037,5.114406
332,560,1.250000,0.085507,0.106884,True,0.107933,0.001049,20.000000,5.000000,25634312.901791,32357431.298755,5.593014
332,560,1.500000,0.085507,0.128260,True,0.128749,0.000489,18.000000,9.000000,25634312.901791,38597990.041991,5.460328
332,560,2.000000,0.085507,0.171014,True,0.131460,-0.039554,4.000000,23.000000,25634312.901791,39410594.530059,5.698496
115,495,1.250000,0.093638,0.117047,True,0.116196,-0.000852,27.000000,3.000000,28071915.684204,34834592.452171,6.354638
115,495,1.500000,0.093638,0.140457,True,0.116196,-0.024261,27.000000,3.000000,28071915.684204,34834592.452171,6.420618
115,495,2.000000,0.093638,0.187276,True,0.116196,-0.071080,27.000000,3.000000,28071915.684204,34834592.452171,6.409590
1388,595,1.250000,0.125789,0.157237,True,0.139998,-0.017238,17.000000,23.000000,37710708.950301,41970487.696331,2.463246
1388,595,1.500000,0.125789,0.188684,True,0.139998,-0.048686,17.000000,23.000000,37710708.950301,41970487.696331,2.346155
1388,595,2.000000,0.125789,0.251579,True,0.139998,-0.111580,17.000000,23.000000,37710708.950301,41970487.696331,2.374066
1182,1454,1.250000,0.093793,0.117241,True,0.115752,-0.001490,23.000000,5.000000,28118489.012330,34701520.267588,5.982676
1182,1454,1.500000,0.093793,0.140690,True,0.139003,-0.001687,20.000000,12.000000,28118489.012330,41671919.163754,5.953195
1182,1454,2.000000,0.093793,0.187586,True,0.139003,-0.048584,20.000000,12.000000,28118489.012330,41671919.163754,5.919513
1440,1549,1.250000,0.021841,0.027301,True,0.032929,0.005628,7.000000,0.000000,6547769.094833,9871947.304973,6.881746
1440,1549,1.500000,0.021841,0.032762,True,0.032929,0.000168,7.000000,0.000000,6547769.094833,9871947.304973,6.838474
1440,1549,2.000000,0.021841,0.043682,True,0.042036,-0.001646,9.000000,0.000000,6547769.094833,12601945.284074,6.775450
406,779,1.250000,0.063797,0.079746,True,0.082920,0.003174,21.000000,0.000000,19125782.936529,24858702.574065,7.652424
406,779,1.500000,0.063797,0.095695,True,0.096255,0.000560,25.000000,0.000000,19125782.936529,28856549.905828,7.618534
406,779,2.000000,0.063797,0.127593,True,0.124360,-0.003233,25.000000,6.000000,19125782.936529,37282227.649435,8.002477
1299,929,1.250000,0.083752,0.104690,True,0.105103,0.000412,17.000000,7.000000,25108300.285824,31508996.307919,6.731723
1299,929,1.500000,0.083752,0.125628,True,0.124711,-0.000917,26.000000,4.000000,25108300.285824,37387430.082618,6.823975
1299,929,2.000000,0.083752,0.167505,True,0.140361,-0.027144,18.000000,14.000000,25108300.285824,42079153.801292,6.704898
1389,406,1.250000,0.133815,0.167269,False,,,,,40116802.429234,,1.637273
1389,406,1.500000,0.133815,0.200723,False,,,,,40116802.429234,,1.571190
1389,406,2.000000,0.133815,0.267630,False,,,,,40116802.429234,,1.588283
150,62,1.250000,0.014508,0.018135,False,,,,,4349455.509859,,1.459520
150,62,1.500000,0.014508,0.021762,False,,,,,4349455.509859,,1.464095
150,62,2.000000,0.014508,0.029016,False,,,,,4349455.509859,,1.480284
523,838,1.250000,0.093752,0.117190,True,0.115367,-0.001824,7.000000,20.000000,28106191.855488,34586044.607141,6.893501
523,838,1.500000,0.093752,0.140628,True,0.115367,-0.025262,7.000000,20.000000,28106191.855488,34586044.607141,6.966086
523,838,2.000000,0.093752,0.187504,True,0.115367,-0.072138,7.000000,20.000000,28106191.855488,34586044.607141,6.848027
1061,265,1.250000,0.145494,0.181868,True,0.169546,-0.012322,18.000000,25.000000,43618128.250216,50828561.552640,6.515668
1061,265,1.500000,0.145494,0.218242,True,0.169546,-0.048696,18.000000,25.000000,43618128.250216,50828561.552640,6.717282
1061,265,2.000000,0.145494,0.290989,True,0.169546,-0.121443,18.000000,25.000000,43618128.250216,50828561.552640,6.431578
1046,1403,1.250000,0.085739,0.107174,True,0.106237,-0.000937,17.000000,6.000000,25703887.749980,31848922.478556,7.361923
1046,1403,1.500000,0.085739,0.128608,True,0.113957,-0.014651,19.000000,6.000000,25703887.749980,34163432.889291,7.246974
1046,1403,2.000000,0.085739,0.171478,True,0.113957,-0.057521,19.000000,6.000000,25703887.749980,34163432.889291,7.028360
1294,1320,1.250000,0.032779,0.040974,True,0.043834,0.002860,5.000000,4.000000,9826941.444807,13141181.237019,2.996786
1294,1320,1.500000,0.032779,0.049169,True,0.048030,-0.001139,7.000000,4.000000,9826941.444807,14398885.646974,2.950527
1294,1320,2.000000,0.032779,0.065558,True,0.052926,-0.012633,7.000000,4.000000,9826941.444807,15866706.736286,2.933835
312,660,1.250000,0.078554,0.098193,True,0.099558,0.001366,8.000000,17.000000,23549996.329669,29846882.829014,5.716719
312,660,1.500000,0.078554,0.117831,True,0.117810,-0.000022,9.000000,18.000000,23549996.329669,35318495.267498,5.858280
312,660,2.000000,0.078554,0.157109,True,0.127332,-0.029777,11.000000,18.000000,23549996.329669,38173194.670667,5.626680
1022,1175,1.250000,0.030817,0.038521,True,0.039707,0.001186,7.000000,0.000000,9238652.171699,11903894.339824,7.661523
1022,1175,1.500000,0.030817,0.046225,True,0.044626,-0.001599,11.000000,0.000000,9238652.171699,13378478.814636,7.544713
1022,1175,2.000000,0.030817,0.061634,True,0.057528,-0.004106,12.000000,0.000000,9238652.171699,17246424.889957,7.438086
1107,1459,1.250000,0.057990,0.072488,True,0.075968,0.003480,19.000000,0.000000,17385047.495442,22774562.192737,7.445419
1107,1459,1.500000,0.057990,0.086985,True,0.089066,0.002081,21.000000,0.000000,17385047.495442,26701301.239565,7.564564
1107,1459,2.000000,0.057990,0.115981,True,0.094096,-0.021885,23.000000,0.000000,17385047.495442,28209149.830534,7.574891
606,807,1.250000,0.048224,0.060280,True,0.060002,-0.000278,10.000000,3.000000,14457290.577857,17988168.638647,7.189841
606,807,1.500000,0.048224,0.072336,True,0.065556,-0.006781,11.000000,4.000000,14457290.577857,19653080.881864,7.571620
606,807,2.000000,0.048224,0.096449,True,0.065556,-0.030893,11.000000,4.000000,14457290.577857,19653080.881864,7.634218
1087,635,1.250000,0.135339,0.169173,True,0.169379,0.000206,36.000000,4.000000,40573512.817822,50778603.833400,7.521702
1087,635,1.500000,0.135339,0.203008,True,0.186989,-0.016019,40.000000,4.000000,40573512.817822,56057916.254752,7.273648
1087,635,2.000000,0.135339,0.270677,True,0.186989,-0.083688,40.000000,4.000000,40573512.817822,56057916.254752,7.430122
8,820,1.250000,0.135030,0.168788,True,0.165308,-0.003480,44.000000,0.000000,40481081.708857,49557977.399676,7.263356
8,820,1.500000,0.135030,0.202546,True,0.182282,-0.020263,44.000000,2.000000,40481081.708857,54646819.440770,7.210399
8,820,2.000000,0.135030,0.270061,True,0.182282,-0.087779,44.000000,2.000000,40481081.708857,54646819.440770,7.486500
523,888,1.250000,0.113302,0.141628,True,0.139841,-0.001787,23.000000,8.000000,33967123.397101,41923303.954049,6.721676
523,888,1.500000,0.113302,0.169953,True,0.149316,-0.020637,25.000000,8.000000,33967123.397101,44763879.359846,6.705041
523,888,2.000000,0.113302,0.226604,True,0.149316,-0.077288,25.000000,8.000000,33967123.397101,44763879.359846,6.383896
242,651,1.250000,0.117958,0.147448,True,0.144823,-0.002625,24.000000,10.000000,35363067.585458,43416748.596920,4.347881
242,651,1.500000,0.117958,0.176938,True,0.144823,-0.032115,24.000000,10.000000,35363067.585458,43416748.596920,4.344092
242,651,2.000000,0.117958,0.235917,True,0.144823,-0.091094,24.000000,10.000000,35363067.585458,43416748.596920,4.493075
371,88,1.250000,0.058910,0.073638,True,0.075191,0.001553,18.000000,2.000000,17660854.540464,22541569.368539,2.597973
371,88,1.500000,0.058910,0.088365,True,0.079547,-0.008818,20.000000,2.000000,17660854.540464,23847616.277281,2.539422
371,88,2.000000,0.058910,0.117821,True,0.079547,-0.038273,20.000000,2.000000,17660854.540464,23847616.277281,2.556481
1328,367,1.250000,0.137239,0.171549,True,0.171849,0.000300,37.000000,5.000000,41143186.557819,51519038.270726,6.991188
1328,367,1.500000,0.137239,0.205858,True,0.185664,-0.020194,42.000000,4.000000,41143186.557819,55660722.546002,6.830618
1328,367,2.000000,0.137239,0.274478,True,0.185664,-0.088814,42.000000,4.000000,41143186.557819,55660722.546002,6.781057
1280,902,1.250000,0.080623,0.100779,True,0.101746,0.000967,19.000000,7.000000,24170182.886246,30502680.080695,5.761041
1280,902,1.500000,0.080623,0.120935,True,0.101746,-0.019189,19.000000,7.000000,24170182.886246,30502680.080695,5.996115
1280,902,2.000000,0.080623,0.161246,True,0.101746,-0.059500,19.000000,7.000000,24170182.886246,30502680.080695,5.813930
341,961,1.250000,0.117624,0.147031,True,0.147319,0.000288,39.000000,0.000000,35262936.229403,44165057.993185,7.535298
341,961,1.500000,0.117624,0.176437,True,0.173583,-0.002854,43.000000,0.000000,35262936.229403,52038818.373150,7.689984
341,961,2.000000,0.117624,0.235249,True,0.182499,-0.052750,45.000000,0.000000,35262936.229403,54711943.979077,7.502370
222,891,1.250000,0.157019,0.196274,True,0.187641,-0.008633,41.000000,5.000000,47073144.610483,56253327.704555,2.528678
222,891,1.500000,0.157019,0.235529,True,0.187641,-0.047888,41.000000,5.000000,47073144.610483,56253327.704555,2.599637
222,891,2.000000,0.157019,0.314038,True,0.187641,-0.126397,41.000000,5.000000,47073144.610483,56253327.704555,2.514172
1203,211,1.250000,0.106251,0.132814,True,0.136915,0.004101,34.000000,2.000000,31853201.250946,41046044.641535,5.488394
1203,211,1.500000,0.106251,0.159376,True,0.147066,-0.012310,35.000000,5.000000,31853201.250946,44089265.265799,5.620350
1203,211,2.000000,0.106251,0.212502,True,0.147066,-0.065436,35.000000,5.000000,31853201.250946,44089265.265799,5.575750
26,381,1.250000,0.077727,0.097158,True,0.097170,0.000011,23.000000,1.000000,23301892.755655,29130708.441725,7.484504
26,381,1.500000,0.077727,0.116590,True,0.112911,-0.003679,21.000000,5.000000,23301892.755655,33849976.379421,7.012432
26,381,2.000000,0.077727,0.155453,True,0.130694,-0.024759,28.000000,2.000000,23301892.755655,39181198.764962,7.150539
1278,555,1.250000,0.131150,0.163938,True,0.164246,0.000308,15.000000,26.000000,39317820.017658,49239698.825940,7.098363
1278,555,1.500000,0.131150,0.196725,True,0.194879,-0.001846,19.000000,30.000000,39317820.017658,58423203.913314,7.098913
1278,555,2.000000,0.131150,0.262300,True,0.194879,-0.067421,19.000000,30.000000,39317820.017658,58423203.913314,7.076214
1370,1409,1.250000,0.039466,0.049332,True,0.047664,-0.001668,6.000000,4.000000,11831557.569469,14289322.449694,3.613039
1370,1409,1.500000,0.039466,0.059199,True,0.060456,0.001257,4.000000,8.000000,11831557.569469,18124173.408912,3.580798
1370,1409,2.000000,0.039466,0.078932,True,0.065113,-0.013818,3.000000,9.000000,11831557.569469,19520497.285715,3.704290
1270,524,1.250000,0.136480,0.170600,True,0.167634,-0.002967,17.000000,26.000000,40915772.520328,50255341.763059,6.888396
1270,524,1.500000,0.136480,0.204720,True,0.167634,-0.037087,17.000000,26.000000,40915772.520328,50255341.763059,7.081030
1270,524,2.000000,0.136480,0.272961,True,0.167634,-0.105327,17.000000,26.000000,40915772.520328,50255341.763059,6.717094
3,902,1.250000,0.119840,0.149800,True,0.148572,-0.001228,6.000000,37.000000,35927139.032524,44540762.371967,6.200716
3,902,1.500000,0.119840,0.179760,True,0.154713,-0.025047,31.000000,10.000000,35927139.032524,46381786.862373,6.163318
3,902,2.000000,0.119840,0.239680,True,0.154713,-0.084967,31.000000,10.000000,35927139.032524,46381786.862373,6.386870
503,840,1.250000,0.098218,0.122773,True,0.123425,0.000652,10.000000,22.000000,29445049.244673,37001856.260082,6.271837
503,840,1.500000,0.098218,0.147327,True,0.145957,-0.001370,7.000000,27.000000,29445049.244673,43756873.938137,6.331049
503,840,2.000000,0.098218,0.196436,True,0.154693,-0.041743,9.000000,27.000000,29445049.244673,46375866.703122,6.308266
1254,1402,1.250000,0.059006,0.073757,True,0.075194,0.001437,8.000000,7.000000,17689498.931379,22542672.059299,6.017750
1254,1402,1.500000,0.059006,0.088509,True,0.088432,-0.000077,9.000000,10.000000,17689498.931379,26511225.613467,6.165971
1254,1402,2.000000,0.059006,0.118012,True,0.097651,-0.020360,10.000000,11.000000,17689498.931379,29275101.343647,6.174047
1007,1510,1.250000,0.099784,0.124730,True,0.125051,0.000321,30.000000,3.000000,29914556.036695,37489304.349066,5.799598
1007,1510,1.500000,0.099784,0.149676,True,0.136815,-0.012861,28.000000,5.000000,29914556.036695,41016124.912778,6.025784
1007,1510,2.000000,0.099784,0.199568,True,0.136815,-0.062753,28.000000,5.000000,29914556.036695,41016124.912778,5.838498
1451,621,1.250000,0.152617,0.190771,True,0.190746,-0.000025,16.000000,32.000000,45753396.484882,57184221.269043,7.412118
1451,621,1.500000,0.152617,0.228925,True,0.212998,-0.015927,16.000000,36.000000,45753396.484882,63855252.617740,7.434846
1451,621,2.000000,0.152617,0.305234,True,0.212998,-0.092236,16.000000,36.000000,45753396.484882,63855252.617740,7.532832
1478,726,1.250000,0.137441,0.171801,True,0.169054,-0.002747,30.000000,15.000000,41203626.376557,50681067.801801,5.045870
1478,726,1.500000,0.137441,0.206161,True,0.176074,-0.030087,12.000000,35.000000,41203626.376557,52785563.051141,5.090841
1478,726,2.000000,0.137441,0.274881,True,0.176074,-0.098807,12.000000,35.000000,41203626.376557,52785563.051141,5.041751
1528,1571,1.250000,0.013135,0.016418,True,0.015562,-0.000857,4.000000,0.000000,3937649.875654,4665238.688778,5.427151
1528,1571,1.500000,0.013135,0.019702,True,0.020027,0.000325,6.000000,0.000000,3937649.875654,6003837.761958,6.332610
1528,1571,2.000000,0.013135,0.026269,True,0.024208,-0.002062,4.000000,0.000000,3937649.875654,7257259.154677,6.403042
1347,266,1.250000,0.097034,0.121293,True,0.121960,0.000667,19.000000,14.000000,29090147.761372,36562739.829992,2.262157
1347,266,1.500000,0.097034,0.145551,True,0.130189,-0.015362,17.000000,16.000000,29090147.761372,39029670.372640,2.287225
1347,266,2.000000,0.097034,0.194069,True,0.130189,-0.063880,17.000000,16.000000,29090147.761372,39029670.372640,2.212841
1429,319,1.250000,0.137445,0.171806,True,0.171833,0.000027,31.000000,10.000000,41204894.887835,51514098.704665,4.454671
1429,319,1.500000,0.137445,0.206167,True,0.171833,-0.034335,31.000000,10.000000,41204894.887835,51514098.704665,4.575325
1429,319,2.000000,0.137445,0.274889,True,0.171833,-0.103057,31.000000,10.000000,41204894.887835,51514098.704665,4.528838
1048,1351,1.250000,0.078418,0.098023,True,0.098881,0.000858,23.000000,1.000000,23509240.618979,29643732.904480,6.816358
1048,1351,1.500000,0.078418,0.117628,True,0.121209,0.003581,28.000000,2.000000,23509240.618979,36337512.343244,6.871528
1048,1351,2.000000,0.078418,0.156837,True,0.121528,-0.035309,27.000000,3.000000,23509240.618979,36433124.148299,6.655883
182,927,1.250000,0.139854,0.174818,True,0.160888,-0.013930,30.000000,12.000000,41927253.251071,48233014.783614,2.778009
182,927,1.500000,0.139854,0.209781,True,0.160888,-0.048893,30.000000,12.000000,41927253.251071,48233014.783614,2.456503
182,927,2.000000,0.139854,0.279709,True,0.160888,-0.118821,30.000000,12.000000,41927253.251071,48233014.783614,2.483458
1055,1532,1.250000,0.118664,0.148329,True,0.149139,0.000810,22.000000,14.000000,35574437.868855,44710783.651640,3.715877
1055,1532,1.500000,0.118664,0.177995,True,0.162233,-0.015762,24.000000,14.000000,35574437.868855,48636263.907132,3.720408
1055,1532,2.000000,0.118664,0.237327,True,0.162233,-0.075094,24.000000,14.000000,35574437.868855,48636263.907132,3.801697
1000,300,1.250000,0.130648,0.163310,True,0.164757,0.001447,41.000000,0.000000,39167221.233985,49392783.854602,7.583754
1000,300,1.500000,0.130648,0.195972,True,0.190973,-0.004999,46.000000,0.000000,39167221.233985,57252188.706231,7.777715
1000,300,2.000000,0.130648,0.261296,True,0.190973,-0.070323,46.000000,0.000000,39167221.233985,57252188.706231,7.509396
1108,662,1.250000,0.107670,0.134587,True,0.131689,-0.002899,26.000000,5.000000,32278649.884789,39479326.750969,7.368795
1108,662,1.500000,0.107670,0.161505,True,0.131689,-0.029816,26.000000,5.000000,32278649.884789,39479326.750969,7.364515
1108,662,2.000000,0.107670,0.215340,True,0.131689,-0.083651,26.000000,5.000000,32278649.884789,39479326.750969,7.732551
1370,8,1.250000,0.048294,0.060368,True,0.058530,-0.001838,13.000000,2.000000,14478252.825129,17546738.865974,4.323089
1370,8,1.500000,0.048294,0.072441,True,0.072178,-0.000263,17.000000,2.000000,14478252.825129,21638401.747727,4.362314
1370,8,2.000000,0.048294,0.096589,True,0.092731,-0.003858,16.000000,5.000000,14478252.825129,27799937.585825,4.290587
1223,1293,1.250000,0.035335,0.044169,True,0.043794,-0.000375,6.000000,4.000000,10593259.216639,13129022.815503,7.407107
1223,1293,1.500000,0.035335,0.053003,True,0.052390,-0.000613,6.000000,4.000000,10593259.216639,15706081.355645,7.108116
1223,1293,2.000000,0.035335,0.070671,True,0.060843,-0.009828,5.000000,7.000000,10593259.216639,18240162.279532,7.268289
1494,614,1.250000,0.108730,0.135912,True,0.137748,0.001835,13.000000,24.000000,32596376.885006,41295690.667947,6.940646
1494,614,1.500000,0.108730,0.163095,True,0.155075,-0.008020,13.000000,26.000000,32596376.885006,46490297.321459,7.022349
1494,614,2.000000,0.108730,0.217460,True,0.172331,-0.045128,19.000000,24.000000,32596376.885006,51663640.502228,6.807652
11,1551,1.250000,0.006530,0.008162,False,,,,,1957578.259744,,1.542557
11,1551,1.500000,0.006530,0.009795,True,0.017559,0.007765,3.000000,0.000000,1957578.259744,5264112.589191,2.305132
11,1551,2.000000,0.006530,0.013060,True,0.017559,0.004500,3.000000,0.000000,1957578.259744,5264112.589191,3.451413
773,970,1.250000,0.036115,0.045144,False,,,,,10827096.168972,,1.367958
773,970,1.500000,0.036115,0.054173,False,,,,,10827096.168972,,1.343877
773,970,2.000000,0.036115,0.072231,False,,,,,10827096.168972,,1.347058
1012,1247,1.250000,0.078681,0.098351,True,0.097025,-0.001326,11.000000,9.000000,23588008.718460,29087364.537893,2.521782
1012,1247,1.500000,0.078681,0.118022,True,0.110190,-0.007831,13.000000,11.000000,23588008.718460,33034203.855852,2.491660
1012,1247,2.000000,0.078681,0.157362,True,0.110190,-0.047172,13.000000,11.000000,23588008.718460,33034203.855852,2.506441
1287,979,1.250000,0.045708,0.057136,True,0.057135,-0.000000,15.000000,0.000000,13703047.818206,17128669.506986,7.682655
1287,979,1.500000,0.045708,0.068563,True,0.070280,0.001717,16.000000,1.000000,13703047.818206,21069382.855160,7.561954
1287,979,2.000000,0.045708,0.091417,True,0.092285,0.000869,22.000000,1.000000,13703047.818206,27666469.068694,7.616139
0,1316,1.250000,0.067537,0.084422,True,0.083635,-0.000786,15.000000,5.000000,20247185.614163,25073233.975442,3.598248
0,1316,1.500000,0.067537,0.101306,True,0.096731,-0.004575,17.000000,5.000000,20247185.614163,28999095.312662,3.620059
0,1316,2.000000,0.067537,0.135075,True,0.096731,-0.038344,17.000000,5.000000,20247185.614163,28999095.312662,3.775959
593,92,1.250000,0.104724,0.130905,False,,,,,31395462.721619,,1.316548
593,92,1.500000,0.104724,0.157086,False,,,,,31395462.721619,,1.333351
593,92,2.000000,0.104724,0.209448,False,,,,,31395462.721619,,1.334973
1313,439,1.250000,0.145129,0.181411,True,0.183493,0.002082,30.000000,17.000000,43508458.325672,55009839.887540,5.810447
1313,439,1.500000,0.145129,0.217693,True,0.193210,-0.024483,31.000000,18.000000,43508458.325672,57922800.647698,5.978091
1313,439,2.000000,0.145129,0.290257,True,0.193210,-0.097048,31.000000,18.000000,43508458.325672,57922800.647698,6.022518
1480,341,1.250000,0.098055,0.122569,True,0.124427,0.001857,28.000000,4.000000,29396266.785658,37302170.469191,5.635406
1480,341,1.500000,0.098055,0.147083,True,0.133593,-0.013490,30.000000,2.000000,29396266.785658,40050286.996009,5.868197
1480,341,2.000000,0.098055,0.196111,True,0.133593,-0.062517,30.000000,2.000000,29396266.785658,40050286.996009,5.581156
1069,1319,1.250000,0.090072,0.112591,True,0.112524,-0.000066,10.000000,16.000000,27003041.898755,33733871.745347,6.557126
1069,1319,1.500000,0.090072,0.135109,True,0.117621,-0.017488,12.000000,16.000000,27003041.898755,35261940.563234,6.512123
1069,1319,2.000000,0.090072,0.180145,True,0.117621,-0.062524,12.000000,16.000000,27003041.898755,35261940.563234,6.664900
256,769,1.250000,0.120777,0.150971,True,0.151945,0.000974,22.000000,13.000000,36207959.253878,45551862.346479,7.353972
256,769,1.500000,0.120777,0.181165,True,0.158480,-0.022685,28.000000,11.000000,36207959.253878,47511167.095238,7.798091
256,769,2.000000,0.120777,0.241554,True,0.158480,-0.083073,28.000000,11.000000,36207959.253878,47511167.095238,7.580709
1565,305,1.250000,0.085107,0.106384,True,0.105887,-0.000497,23.000000,4.000000,25514473.649391,31744101.937434,4.708289
1565,305,1.500000,0.085107,0.127661,True,0.114863,-0.012798,22.000000,5.000000,25514473.649391,34434928.568682,4.874057
1565,305,2.000000,0.085107,0.170214,True,0.114863,-0.055352,22.000000,5.000000,25514473.649391,34434928.568682,4.942945
106,583,1.250000,0.117753,0.147191,True,0.144667,-0.002524,34.000000,2.000000,35301485.959825,43370154.855595,7.767455
106,583,1.500000,0.117753,0.176630,True,0.144667,-0.031962,34.000000,2.000000,35301485.959825,43370154.855595,7.610300
106,583,2.000000,0.117753,0.235506,True,0.144667,-0.090839,34.000000,2.000000,35301485.959825,43370154.855595,7.856959
581,744,1.250000,0.083084,0.103855,True,0.103187,-0.000668,14.000000,7.000000,24907904.961746,30934634.214348,7.441853
581,744,1.500000,0.083084,0.124626,True,0.103187,-0.021439,14.000000,7.000000,24907904.961746,30934634.214348,7.792347
581,744,2.000000,0.083084,0.166168,True,0.103187,-0.062981,14.000000,7.000000,24907904.961746,30934634.214348,8.026320
1482,263,1.250000,0.111414,0.139268,True,0.141479,0.002211,21.000000,11.000000,33401218.393482,42414436.113980,5.616884
1482,263,1.500000,0.111414,0.167122,True,0.141479,-0.025642,21.000000,11.000000,33401218.393482,42414436.113980,5.602316
1482,263,2.000000,0.111414,0.222829,True,0.141479,-0.081350,21.000000,11.000000,33401218.393482,42414436.113980,5.538142
280,734,1.250000,0.122151,0.152689,True,0.152589,-0.000099,33.000000,3.000000,36619948.892748,45745139.264173,7.595976
280,734,1.500000,0.122151,0.183227,True,0.152589,-0.030637,33.000000,3.000000,36619948.892748,45745139.264173,7.507202
280,734,2.000000,0.122151,0.244302,True,0.152589,-0.091713,33.000000,3.000000,36619948.892748,45745139.264173,7.591582
1464,1573,1.250000,0.024062,0.030078,True,0.043845,0.013768,8.000000,1.000000,7213681.832351,13144549.624048,6.933544
1464,1573,1.500000,0.024062,0.036093,True,0.043845,0.007752,8.000000,1.000000,7213681.832351,13144549.624048,8.169569
1464,1573,2.000000,0.024062,0.048125,True,0.048017,-0.000108,10.000000,1.000000,7213681.832351,14395003.028324,7.392151
130,1395,1.250000,0.117856,0.147320,True,0.146718,-0.000602,17.000000,15.000000,35332227.742207,43984915.024348,6.980404
130,1395,1.500000,0.117856,0.176783,True,0.155923,-0.020860,19.000000,17.000000,35332227.742207,46744672.345097,6.760974
130,1395,2.000000,0.117856,0.235711,True,0.155923,-0.079788,19.000000,17.000000,35332227.742207,46744672.345097,6.726657
1299,914,1.250000,0.130919,0.163649,True,0.151810,-0.011839,30.000000,6.000000,39248564.324812,45511445.841224,5.754499
1299,914,1.500000,0.130919,0.196379,True,0.151810,-0.044569,30.000000,6.000000,39248564.324812,45511445.841224,5.853337
1299,914,2.000000,0.130919,0.261838,True,0.151810,-0.110028,30.000000,6.000000,39248564.324812,45511445.841224,5.972793
534,649,1.250000,0.050309,0.062887,True,0.062337,-0.000550,11.000000,2.000000,15082358.091316,18688025.683384,7.353458
534,649,1.500000,0.050309,0.075464,True,0.067210,-0.008254,9.000000,4.000000,15082358.091316,20149087.546510,7.825937
534,649,2.000000,0.050309,0.100619,True,0.067210,-0.033409,9.000000,4.000000,15082358.091316,20149087.546510,7.561364
28,875,1.250000,0.183133,0.228916,True,0.222231,-0.006684,13.000000,41.000000,54901780.471434,66623291.134472,6.355322
28,875,1.500000,0.183133,0.274699,True,0.222231,-0.052468,13.000000,41.000000,54901780.471434,66623291.134472,6.361286
28,875,2.000000,0.183133,0.366265,True,0.222231,-0.144034,13.000000,41.000000,54901780.471434,66623291.134472,6.334733
746,747,1.250000,0.006549,0.008187,False,,,,,1963443.572214,,1.276580
746,747,1.500000,0.006549,0.009824,False,,,,,1963443.572214,,1.274331
746,747,2.000000,0.006549,0.013099,False,,,,,1963443.572214,,1.354927
1280,95,1.250000,0.084979,0.106223,True,0.107529,0.001306,19.000000,7.000000,25475933.431035,32236325.804965,6.714832
1280,95,1.500000,0.084979,0.127468,True,0.114086,-0.013382,21.000000,9.000000,25475933.431035,34202210.130292,6.533998
1280,95,2.000000,0.084979,0.169957,True,0.144963,-0.024994,24.000000,10.000000,25475933.431035,43458808.477789,6.544268
1212,212,1.250000,0.150667,0.188334,True,0.180763,-0.007571,38.000000,5.000000,45168894.885947,54191474.493144,7.460233
1212,212,1.500000,0.150667,0.226001,True,0.197734,-0.028267,41.000000,6.000000,45168894.885947,59279104.260390,7.298466
1212,212,2.000000,0.150667,0.301334,True,0.197734,-0.103601,41.000000,6.000000,45168894.885947,59279104.260390,7.101643
1189,1503,1.250000,0.085789,0.107236,True,0.107514,0.000278,17.000000,6.000000,25718923.675065,32231995.365977,7.343317
1189,1503,1.500000,0.085789,0.128684,True,0.107514,-0.021169,17.000000,6.000000,25718923.675065,32231995.365977,7.206719
1189,1503,2.000000,0.085789,0.171578,True,0.107514,-0.064064,17.000000,6.000000,25718923.675065,32231995.365977,7.180357
280,331,1.250000,0.056961,0.071201,True,0.068737,-0.002464,9.000000,6.000000,17076473.809815,20606877.803395,6.704899
280,331,1.500000,0.056961,0.085441,True,0.068737,-0.016704,9.000000,6.000000,17076473.809815,20606877.803395,6.994746
280,331,2.000000,0.056961,0.113922,True,0.068737,-0.045185,9.000000,6.000000,17076473.809815,20606877.803395,6.908081
145,331,1.250000,0.096274,0.120342,True,0.121022,0.000680,22.000000,4.000000,28862149.572915,36281500.031306,7.342658
145,331,1.500000,0.096274,0.144411,True,0.130419,-0.013991,24.000000,4.000000,28862149.572915,39098759.641093,7.374007
145,331,2.000000,0.096274,0.192548,True,0.130419,-0.062128,24.000000,4.000000,28862149.572915,39098759.641093,7.403630
136,239,1.250000,0.058972,0.073715,True,0.074986,0.001271,11.000000,7.000000,17679247.619213,22480097.618344,6.751776
136,239,1.500000,0.058972,0.088457,True,0.088496,0.000039,13.000000,7.000000,17679247.619213,26530528.780440,6.731804
136,239,2.000000,0.058972,0.117943,True,0.098127,-0.019816,18.000000,6.000000,17679247.619213,29417660.749201,6.804343
1060,356,1.250000,0.116400,0.145500,True,0.146403,0.000904,13.000000,24.000000,34895770.259869,43890606.281718,6.699471
1060,356,1.500000,0.116400,0.174600,True,0.174358,-0.000242,36.000000,9.000000,34895770.259869,52271079.043759,6.682905
1060,356,2.000000,0.116400,0.232800,True,0.174358,-0.058442,36.000000,9.000000,34895770.259869,52271079.043759,6.942264
1147,1571,1.250000,0.105059,0.131323,True,0.124458,-0.006865,27.000000,3.000000,31495755.165912,37311649.767616,7.604100
1147,1571,1.500000,0.105059,0.157588,True,0.124458,-0.033130,27.000000,3.000000,31495755.165912,37311649.767616,7.617463
1147,1571,2.000000,0.105059,0.210117,True,0.124458,-0.085659,27.000000,3.000000,31495755.165912,37311649.767616,7.499588
714,786,1.250000,0.050321,0.062901,True,0.061882,-0.001019,9.000000,3.000000,15085707.129686,18551700.584671,7.222366
714,786,1.500000,0.050321,0.075481,True,0.070635,-0.004846,11.000000,3.000000,15085707.129686,21175821.824583,7.085317
714,786,2.000000,0.050321,0.100641,True,0.096947,-0.003694,14.000000,6.000000,15085707.129686,29064115.439233,6.931661
1402,269,1.250000,0.139509,0.174386,True,0.173832,-0.000553,16.000000,23.000000,41823599.687360,52113646.941359,5.965730
1402,269,1.500000,0.139509,0.209263,True,0.185172,-0.024090,39.000000,6.000000,41823599.687360,55513313.441781,5.851684
1402,269,2.000000,0.139509,0.279017,True,0.185172,-0.093845,39.000000,6.000000,41823599.687360,55513313.441781,6.143702
35,738,1.250000,0.112357,0.140446,True,0.144016,0.003571,36.000000,2.000000,33683702.603522,43175060.379369,7.643836
35,738,1.500000,0.112357,0.168535,True,0.161379,-0.007156,38.000000,2.000000,33683702.603522,48380121.980650,7.623337
35,738,2.000000,0.112357,0.224713,True,0.161379,-0.063335,38.000000,2.000000,33683702.603522,48380121.980650,7.553167
1449,171,1.250000,0.062410,0.078013,True,0.078878,0.000866,15.000000,4.000000,18710104.956516,23647147.387366,6.705649
1449,171,1.500000,0.062410,0.093615,True,0.092840,-0.000775,15.000000,6.000000,18710104.956516,27832774.863090,6.691284
1449,171,2.000000,0.062410,0.124820,True,0.115658,-0.009163,20.000000,7.000000,18710104.956516,34673347.361708,6.453138
1409,355,1.250000,0.092600,0.115750,True,0.103490,-0.012259,19.000000,8.000000,27760718.161552,31025669.415516,1.614043
1409,355,1.500000,0.092600,0.138900,True,0.103490,-0.035409,19.000000,8.000000,27760718.161552,31025669.415516,1.617426
1409,355,2.000000,0.092600,0.185200,True,0.103490,-0.081709,19.000000,8.000000,27760718.161552,31025669.415516,1.615912
749,879,1.250000,0.030645,0.038306,False,,,,,9187060.842308,,1.285408
749,879,1.500000,0.030645,0.045967,False,,,,,9187060.842308,,1.279698
749,879,2.000000,0.030645,0.061289,False,,,,,9187060.842308,,1.369549
1156,691,1.250000,0.086965,0.108706,True,0.107861,-0.000845,27.000000,2.000000,26071433.244748,32336029.040398,7.328052
1156,691,1.500000,0.086965,0.130447,True,0.123036,-0.007411,31.000000,0.000000,26071433.244748,36885404.667660,6.932099
1156,691,2.000000,0.086965,0.173930,True,0.123036,-0.050893,31.000000,0.000000,26071433.244748,36885404.667660,7.048481
1293,143,1.250000,0.104642,0.130803,True,0.131426,0.000623,30.000000,5.000000,31370973.207620,39400375.329413,7.183046
1293,143,1.500000,0.104642,0.156963,True,0.154903,-0.002061,39.000000,2.000000,31370973.207620,46438686.674281,7.321845
1293,143,2.000000,0.104642,0.209285,True,0.154903,-0.054382,39.000000,2.000000,31370973.207620,46438686.674281,7.285558
278,354,1.250000,0.078717,0.098396,True,0.096272,-0.002125,13.000000,6.000000,23598784.850013,28861520.981777,7.435405
278,354,1.500000,0.078717,0.118076,True,0.096272,-0.021804,13.000000,6.000000,23598784.850013,28861520.981777,7.541443
278,354,2.000000,0.078717,0.157434,True,0.096272,-0.061162,13.000000,6.000000,23598784.850013,28861520.981777,7.416112
1277,1533,1.250000,0.089685,0.112106,True,0.111435,-0.000671,20.000000,6.000000,26886773.183018,33407260.959407,5.994622
1277,1533,1.500000,0.089685,0.134527,True,0.120069,-0.014458,21.000000,5.000000,26886773.183018,35995697.662441,5.973048
1277,1533,2.000000,0.089685,0.179369,True,0.120069,-0.059301,21.000000,5.000000,26886773.183018,35995697.662441,6.026865
1291,933,1.250000,0.091505,0.114381,True,0.112103,-0.002277,22.000000,4.000000,27432407.229817,33607740.661629,7.609569
1291,933,1.500000,0.091505,0.137257,True,0.125180,-0.012077,21.000000,7.000000,27432407.229817,37528145.796448,7.472109
1291,933,2.000000,0.091505,0.183009,True,0.125180,-0.057829,21.000000,7.000000,27432407.229817,37528145.796448,7.405953
1253,855,1.250000,0.072580,0.090725,True,0.089515,-0.001210,8.000000,15.000000,21759038.659486,26836057.985875,3.656194
1253,855,1.500000,0.072580,0.108871,True,0.111668,0.002798,11.000000,16.000000,21759038.659486,33477372.934481,3.585414
1253,855,2.000000,0.072580,0.145161,True,0.111668,-0.033492,11.000000,16.000000,21759038.659486,33477372.934481,3.641713
1399,1566,1.250000,0.085120,0.106400,True,0.106035,-0.000364,16.000000,6.000000,25518235.366452,31788556.574025,7.059992
1399,1566,1.500000,0.085120,0.127680,True,0.124593,-0.003086,22.000000,5.000000,25518235.366452,37352170.358814,7.331749
1399,1566,2.000000,0.085120,0.170239,True,0.131623,-0.038616,19.000000,7.000000,25518235.366452,39459650.599642,7.017297
1521,559,1.250000,0.134423,0.168029,True,0.168905,0.000877,19.000000,22.000000,40298941.921094,50636518.069048,6.560541
1521,559,1.500000,0.134423,0.201634,True,0.177296,-0.024338,37.000000,6.000000,40298941.921094,53151952.892593,6.541535
1521,559,2.000000,0.134423,0.268846,True,0.177296,-0.091550,37.000000,6.000000,40298941.921094,53151952.892593,6.585417
229,926,1.250000,0.154565,0.193206,True,0.176841,-0.016365,14.000000,28.000000,46337391.559994,53015624.821870,7.058635
229,926,1.500000,0.154565,0.231847,True,0.176841,-0.055006,14.000000,28.000000,46337391.559994,53015624.821870,7.277551
229,926,2.000000,0.154565,0.309130,True,0.176841,-0.132289,14.000000,28.000000,46337391.559994,53015624.821870,7.005185
1178,327,1.250000,0.153895,0.192369,True,0.190319,-0.002050,34.000000,8.000000,46136680.658296,57056153.939528,7.664968
1178,327,1.500000,0.153895,0.230843,True,0.207654,-0.023189,41.000000,5.000000,46136680.658296,62253224.121031,7.712855
1178,327,2.000000,0.153895,0.307791,True,0.207654,-0.100136,41.000000,5.000000,46136680.658296,62253224.121031,7.509519
1490,487,1.250000,0.146140,0.182676,True,0.182701,0.000026,33.000000,12.000000,43811803.276020,54772516.195545,6.656067
1490,487,1.500000,0.146140,0.219211,True,0.182701,-0.036509,33.000000,12.000000,43811803.276020,54772516.195545,6.602647
1490,487,2.000000,0.146140,0.292281,True,0.182701,-0.109579,33.000000,12.000000,43811803.276020,54772516.195545,6.576377
208,705,1.250000,0.133749,0.167186,True,0.154339,-0.012847,17.000000,18.000000,40096923.509602,46269633.291189,6.511025
208,705,1.500000,0.133749,0.200623,True,0.154339,-0.046285,17.000000,18.000000,40096923.509602,46269633.291189,6.413490
208,705,2.000000,0.133749,0.267498,True,0.154339,-0.113159,17.000000,18.000000,40096923.509602,46269633.291189,6.363659
179,676,1.250000,0.131008,0.163759,True,0.161956,-0.001804,25.000000,13.000000,39275071.089133,48553092.916534,6.455161
179,676,1.500000,0.131008,0.196511,True,0.177720,-0.018791,30.000000,10.000000,39275071.089133,53279130.154785,6.219653
179,676,2.000000,0.131008,0.262015,True,0.177720,-0.084295,30.000000,10.000000,39275071.089133,53279130.154785,6.222207
1142,235,1.250000,0.137049,0.171312,True,0.169597,-0.001714,28.000000,15.000000,41086320.499802,50843907.408542,5.418325
1142,235,1.500000,0.137049,0.205574,True,0.188085,-0.017489,30.000000,17.000000,41086320.499802,56386429.122708,5.403063
1142,235,2.000000,0.137049,0.274098,True,0.188085,-0.086014,30.000000,17.000000,41086320.499802,56386429.122708,5.554902
1459,804,1.250000,0.130683,0.163354,True,0.161724,-0.001630,35.000000,5.000000,39177844.657001,48483557.626620,6.089881
1459,804,1.500000,0.130683,0.196025,True,0.161724,-0.034301,35.000000,5.000000,39177844.657001,48483557.626620,5.886148
1459,804,2.000000,0.130683,0.261366,True,0.161724,-0.099643,35.000000,5.000000,39177844.657001,48483557.626620,6.044087
598,73,1.250000,0.106722,0.133402,True,0.116012,-0.017391,25.000000,5.000000,31994416.503376,34779463.724877,4.146297
598,73,1.500000,0.106722,0.160083,True,0.116012,-0.044071,25.000000,5.000000,31994416.503376,34779463.724877,4.197619
598,73,2.000000,0.106722,0.213444,True,0.116012,-0.097432,25.000000,5.000000,31994416.503376,34779463.724877,4.601784
459,944,1.250000,0.081316,0.101645,True,0.103535,0.001890,9.000000,21.000000,24377816.255636,31038942.706751,2.429955
459,944,1.500000,0.081316,0.121973,True,0.112589,-0.009384,11.000000,21.000000,24377816.255636,33753370.510931,2.580250
459,944,2.000000,0.081316,0.162631,True,0.112589,-0.050042,11.000000,21.000000,24377816.255636,33753370.510931,2.358899
1394,276,1.250000,0.093514,0.116893,True,0.119041,0.002148,28.000000,4.000000,28034802.768161,35687583.587564,6.687132
1394,276,1.500000,0.093514,0.140271,True,0.141034,0.000763,28.000000,6.000000,28034802.768161,42281016.438438,6.861329
1394,276,2.000000,0.093514,0.187028,True,0.141034,-0.045994,28.000000,6.000000,28034802.768161,42281016.438438,6.563014
548,954,1.250000,0.128983,0.161228,True,0.162218,0.000989,26.000000,10.000000,38668063.709038,48631674.197222,7.235793
548,954,1.500000,0.128983,0.193474,True,0.176321,-0.017153,15.000000,27.000000,38668063.709038,52859707.868818,7.006495
548,954,2.000000,0.128983,0.257966,True,0.176321,-0.081645,15.000000,27.000000,38668063.709038,52859707.868818,7.108712
1403,917,1.250000,0.093132,0.116415,True,0.116833,0.000419,29.000000,2.000000,27920160.889369,35025697.274515,6.401386
1403,917,1.500000,0.093132,0.139697,True,0.134046,-0.005651,22.000000,11.000000,27920160.889369,40185997.925058,6.512566
1403,917,2.000000,0.093132,0.186263,True,0.134046,-0.052217,22.000000,11.000000,27920160.889369,40185997.925058,6.515810
695,7,1.250000,0.141699,0.177123,True,0.176209,-0.000914,40.000000,4.000000,42480178.389212,52826172.229843,7.299522
695,7,1.500000,0.141699,0.212548,True,0.193580,-0.018968,44.000000,6.000000,42480178.389212,58033908.547641,7.484559
695,7,2.000000,0.141699,0.283397,True,0.193580,-0.089817,44.000000,6.000000,42480178.389212,58033908.547641,7.640957
27,465,1.250000,0.083817,0.104771,True,0.105690,0.000919,21.000000,4.000000,25127732.585928,31685112.220450,5.988681
27,465,1.500000,0.083817,0.125726,True,0.115973,-0.009752,20.000000,9.000000,25127732.585928,34767977.668612,6.083150
27,465,2.000000,0.083817,0.167634,True,0.115973,-0.051661,20.000000,9.000000,25127732.585928,34767977.668612,6.148773
1043,333,1.250000,0.147994,0.184993,True,0.183384,-0.001609,35.000000,8.000000,44367538.973374,54977087.817508,7.109380
1043,333,1.500000,0.147994,0.221991,True,0.214546,-0.007445,43.000000,8.000000,44367538.973374,64319314.518310,7.534794
1043,333,2.000000,0.147994,0.295988,True,0.214546,-0.081442,43.000000,8.000000,44367538.973374,64319314.518310,7.163376
1477,953,1.250000,0.111104,0.138880,True,0.117019,-0.021861,25.000000,4.000000,33308198.190443,35081482.368694,1.779932
1477,953,1.500000,0.111104,0.166656,True,0.117019,-0.049637,25.000000,4.000000,33308198.190443,35081482.368694,1.866880
1477,953,2.000000,0.111104,0.222208,True,0.117019,-0.105189,25.000000,4.000000,33308198.190443,35081482.368694,1.764482
1452,1579,1.250000,0.050355,0.062944,True,0.068387,0.005443,11.000000,2.000000,15096048.280384,20501821.618171,3.015875
1452,1579,1.500000,0.050355,0.075532,True,0.072582,-0.002951,12.000000,3.000000,15096048.280384,21759526.028126,2.898679
1452,1579,2.000000,0.050355,0.100710,True,0.081575,-0.019135,11.000000,4.000000,15096048.280384,24455552.180473,3.155399
320,54,1.250000,0.052248,0.065310,True,0.063531,-0.001778,17.000000,0.000000,15663497.667575,19046211.912495,7.256684
320,54,1.500000,0.052248,0.078372,True,0.076602,-0.001770,19.000000,0.000000,15663497.667575,22964641.805535,7.110071
320,54,2.000000,0.052248,0.104496,True,0.098412,-0.006084,20.000000,1.000000,15663497.667575,29503129.596010,7.406083
372,398,1.250000,0.032736,0.040920,True,0.039551,-0.001369,3.000000,6.000000,9814115.417030,11857123.704639,6.311975
372,398,1.500000,0.032736,0.049105,True,0.048484,-0.000621,6.000000,5.000000,9814115.417030,14535139.242801,6.234606
372,398,2.000000,0.032736,0.065473,True,0.061861,-0.003612,6.000000,7.000000,9814115.417030,18545495.411813,6.585578
1178,376,1.250000,0.183133,0.228916,True,0.229413,0.000498,16.000000,38.000000,54901762.559074,68776398.165792,7.319853
1178,376,1.500000,0.183133,0.274699,True,0.229413,-0.045285,16.000000,38.000000,54901762.559074,68776398.165792,7.132820
1178,376,2.000000,0.183133,0.366265,True,0.229413,-0.136852,16.000000,38.000000,54901762.559074,68776398.165792,7.436394
773,849,1.250000,0.074160,0.092700,True,0.091326,-0.001374,14.000000,2.000000,22232516.595608,27378793.257760,7.478120
773,849,1.500000,0.074160,0.111240,True,0.091326,-0.019914,14.000000,2.000000,22232516.595608,27378793.257760,7.610574
773,849,2.000000,0.074160,0.148319,True,0.091326,-0.056994,14.000000,2.000000,22232516.595608,27378793.257760,7.541594
188,785,1.250000,0.110140,0.137675,True,0.137334,-0.000341,31.000000,2.000000,33019141.784972,41171563.026127,7.588621
188,785,1.500000,0.110140,0.165210,True,0.137334,-0.027876,31.000000,2.000000,33019141.784972,41171563.026127,7.920884
188,785,2.000000,0.110140,0.220280,True,0.137334,-0.082946,31.000000,2.000000,33019141.784972,41171563.026127,7.391801
733,90,1.250000,0.132967,0.166209,True,0.166814,0.000605,11.000000,30.000000,39862541.730837,50009452.175614,6.157295
733,90,1.500000,0.132967,0.199451,True,0.175481,-0.023969,11.000000,32.000000,39862541.730837,52607974.260550,6.185765
733,90,2.000000,0.132967,0.265934,True,0.175481,-0.090453,11.000000,32.000000,39862541.730837,52607974.260550,6.186726
1159,4,1.250000,0.137428,0.171785,True,0.172207,0.000422,40.000000,0.000000,41199820.773649,51626384.102869,6.539149
1159,4,1.500000,0.137428,0.206142,True,0.172207,-0.033935,40.000000,0.000000,41199820.773649,51626384.102869,6.855017
1159,4,2.000000,0.137428,0.274856,True,0.172207,-0.102649,40.000000,0.000000,41199820.773649,51626384.102869,6.397813
1492,522,1.250000,0.114718,0.143397,True,0.143390,-0.000008,31.000000,4.000000,34391589.255539,42987107.733396,7.425826
1492,522,1.500000,0.114718,0.172077,True,0.174245,0.002168,37.000000,4.000000,34391589.255539,52237384.905703,7.828633
1492,522,2.000000,0.114718,0.229436,True,0.174245,-0.055191,37.000000,4.000000,34391589.255539,52237384.905703,7.450351
1177,1213,1.250000,0.059025,0.073782,True,0.075095,0.001314,13.000000,2.000000,17695312.190125,22512938.278273,7.504421
1177,1213,1.500000,0.059025,0.088538,True,0.088140,-0.000397,15.000000,2.000000,17695312.190125,26423829.556591,7.627832
1177,1213,2.000000,0.059025,0.118050,True,0.088140,-0.029910,15.000000,2.000000,17695312.190125,26423829.556591,7.608341
1496,735,1.250000,0.172357,0.215446,True,0.209681,-0.005766,14.000000,37.000000,51671329.140833,62860636.709896,3.488976
1496,735,1.500000,0.172357,0.258536,True,0.209681,-0.048855,14.000000,37.000000,51671329.140833,62860636.709896,3.402233
1496,735,2.000000,0.172357,0.344714,True,0.209681,-0.135033,14.000000,37.000000,51671329.140833,62860636.709896,3.441398
147,328,1.250000,0.060058,0.075073,True,0.074139,-0.000934,13.000000,5.000000,18005022.484018,22226288.079765,7.800317
147,328,1.500000,0.060058,0.090087,True,0.074139,-0.015949,13.000000,5.000000,18005022.484018,22226288.079765,8.028605
147,328,2.000000,0.060058,0.120117,True,0.074139,-0.045978,13.000000,5.000000,18005022.484018,22226288.079765,7.563437
549,671,1.250000,0.085207,0.106508,True,0.102279,-0.004229,14.000000,7.000000,25544268.809885,30662588.925433,6.037188
549,671,1.500000,0.085207,0.127810,True,0.102279,-0.025530,14.000000,7.000000,25544268.809885,30662588.925433,6.016458
549,671,2.000000,0.085207,0.170413,True,0.102279,-0.068134,14.000000,7.000000,25544268.809885,30662588.925433,6.095661
1177,200,1.250000,0.150478,0.188097,True,0.188070,-0.000027,21.000000,23.000000,45112025.425931,56381838.727647,7.046757
1177,200,1.500000,0.150478,0.225716,True,0.218389,-0.007327,23.000000,25.000000,45112025.425931,65471455.691435,7.208642
1177,200,2.000000,0.150478,0.300955,True,0.218389,-0.082566,23.000000,25.000000,45112025.425931,65471455.691435,7.180470
1259,80,1.250000,0.117744,0.147180,True,0.139341,-0.007840,31.000000,1.000000,35298849.260002,41773231.625046,6.352754
1259,80,1.500000,0.117744,0.176616,True,0.139341,-0.037276,31.000000,1.000000,35298849.260002,41773231.625046,6.341961
1259,80,2.000000,0.117744,0.235489,True,0.139341,-0.096148,31.000000,1.000000,35298849.260002,41773231.625046,6.278247
1222,1360,1.250000,0.059251,0.074064,True,0.072137,-0.001926,6.000000,9.000000,17762995.606724,21626217.397926,7.483660
1222,1360,1.500000,0.059251,0.088876,True,0.089433,0.000557,10.000000,9.000000,17762995.606724,26811435.041770,7.505133
1222,1360,2.000000,0.059251,0.118502,True,0.089433,-0.029069,10.000000,9.000000,17762995.606724,26811435.041770,7.462545
1101,234,1.250000,0.163742,0.204678,True,0.197899,-0.006778,45.000000,3.000000,49088618.079768,59328660.836325,5.744198
1101,234,1.500000,0.163742,0.245613,True,0.197899,-0.047714,45.000000,3.000000,49088618.079768,59328660.836325,5.924176
1101,234,2.000000,0.163742,0.327484,True,0.197899,-0.129585,45.000000,3.000000,49088618.079768,59328660.836325,5.849944
1122,279,1.250000,0.152702,0.190877,True,0.191497,0.000620,43.000000,4.000000,45778831.588380,57409358.349343,5.906992
1122,279,1.500000,0.152702,0.229053,True,0.208883,-0.020170,46.000000,3.000000,45778831.588380,62621538.001310,5.960292
1122,279,2.000000,0.152702,0.305403,True,0.208883,-0.096521,46.000000,3.000000,45778831.588380,62621538.001310,5.967972
395,424,1.250000,0.052491,0.065613,True,0.064109,-0.001505,7.000000,7.000000,15736306.540882,19219267.958256,4.094180
395,424,1.500000,0.052491,0.078736,True,0.082276,0.003540,9.000000,9.000000,15736306.540882,24665856.615983,4.074799
395,424,2.000000,0.052491,0.104981,True,0.082276,-0.022705,9.000000,9.000000,15736306.540882,24665856.615983,4.094666
1322,610,1.250000,0.159204,0.199005,True,0.192859,-0.006146,16.000000,34.000000,47728158.388097,57817678.004485,4.087750
1322,610,1.500000,0.159204,0.238806,True,0.192859,-0.045947,16.000000,34.000000,47728158.388097,57817678.004485,4.081100
1322,610,2.000000,0.159204,0.318408,True,0.192859,-0.125549,16.000000,34.000000,47728158.388097,57817678.004485,4.122583
1022,860,1.250000,0.074421,0.093026,True,0.094820,0.001794,15.000000,1.000000,22310736.758712,28426280.417582,7.725938
1022,860,1.500000,0.074421,0.111631,True,0.095162,-0.016469,16.000000,1.000000,22310736.758712,28528825.733049,7.789953
1022,860,2.000000,0.074421,0.148841,True,0.095162,-0.053679,16.000000,1.000000,22310736.758712,28528825.733049,7.599045
266,6,1.250000,0.067230,0.084038,False,,,,,20155188.000311,,1.388152
266,6,1.500000,0.067230,0.100846,False,,,,,20155188.000311,,1.417851
266,6,2.000000,0.067230,0.134461,False,,,,,20155188.000311,,1.404296
1110,923,1.250000,0.100340,0.125424,True,0.120606,-0.004819,11.000000,14.000000,30081046.215938,36156627.855654,7.415499
1110,923,1.500000,0.100340,0.150509,True,0.133677,-0.016832,13.000000,14.000000,30081046.215938,40075476.043989,7.086575
1110,923,2.000000,0.100340,0.200679,True,0.133677,-0.067002,13.000000,14.000000,30081046.215938,40075476.043989,6.913222
1115,1254,1.250000,0.070071,0.087589,True,0.090821,0.003232,12.000000,7.000000,21006855.224306,27227458.345059,4.545015
1115,1254,1.500000,0.070071,0.105107,True,0.090821,-0.014286,12.000000,7.000000,21006855.224306,27227458.345059,4.557953
1115,1254,2.000000,0.070071,0.140143,True,0.090821,-0.049322,12.000000,7.000000,21006855.224306,27227458.345059,4.518081
1303,879,1.250000,0.104779,0.130974,True,0.136270,0.005296,15.000000,18.000000,31412069.670513,40852864.928230,5.048820
1303,879,1.500000,0.104779,0.157169,True,0.136270,-0.020899,15.000000,18.000000,31412069.670513,40852864.928230,5.006992
1303,879,2.000000,0.104779,0.209559,True,0.136270,-0.073288,15.000000,18.000000,31412069.670513,40852864.928230,5.024514
634,820,1.250000,0.096279,0.120349,True,0.116877,-0.003472,10.000000,14.000000,28863814.471012,35038905.496793,6.347843
634,820,1.500000,0.096279,0.144419,True,0.116877,-0.027542,10.000000,14.000000,28863814.471012,35038905.496793,6.285281
634,820,2.000000,0.096279,0.192559,True,0.116877,-0.075681,10.000000,14.000000,28863814.471012,35038905.496793,6.295460
389,502,1.250000,0.036786,0.045983,True,0.048252,0.002269,7.000000,4.000000,11028193.811594,14465455.415165,6.946343
389,502,1.500000,0.036786,0.055179,True,0.053239,-0.001940,11.000000,0.000000,11028193.811594,15960573.437524,6.843871
389,502,2.000000,0.036786,0.073572,True,0.071966,-0.001606,10.000000,7.000000,11028193.811594,21574788.552054,7.021317
1101,487,1.250000,0.105848,0.132310,True,0.132829,0.000519,18.000000,17.000000,31732462.922315,39821110.902092,6.230011
1101,487,1.500000,0.105848,0.158772,True,0.155226,-0.003547,13.000000,26.000000,31732462.922315,46535454.955140,6.154771
1101,487,2.000000,0.105848,0.211696,True,0.163234,-0.048462,24.000000,17.000000,31732462.922315,48936267.344190,6.225936
289,719,1.250000,0.126581,0.158226,True,0.147803,-0.010423,15.000000,21.000000,37948005.115658,44310294.040301,5.429391
289,719,1.500000,0.126581,0.189871,True,0.147803,-0.042068,15.000000,21.000000,37948005.115658,44310294.040301,5.292066
289,719,2.000000,0.126581,0.253162,True,0.147803,-0.105359,15.000000,21.000000,37948005.115658,44310294.040301,5.548240
1548,348,1.250000,0.122288,0.152860,True,0.152367,-0.000494,35.000000,1.000000,36661106.030003,45678343.803705,7.283499
1548,348,1.500000,0.122288,0.183432,True,0.173885,-0.009547,40.000000,0.000000,36661106.030003,52129427.506047,7.262972
1548,348,2.000000,0.122288,0.244577,True,0.173885,-0.070692,40.000000,0.000000,36661106.030003,52129427.506047,7.342676
549,846,1.250000,0.117861,0.147326,True,0.135153,-0.012173,21.000000,9.000000,35333796.795381,40517813.923205,5.965988
549,846,1.500000,0.117861,0.176791,True,0.135153,-0.041638,21.000000,9.000000,35333796.795381,40517813.923205,6.297207
549,846,2.000000,0.117861,0.235722,True,0.135153,-0.100569,21.000000,9.000000,35333796.795381,40517813.923205,6.052947
1361,602,1.250000,0.183144,0.228930,True,0.205361,-0.023569,37.000000,15.000000,54905208.210064,61565604.281556,4.017382
1361,602,1.500000,0.183144,0.274716,True,0.205361,-0.069355,37.000000,15.000000,54905208.210064,61565604.281556,4.196995
1361,602,2.000000,0.183144,0.366288,True,0.205361,-0.160927,37.000000,15.000000,54905208.210064,61565604.281556,4.167360
409,777,1.250000,0.095964,0.119955,True,0.120685,0.000730,29.000000,3.000000,28769318.846962,36180366.560907,8.034673
409,777,1.500000,0.095964,0.143946,True,0.142885,-0.001061,30.000000,4.000000,28769318.846962,42835806.359395,7.623866
409,777,2.000000,0.095964,0.191928,True,0.147308,-0.044621,32.000000,4.000000,28769318.846962,44161707.548827,7.773792
145,742,1.250000,0.112843,0.141053,True,0.141388,0.000334,32.000000,3.000000,33829380.996277,42386992.776985,5.330369
145,742,1.500000,0.112843,0.169264,True,0.145501,-0.023763,32.000000,3.000000,33829380.996277,43619993.723250,5.390789
145,742,2.000000,0.112843,0.225685,True,0.145501,-0.080185,32.000000,3.000000,33829380.996277,43619993.723250,5.425832
530,535,1.250000,0.032870,0.041087,True,0.040823,-0.000264,4.000000,4.000000,9854113.116075,12238475.759261,2.877210
530,535,1.500000,0.032870,0.049305,True,0.053867,0.004562,4.000000,6.000000,9854113.116075,16148784.684443,2.894581
530,535,2.000000,0.032870,0.065740,True,0.058950,-0.006789,9.000000,3.000000,9854113.116075,17672808.647678,3.058552
1269,282,1.250000,0.116581,0.145727,True,0.144020,-0.001706,24.000000,13.000000,34950199.115821,43176237.501046,5.882182
1269,282,1.500000,0.116581,0.174872,True,0.160792,-0.014080,33.000000,6.000000,34950199.115821,48204134.530664,6.118741
1269,282,2.000000,0.116581,0.233163,True,0.160792,-0.072371,33.000000,6.000000,34950199.115821,48204134.530664,5.892156
1303,1340,1.250000,0.047992,0.059990,True,0.060138,0.000148,4.000000,7.000000,14387684.848302,18028955.943996,5.308692
1303,1340,1.500000,0.047992,0.071988,True,0.065242,-0.006747,6.000000,7.000000,14387684.848302,19558934.171091,4.880797
1303,1340,2.000000,0.047992,0.095984,True,0.082685,-0.013299,11.000000,6.000000,14387684.848302,24788446.146091,4.869188
1137,123,1.250000,0.101701,0.127126,True,0.128421,0.001295,34.000000,1.000000,30489223.935899,38499725.717903,5.889537
1137,123,1.500000,0.101701,0.152552,True,0.152130,-0.000422,32.000000,5.000000,30489223.935899,45607292.990427,6.029148
1137,123,2.000000,0.101701,0.203402,True,0.152130,-0.051273,32.000000,5.000000,30489223.935899,45607292.990427,6.037932
1208,901,1.250000,0.052802,0.066003,True,0.067845,0.001842,12.000000,6.000000,15829775.662580,20339468.833919,4.622573
1208,901,1.500000,0.052802,0.079204,True,0.080993,0.001790,14.000000,8.000000,15829775.662580,24281163.696351,4.757180
1208,901,2.000000,0.052802,0.105605,True,0.085257,-0.020348,13.000000,9.000000,15829775.662580,25559485.867032,4.727357
1268,177,1.250000,0.133097,0.166372,True,0.165041,-0.001331,34.000000,7.000000,39901600.151518,49477994.148412,6.953004
1268,177,1.500000,0.133097,0.199646,True,0.182083,-0.017563,27.000000,18.000000,39901600.151518,54587058.011732,6.771667
1268,177,2.000000,0.133097,0.266195,True,0.182083,-0.084112,27.000000,18.000000,39901600.151518,54587058.011732,6.706446
70,775,1.250000,0.122981,0.153726,True,0.149984,-0.003742,32.000000,6.000000,36868834.346032,44964214.455661,5.368634
70,775,1.500000,0.122981,0.184472,True,0.176175,-0.008296,35.000000,7.000000,36868834.346032,52816064.869294,5.192023
70,775,2.000000,0.122981,0.245962,True,0.176175,-0.069787,35.000000,7.000000,36868834.346032,52816064.869294,5.313814
421,943,1.250000,0.113351,0.141689,True,0.134222,-0.007467,7.000000,29.000000,33981817.875240,40238730.609831,1.996122
421,943,1.500000,0.113351,0.170027,True,0.134222,-0.035805,7.000000,29.000000,33981817.875240,40238730.609831,1.960542
421,943,2.000000,0.113351,0.226702,True,0.134222,-0.092480,7.000000,29.000000,33981817.875240,40238730.609831,2.028967
269,342,1.250000,0.056898,0.071122,True,0.069334,-0.001788,13.000000,0.000000,17057463.711481,20785793.659232,7.020646
269,342,1.500000,0.056898,0.085346,True,0.082446,-0.002900,14.000000,1.000000,17057463.711481,24716823.712482,7.058886
269,342,2.000000,0.056898,0.113795,True,0.082446,-0.031349,14.000000,1.000000,17057463.711481,24716823.712482,6.990711
1083,835,1.250000,0.078615,0.098269,True,0.099373,0.001104,12.000000,11.000000,23568201.920206,29791279.839226,7.262017
1083,835,1.500000,0.078615,0.117923,True,0.099878,-0.018045,9.000000,14.000000,23568201.920206,29942646.766439,7.328007
1083,835,2.000000,0.078615,0.157230,True,0.099878,-0.057352,9.000000,14.000000,23568201.920206,29942646.766439,7.177647
1257,1343,1.250000,0.026368,0.032960,True,0.033648,0.000688,7.000000,2.000000,7904946.723332,10087481.837585,4.176162
1257,1343,1.500000,0.026368,0.039552,True,0.038397,-0.001155,6.000000,3.000000,7904946.723332,11511029.574012,4.262859
1257,1343,2.000000,0.026368,0.052736,True,0.055253,0.002517,3.000000,8.000000,7904946.723332,16564480.682853,4.331391
1068,953,1.250000,0.047838,0.059798,True,0.063981,0.004184,12.000000,0.000000,14341478.114284,19181134.067668,7.592059
1068,953,1.500000,0.047838,0.071757,True,0.072291,0.000534,15.000000,0.000000,14341478.114284,21672385.683872,7.539615
1068,953,2.000000,0.047838,0.095676,True,0.098912,0.003236,18.000000,0.000000,14341478.114284,29653037.793620,7.524483
1214,783,1.250000,0.124298,0.155373,True,0.151059,-0.004314,35.000000,1.000000,37263704.924914,45286281.221862,7.465784
1214,783,1.500000,0.124298,0.186448,True,0.151059,-0.035389,35.000000,1.000000,37263704.924914,45286281.221862,7.662992
1214,783,2.000000,0.124298,0.248597,True,0.151059,-0.097538,35.000000,1.000000,37263704.924914,45286281.221862,7.405563
1386,1483,1.250000,0.072172,0.090215,True,0.092907,0.002692,10.000000,8.000000,21636638.520605,27852956.268600,4.842451
1386,1483,1.500000,0.072172,0.108258,True,0.100690,-0.007568,10.000000,8.000000,21636638.520605,30186193.847480,4.763802
1386,1483,2.000000,0.072172,0.144344,True,0.100690,-0.043654,10.000000,8.000000,21636638.520605,30186193.847480,4.857163
166,193,1.250000,0.034928,0.043660,True,0.046763,0.003103,9.000000,0.000000,10471132.620453,14019126.427644,5.608628
166,193,1.500000,0.034928,0.052392,True,0.051860,-0.000532,11.000000,0.000000,10471132.620453,15547195.245531,5.566486
166,193,2.000000,0.034928,0.069856,True,0.069080,-0.000776,12.000000,1.000000,10471132.620453,20709540.393992,5.467107
132,926,1.250000,0.130835,0.163544,False,,,,,39223307.588024,,1.327854
132,926,1.500000,0.130835,0.196252,False,,,,,39223307.588024,,1.327129
132,926,2.000000,0.130835,0.261670,False,,,,,39223307.588024,,1.348750
252,539,1.250000,0.047773,0.059717,True,0.063829,0.004113,17.000000,0.000000,14322083.320492,19135578.704962,7.627111
252,539,1.500000,0.047773,0.071660,True,0.068010,-0.003650,19.000000,0.000000,14322083.320492,20388810.918872,7.629271
252,539,2.000000,0.047773,0.095547,True,0.094102,-0.001444,23.000000,2.000000,14322083.320492,28211167.659984,7.966716
313,532,1.250000,0.042954,0.053693,True,0.053445,-0.000248,1.000000,13.000000,12877291.595825,16022286.655300,3.539005
313,532,1.500000,0.042954,0.064431,True,0.062891,-0.001540,3.000000,13.000000,12877291.595825,18854279.710688,3.494517
313,532,2.000000,0.042954,0.085908,True,0.082127,-0.003781,5.000000,17.000000,12877291.595825,24620942.368249,3.410992
1108,994,1.250000,0.042751,0.053438,True,0.053451,0.000013,10.000000,0.000000,12816298.866543,16024269.458043,7.737183
1108,994,1.500000,0.042751,0.064126,True,0.063187,-0.000939,12.000000,0.000000,12816298.866543,18942883.938863,7.692389
1108,994,2.000000,0.042751,0.085501,True,0.071980,-0.013521,14.000000,0.000000,12816298.866543,21579049.243156,7.648006
1100,1490,1.250000,0.096184,0.120229,True,0.120295,0.000066,14.000000,14.000000,28835114.000263,36063654.196619,6.073977
1100,1490,1.500000,0.096184,0.144275,True,0.145104,0.000828,26.000000,8.000000,28835114.000263,43501042.112202,6.325718
1100,1490,2.000000,0.096184,0.192367,True,0.145104,-0.047263,26.000000,8.000000,28835114.000263,43501042.112202,6.174434
575,722,1.250000,0.065516,0.081896,True,0.073283,-0.008613,3.000000,11.000000,19641323.732257,21969545.074499,1.830726
575,722,1.500000,0.065516,0.098275,True,0.073283,-0.024992,3.000000,11.000000,19641323.732257,21969545.074499,1.718062
575,722,2.000000,0.065516,0.131033,True,0.073283,-0.057750,3.000000,11.000000,19641323.732257,21969545.074499,1.699182
392,395,1.250000,0.019677,0.024596,True,0.026752,0.002156,3.000000,3.000000,5899049.661296,8020133.711254,5.311877
392,395,1.500000,0.019677,0.029516,True,0.030777,0.001262,3.000000,3.000000,5899049.661296,9226813.578632,5.388553
392,395,2.000000,0.019677,0.039354,True,0.039901,0.000547,5.000000,3.000000,5899049.661296,11961976.895705,5.192038
383,795,1.250000,0.102738,0.128422,True,0.128483,0.000061,19.000000,9.000000,30800055.712952,38518262.755895,7.383390
383,795,1.500000,0.102738,0.154107,True,0.138305,-0.015802,15.000000,15.000000,30800055.712952,41462891.609054,7.369124
383,795,2.000000,0.102738,0.205476,True,0.138305,-0.067171,15.000000,15.000000,30800055.712952,41462891.609054,7.484150
63,852,1.250000,0.146412,0.183015,True,0.184111,0.001096,24.000000,22.000000,43893163.549892,55195037.716963,6.268270
63,852,1.500000,0.146412,0.219618,True,0.192816,-0.026801,11.000000,37.000000,43893163.549892,57804922.426322,6.521931
63,852,2.000000,0.146412,0.292824,True,0.192816,-0.100007,11.000000,37.000000,43893163.549892,57804922.426322,6.240754
713,928,1.250000,0.066792,0.083490,True,0.083459,-0.000031,18.000000,2.000000,20023749.655044,25020307.123007,6.806521
713,928,1.500000,0.066792,0.100188,True,0.100673,0.000485,19.000000,3.000000,20023749.655044,30181115.850253,6.714561
713,928,2.000000,0.066792,0.133584,True,0.110324,-0.023260,20.000000,4.000000,20023749.655044,33074311.348699,6.540489
1222,1240,1.250000,0.028231,0.035289,True,0.035298,0.000009,4.000000,2.000000,8463455.545749,10581938.219876,7.539093
1222,1240,1.500000,0.028231,0.042347,True,0.044169,0.001823,6.000000,2.000000,8463455.545749,13241648.902657,7.521178
1222,1240,2.000000,0.028231,0.056462,True,0.048487,-0.007975,7.000000,2.000000,8463455.545749,14536095.254949,7.583069
1015,921,1.250000,0.054459,0.068073,True,0.066024,-0.002049,8.000000,6.000000,16326331.840066,19793633.481700,5.681184
1015,921,1.500000,0.054459,0.081688,True,0.070792,-0.010896,8.000000,8.000000,16326331.840066,21222997.514215,6.018107
1015,921,2.000000,0.054459,0.108918,True,0.070792,-0.038125,8.000000,8.000000,16326331.840066,21222997.514215,5.879793
29,520,1.250000,0.117649,0.147061,True,0.143862,-0.003199,36.000000,0.000000,35270224.605440,43128891.628516,7.083398
29,520,1.500000,0.117649,0.176473,True,0.166386,-0.010088,37.000000,3.000000,35270224.605440,49881139.755621,7.157392
29,520,2.000000,0.117649,0.235298,True,0.166386,-0.068912,37.000000,3.000000,35270224.605440,49881139.755621,7.202381
1282,21,1.250000,0.091721,0.114651,True,0.118246,0.003595,20.000000,8.000000,27497218.146668,35449223.178031,6.252970
1282,21,1.500000,0.091721,0.137581,True,0.118246,-0.019335,20.000000,8.000000,27497218.146668,35449223.178031,6.180761
1282,21,2.000000,0.091721,0.183442,True,0.118246,-0.065196,20.000000,8.000000,27497218.146668,35449223.178031,6.288285
1004,1123,1.250000,0.078702,0.098377,True,0.095710,-0.002668,10.000000,8.000000,23594219.406748,28693057.305746,5.919930
1004,1123,1.500000,0.078702,0.118053,True,0.095710,-0.022343,10.000000,8.000000,23594219.406748,28693057.305746,6.083713
1004,1123,2.000000,0.078702,0.157404,True,0.095710,-0.061694,10.000000,8.000000,23594219.406748,28693057.305746,5.813247
1222,371,1.250000,0.153895,0.192369,True,0.190342,-0.002027,31.000000,14.000000,46136680.658296,57063059.073335,7.641600
1222,371,1.500000,0.153895,0.230843,True,0.216910,-0.013933,38.000000,12.000000,46136680.658296,65027953.303118,7.506191
1222,371,2.000000,0.153895,0.307791,True,0.216910,-0.090881,38.000000,12.000000,46136680.658296,65027953.303118,7.426319
796,906,1.250000,0.019273,0.024092,True,0.040434,0.016342,7.000000,1.000000,5777967.810177,12121669.820217,6.518640
796,906,1.500000,0.019273,0.028910,True,0.040434,0.011524,7.000000,1.000000,5777967.810177,12121669.820217,7.284432
796,906,2.000000,0.019273,0.038546,True,0.040434,0.001887,7.000000,1.000000,5777967.810177,12121669.820217,7.496737
1241,1441,1.250000,0.043666,0.054583,True,0.054726,0.000143,11.000000,3.000000,13090880.761815,16406361.956786,7.576035
1241,1441,1.500000,0.043666,0.065500,True,0.063558,-0.001941,10.000000,4.000000,13090880.761815,19054281.120381,7.507661
1241,1441,2.000000,0.043666,0.087333,True,0.080893,-0.006440,12.000000,6.000000,13090880.761815,24251220.416739,7.665654
1142,1357,1.250000,0.066845,0.083557,True,0.082926,-0.000631,4.000000,14.000000,20039735.732331,24860468.024954,5.281189
1142,1357,1.500000,0.066845,0.100268,True,0.096759,-0.003509,7.000000,15.000000,20039735.732331,29007532.141456,5.302030
1142,1357,2.000000,0.066845,0.133691,True,0.118912,-0.014779,10.000000,16.000000,20039735.732331,35648847.090063,5.504735
1349,784,1.250000,0.130708,0.163385,True,0.165895,0.002510,37.000000,5.000000,39185381.124928,49734204.346400,5.446082
1349,784,1.500000,0.130708,0.196063,True,0.169594,-0.026468,38.000000,4.000000,39185381.124928,50843116.134323,5.430863
1349,784,2.000000,0.130708,0.261417,True,0.169594,-0.091822,38.000000,4.000000,39185381.124928,50843116.134323,5.503082
488,883,1.250000,0.070165,0.087706,True,0.083589,-0.004117,9.000000,13.000000,21034892.353853,25059446.350313,4.692048
488,883,1.500000,0.070165,0.105247,True,0.106353,0.001106,12.000000,14.000000,21034892.353853,31883847.385709,4.636207
488,883,2.000000,0.070165,0.140330,True,0.124651,-0.015678,15.000000,15.000000,21034892.353853,37369572.851895,4.569344
1012,1205,1.250000,0.058983,0.073729,True,0.077329,0.003600,9.000000,7.000000,17682776.749998,23182609.618206,2.579248
1012,1205,1.500000,0.058983,0.088475,True,0.090494,0.002019,11.000000,9.000000,17682776.749998,27129448.936164,2.437661
1012,1205,2.000000,0.058983,0.117967,True,0.090494,-0.027473,11.000000,9.000000,17682776.749998,27129448.936164,2.472948
1543,882,1.250000,0.108907,0.136134,True,0.134980,-0.001154,32.000000,6.000000,32649562.469509,40465870.322988,6.712713
1543,882,1.500000,0.108907,0.163361,True,0.159101,-0.004259,32.000000,8.000000,32649562.469509,47697417.050462,6.522744
1543,882,2.000000,0.108907,0.217814,True,0.159101,-0.058713,32.000000,8.000000,32649562.469509,47697417.050462,6.481818
275,708,1.250000,0.111240,0.139050,True,0.138577,-0.000473,28.000000,4.000000,33348895.194352,41544431.967666,7.789236
275,708,1.500000,0.111240,0.166860,True,0.160496,-0.006364,33.000000,3.000000,33348895.194352,48115594.745793,7.719479
275,708,2.000000,0.111240,0.222480,True,0.160496,-0.061984,33.000000,3.000000,33348895.194352,48115594.745793,7.792616
1473,719,1.250000,0.151748,0.189685,True,0.188145,-0.001541,14.000000,33.000000,45492983.173904,56404366.473082,5.359196
1473,719,1.500000,0.151748,0.227622,True,0.214399,-0.013223,17.000000,34.000000,45492983.173904,64275312.999086,5.647189
1473,719,2.000000,0.151748,0.303497,True,0.214399,-0.089097,17.000000,34.000000,45492983.173904,64275312.999086,5.470727
725,988,1.250000,0.046195,0.057744,False,,,,,13849047.737725,,1.274498
725,988,1.500000,0.046195,0.069293,False,,,,,13849047.737725,,1.287035
725,988,2.000000,0.046195,0.092391,False,,,,,13849047.737725,,1.399328
665,770,1.250000,0.050359,0.062949,True,0.063317,0.000368,4.000000,9.000000,15097338.474824,18982048.260938,4.940184
665,770,1.500000,0.050359,0.075539,True,0.075748,0.000209,3.000000,12.000000,15097338.474824,22708599.202936,5.086824
665,770,2.000000,0.050359,0.100719,True,0.099009,-0.001709,4.000000,17.000000,15097338.474824,29682243.103084,5.093835
1531,748,1.250000,0.174760,0.218449,True,0.199449,-0.019000,13.000000,36.000000,52391583.467071,59793287.275272,6.728120
1531,748,1.500000,0.174760,0.262139,True,0.199449,-0.062690,13.000000,36.000000,52391583.467071,59793287.275272,6.620631
1531,748,2.000000,0.174760,0.349519,True,0.199449,-0.150070,13.000000,36.000000,52391583.467071,59793287.275272,6.511597
438,774,1.250000,0.091665,0.114581,True,0.114265,-0.000316,7.000000,22.000000,27480515.281410,34255899.143069,6.254180
438,774,1.500000,0.091665,0.137498,True,0.125752,-0.011746,9.000000,22.000000,27480515.281410,37699380.492007,6.387827
438,774,2.000000,0.091665,0.183330,True,0.125752,-0.057579,9.000000,22.000000,27480515.281410,37699380.492007,6.567413
205,244,1.250000,0.039700,0.049625,True,0.047816,-0.001810,3.000000,7.000000,11901821.918044,14334800.133189,4.305174
205,244,1.500000,0.039700,0.059550,True,0.061037,0.001487,7.000000,5.000000,11901821.918044,18298434.849345,4.285450
205,244,2.000000,0.039700,0.079400,True,0.064847,-0.014553,8.000000,4.000000,11901821.918044,19440676.676702,4.085374
1039,1492,1.250000,0.124456,0.155571,True,0.146403,-0.009168,27.000000,9.000000,37311119.331809,43890474.322834,7.311211
1039,1492,1.500000,0.124456,0.186685,True,0.146403,-0.040282,27.000000,9.000000,37311119.331809,43890474.322834,7.298701
1039,1492,2.000000,0.124456,0.248913,True,0.146403,-0.102510,27.000000,9.000000,37311119.331809,43890474.322834,7.499907
1101,138,1.250000,0.125580,0.156975,True,0.155663,-0.001312,20.000000,18.000000,37647898.514430,46666454.505076,6.702154
1101,138,1.500000,0.125580,0.188370,True,0.185654,-0.002716,34.000000,10.000000,37647898.514430,55657557.924053,6.908228
1101,138,2.000000,0.125580,0.251160,True,0.185654,-0.065506,34.000000,10.000000,37647898.514430,55657557.924053,6.811371
1534,868,1.250000,0.137267,0.171584,True,0.172110,0.000527,41.000000,6.000000,41151623.321864,51597411.767866,7.577704
1534,868,1.500000,0.137267,0.205901,True,0.182260,-0.023641,48.000000,1.000000,41151623.321864,54640173.561198,7.769710
1534,868,2.000000,0.137267,0.274534,True,0.182260,-0.092274,48.000000,1.000000,41151623.321864,54640173.561198,7.283245
1241,713,1.250000,0.081428,0.101785,True,0.103384,0.001598,25.000000,2.000000,24411582.313678,30993653.292825,6.053250
1241,713,1.500000,0.081428,0.122142,True,0.121118,-0.001025,31.000000,2.000000,24411582.313678,36310179.743734,6.079060
1241,713,2.000000,0.081428,0.162857,True,0.148438,-0.014419,31.000000,4.000000,24411582.313678,44500445.247888,6.167689
1421,1430,1.250000,0.063562,0.079453,True,0.079994,0.000541,8.000000,7.000000,19055541.694863,23981499.446435,7.137958
1421,1430,1.500000,0.063562,0.095344,True,0.089173,-0.006170,9.000000,8.000000,19055541.694863,26733533.924434,6.999895
1421,1430,2.000000,0.063562,0.127125,True,0.089173,-0.037951,9.000000,8.000000,19055541.694863,26733533.924434,7.014845
1403,62,1.250000,0.045387,0.056734,True,0.060089,0.003355,13.000000,2.000000,13606751.801804,18014337.871466,4.370870
1403,62,1.500000,0.045387,0.068081,True,0.064927,-0.003154,13.000000,2.000000,13606751.801804,19464531.833880,4.423697
1403,62,2.000000,0.045387,0.090774,True,0.097062,0.006288,20.000000,3.000000,13606751.801804,29098528.617002,4.319864
210,481,1.250000,0.085660,0.107075,True,0.107992,0.000917,19.000000,5.000000,25680247.284027,32375300.557010,7.473861
210,481,1.500000,0.085660,0.128490,True,0.112539,-0.015951,19.000000,5.000000,25680247.284027,33738300.139319,7.598372
210,481,2.000000,0.085660,0.171320,True,0.112539,-0.058781,19.000000,5.000000,25680247.284027,33738300.139319,7.805379
1571,617,1.250000,0.147406,0.184257,True,0.174156,-0.010101,33.000000,9.000000,44191154.384005,52210716.128734,5.894072
1571,617,1.500000,0.147406,0.221109,True,0.174156,-0.046953,33.000000,9.000000,44191154.384005,52210716.128734,6.104217
1571,617,2.000000,0.147406,0.294812,True,0.174156,-0.120655,33.000000,9.000000,44191154.384005,52210716.128734,5.872825
1106,977,1.250000,0.040059,0.050074,True,0.051354,0.001279,12.000000,0.000000,12009529.427408,15395455.772901,7.856484
1106,977,1.500000,0.040059,0.060089,True,0.060036,-0.000053,14.000000,0.000000,12009529.427408,17998294.082508,7.917122
1106,977,2.000000,0.040059,0.080119,True,0.074149,-0.005970,16.000000,0.000000,12009529.427408,22229330.739475,7.770406
378,469,1.250000,0.034234,0.042793,True,0.040943,-0.001849,8.000000,0.000000,10263107.134073,12274464.680196,6.884993
378,469,1.500000,0.034234,0.051351,True,0.050456,-0.000895,10.000000,0.000000,10263107.134073,15126458.480538,6.934418
378,469,2.000000,0.034234,0.068468,True,0.055695,-0.012773,12.000000,0.000000,10263107.134073,16696962.651490,6.881786
1229,218,1.250000,0.094901,0.118627,True,0.120190,0.001564,16.000000,16.000000,28450727.872063,36032157.603807,4.048890
1229,218,1.500000,0.094901,0.142352,True,0.144119,0.001767,24.000000,12.000000,28450727.872063,43205836.575750,3.946313
1229,218,2.000000,0.094901,0.189803,True,0.144119,-0.045684,24.000000,12.000000,28450727.872063,43205836.575750,4.116947
1009,506,1.250000,0.091605,0.114506,False,,,,,27462399.309383,,2.243908
1009,506,1.500000,0.091605,0.137407,False,,,,,27462399.309383,,2.234618
1009,506,2.000000,0.091605,0.183209,False,,,,,27462399.309383,,2.317380
1105,189,1.250000,0.150383,0.187979,True,0.186575,-0.001404,42.000000,3.000000,45083761.399466,55933710.459925,7.296317
1105,189,1.500000,0.150383,0.225575,True,0.208221,-0.017354,48.000000,3.000000,45083761.399466,62423019.105565,7.524179
1105,189,2.000000,0.150383,0.300766,True,0.208221,-0.092546,48.000000,3.000000,45083761.399466,62423019.105565,7.329877
509,653,1.250000,0.085252,0.106565,False,,,,,25557802.201855,,1.435267
509,653,1.500000,0.085252,0.127877,False,,,,,25557802.201855,,1.409900
509,653,2.000000,0.085252,0.170503,False,,,,,25557802.201855,,1.401026
489,574,1.250000,0.033356,0.041695,True,0.040504,-0.001191,2.000000,6.000000,9999790.409542,12142786.664736,5.454954
489,574,1.500000,0.033356,0.050034,True,0.046707,-0.003327,3.000000,9.000000,9999790.409542,14002348.631448,5.586164
489,574,2.000000,0.033356,0.066711,True,0.069107,0.002396,5.000000,11.000000,9999790.409542,20717826.433153,5.574712
1066,624,1.250000,0.079059,0.098823,True,0.094127,-0.004697,22.000000,1.000000,23701211.925247,28218454.565760,7.533215
1066,624,1.500000,0.079059,0.118588,True,0.129117,0.010529,27.000000,2.000000,23701211.925247,38708435.408671,7.510927
1066,624,2.000000,0.079059,0.158117,True,0.144445,-0.013673,32.000000,0.000000,23701211.925247,43303408.025887,7.597019
1544,303,1.250000,0.109286,0.136608,True,0.134631,-0.001977,22.000000,9.000000,32763143.797323,40361290.953448,5.315750
1544,303,1.500000,0.109286,0.163929,True,0.139146,-0.024783,24.000000,9.000000,32763143.797323,41714815.963061,5.524070
1544,303,2.000000,0.109286,0.218572,True,0.139146,-0.079427,24.000000,9.000000,32763143.797323,41714815.963061,5.113232
121,440,1.250000,0.119933,0.149916,True,0.148513,-0.001404,10.000000,23.000000,35955013.537553,44522975.127728,7.309692
121,440,1.500000,0.119933,0.179900,True,0.157332,-0.022567,12.000000,21.000000,35955013.537553,47167084.778463,7.391147
121,440,2.000000,0.119933,0.239866,True,0.157332,-0.082534,12.000000,21.000000,35955013.537553,47167084.778463,7.167594
1127,416,1.250000,0.155053,0.193816,True,0.190333,-0.003483,23.000000,28.000000,46483749.673953,57060388.289650,7.289125
1127,416,1.500000,0.155053,0.232580,True,0.190333,-0.042247,23.000000,28.000000,46483749.673953,57060388.289650,7.323818
1127,416,2.000000,0.155053,0.310106,True,0.190333,-0.119773,23.000000,28.000000,46483749.673953,57060388.289650,7.369746
503,831,1.250000,0.067049,0.083812,True,0.083165,-0.000646,9.000000,11.000000,20100933.844332,24932356.406310,6.193433
503,831,1.500000,0.067049,0.100574,True,0.104686,0.004112,19.000000,7.000000,20100933.844332,31384177.734816,6.398616
503,831,2.000000,0.067049,0.134099,True,0.127874,-0.006225,21.000000,11.000000,20100933.844332,38335728.153134,6.087182
1506,672,1.250000,0.124075,0.155094,True,0.157748,0.002654,38.000000,5.000000,37196858.524757,47291658.065755,6.845260
1506,672,1.500000,0.124075,0.186113,True,0.184503,-0.001610,45.000000,2.000000,37196858.524757,55312637.604261,6.901339
1506,672,2.000000,0.124075,0.248151,True,0.197377,-0.050773,47.000000,4.000000,37196858.524757,59172256.362515,7.015416
1267,837,1.250000,0.128976,0.161220,True,0.160905,-0.000315,20.000000,20.000000,38666046.781782,48237978.709617,7.261379
1267,837,1.500000,0.128976,0.193464,True,0.160905,-0.032559,20.000000,20.000000,38666046.781782,48237978.709617,7.046084
1267,837,2.000000,0.128976,0.257952,True,0.160905,-0.097048,20.000000,20.000000,38666046.781782,48237978.709617,6.974900
1247,745,1.250000,0.106123,0.132653,True,0.130215,-0.002439,16.000000,16.000000,31814778.962024,39037387.978226,7.269081
1247,745,1.500000,0.106123,0.159184,True,0.152645,-0.006539,16.000000,20.000000,31814778.962024,45761757.211009,6.964398
1247,745,2.000000,0.106123,0.212245,True,0.152645,-0.059601,16.000000,20.000000,31814778.962024,45761757.211009,7.065394
430,729,1.250000,0.104740,0.130925,True,0.130274,-0.000650,21.000000,7.000000,31400205.842755,39055304.841995,7.319944
430,729,1.500000,0.104740,0.157110,True,0.130274,-0.026835,21.000000,7.000000,31400205.842755,39055304.841995,7.394045
430,729,2.000000,0.104740,0.209480,True,0.130274,-0.079205,21.000000,7.000000,31400205.842755,39055304.841995,7.394976
1397,411,1.250000,0.113136,0.141420,True,0.142887,0.001467,34.000000,2.000000,33917309.065440,42836541.474894,7.720788
1397,411,1.500000,0.113136,0.169704,True,0.169518,-0.000186,39.000000,5.000000,33917309.065440,50820317.350731,7.686194
1397,411,2.000000,0.113136,0.226272,True,0.178578,-0.047694,37.000000,7.000000,33917309.065440,53536441.305981,7.663727
472,739,1.250000,0.058793,0.073491,True,0.074832,0.001341,17.000000,1.000000,17625651.955552,22434174.161381,7.407833
472,739,1.500000,0.058793,0.088189,True,0.087900,-0.000289,19.000000,1.000000,17625651.955552,26351800.486566,7.043711
472,739,2.000000,0.058793,0.117586,True,0.087900,-0.029686,19.000000,1.000000,17625651.955552,26351800.486566,7.233149
421,487,1.250000,0.009483,0.011853,True,0.020416,0.008563,1.000000,3.000000,2842869.916625,6120610.474760,3.734464
421,487,1.500000,0.009483,0.014224,True,0.020416,0.006192,1.000000,3.000000,2842869.916625,6120610.474760,4.489335
421,487,2.000000,0.009483,0.018966,True,0.020416,0.001451,1.000000,3.000000,2842869.916625,6120610.474760,5.340075
297,754,1.250000,0.100140,0.125175,True,0.125457,0.000283,26.000000,3.000000,30021138.128469,37611140.571149,7.721248
297,754,1.500000,0.100140,0.150210,True,0.151743,0.001534,33.000000,2.000000,30021138.128469,45491446.585935,7.753062
297,754,2.000000,0.100140,0.200279,True,0.157918,-0.042361,35.000000,2.000000,30021138.128469,47342761.879841,7.947771
321,519,1.250000,0.031816,0.039770,True,0.052631,0.012861,12.000000,0.000000,9538201.445584,15778465.589751,7.598741
321,519,1.500000,0.031816,0.047724,True,0.052631,0.004907,12.000000,0.000000,9538201.445584,15778465.589751,7.452740
321,519,2.000000,0.031816,0.063632,True,0.065720,0.002088,14.000000,0.000000,9538201.445584,19702486.890482,7.405447
1178,764,1.250000,0.090244,0.112806,True,0.112969,0.000163,20.000000,8.000000,27054602.381649,33867233.758745,6.899195
1178,764,1.500000,0.090244,0.135367,True,0.136107,0.000741,21.000000,9.000000,27054602.381649,40803993.421356,6.881225
1178,764,2.000000,0.090244,0.180489,True,0.140385,-0.040104,24.000000,8.000000,27054602.381649,42086249.462719,6.943401
196,855,1.250000,0.108498,0.135623,True,0.136813,0.001190,18.000000,18.000000,32526910.476888,41015462.262990,3.108737
196,855,1.500000,0.108498,0.162747,True,0.141161,-0.021586,19.000000,19.000000,32526910.476888,42319035.938980,3.116840
196,855,2.000000,0.108498,0.216996,True,0.141161,-0.075835,19.000000,19.000000,32526910.476888,42319035.938980,3.159302
1355,1528,1.250000,0.045733,0.057167,True,0.056969,-0.000198,13.000000,1.000000,13710495.436064,17078846.981077,7.502394
1355,1528,1.500000,0.045733,0.068600,True,0.065638,-0.002961,11.000000,2.000000,13710495.436064,19677914.412647,7.849311
1355,1528,2.000000,0.045733,0.091467,True,0.091765,0.000299,13.000000,4.000000,13710495.436064,27510569.462681,7.069028
310,791,1.250000,0.089524,0.111905,True,0.110158,-0.001747,11.000000,18.000000,26838500.239240,33024420.549477,3.823680
310,791,1.500000,0.089524,0.134285,True,0.119190,-0.015096,12.000000,19.000000,26838500.239240,35732129.357393,4.089059
310,791,2.000000,0.089524,0.179047,True,0.119190,-0.059858,12.000000,19.000000,26838500.239240,35732129.357393,3.858983
395,672,1.250000,0.100838,0.126048,True,0.125212,-0.000836,23.000000,4.000000,30230609.802219,37537580.305547,4.007840
395,672,1.500000,0.100838,0.151258,True,0.125212,-0.026046,23.000000,4.000000,30230609.802219,37537580.305547,3.946396
395,672,2.000000,0.100838,0.201677,True,0.125212,-0.076465,23.000000,4.000000,30230609.802219,37537580.305547,4.052742
1210,463,1.250000,0.117745,0.147182,True,0.145153,-0.002029,20.000000,22.000000,35299178.066550,43515659.004151,5.607962
1210,463,1.500000,0.117745,0.176618,True,0.153976,-0.022642,12.000000,30.000000,35299178.066550,46160841.937008,5.542181
1210,463,2.000000,0.117745,0.235491,True,0.153976,-0.081515,12.000000,30.000000,35299178.066550,46160841.937008,5.713992
1567,379,1.250000,0.066511,0.083139,True,0.089020,0.005880,19.000000,2.000000,19939610.996848,26687406.627332,6.263036
1567,379,1.500000,0.066511,0.099767,True,0.100319,0.000552,22.000000,1.000000,19939610.996848,30074757.521548,6.675647
1567,379,2.000000,0.066511,0.133023,True,0.116008,-0.017014,26.000000,1.000000,19939610.996848,34778472.929385,6.381966
459,814,1.250000,0.076465,0.095581,True,0.097082,0.001501,6.000000,19.000000,22923568.796618,29104495.277966,5.860376
459,814,1.500000,0.076465,0.114697,True,0.097253,-0.017444,11.000000,16.000000,22923568.796618,29155860.858436,5.630120
459,814,2.000000,0.076465,0.152930,True,0.097253,-0.055676,11.000000,16.000000,22923568.796618,29155860.858436,5.738022
336,461,1.250000,0.061102,0.076377,True,0.077730,0.001353,9.000000,8.000000,18317877.843425,23302932.524237,6.586266
336,461,1.500000,0.061102,0.091653,True,0.091307,-0.000346,9.000000,10.000000,18317877.843425,27373082.018916,6.544498
336,461,2.000000,0.061102,0.122204,True,0.104465,-0.017739,11.000000,10.000000,18317877.843425,31317808.798147,6.495559
1548,508,1.250000,0.125882,0.157353,True,0.159339,0.001987,19.000000,19.000000,37738490.733753,47768753.116414,6.661550
1548,508,1.500000,0.125882,0.188823,True,0.160024,-0.028799,20.000000,20.000000,37738490.733753,47973863.532017,6.686482
1548,508,2.000000,0.125882,0.251764,True,0.160024,-0.091741,20.000000,20.000000,37738490.733753,47973863.532017,6.655489
1148,1514,1.250000,0.104792,0.130990,True,0.130649,-0.000341,26.000000,3.000000,31415970.836899,39167609.187264,6.495420
1148,1514,1.500000,0.104792,0.157189,True,0.152875,-0.004314,28.000000,7.000000,31415970.836899,45830721.361706,6.384306
1148,1514,2.000000,0.104792,0.209585,True,0.152875,-0.056710,28.000000,7.000000,31415970.836899,45830721.361706,6.425166
1145,878,1.250000,0.060955,0.076193,True,0.077040,0.000846,8.000000,11.000000,18273778.340405,23095951.592221,6.720085
1145,878,1.500000,0.060955,0.091432,True,0.090138,-0.001294,10.000000,11.000000,18273778.340405,27022838.736649,6.636643
1145,878,2.000000,0.060955,0.121910,True,0.090138,-0.031771,10.000000,11.000000,18273778.340405,27022838.736649,6.782183
594,752,1.250000,0.047918,0.059897,True,0.077048,0.017151,2.000000,14.000000,14365348.198363,23098487.344064,2.481890
594,752,1.500000,0.047918,0.071876,True,0.077048,0.005172,2.000000,14.000000,14365348.198363,23098487.344064,2.645407
594,752,2.000000,0.047918,0.095835,True,0.099549,0.003714,5.000000,17.000000,14365348.198363,29844130.499471,2.559265
138,177,1.250000,0.039466,0.049332,True,0.047664,-0.001668,4.000000,6.000000,11831557.569469,14289322.449694,4.261597
138,177,1.500000,0.039466,0.059199,True,0.065310,0.006112,11.000000,3.000000,11831557.569469,19579589.585451,4.438280
138,177,2.000000,0.039466,0.078932,True,0.065310,-0.013621,11.000000,3.000000,11831557.569469,19579589.585451,4.254451
1351,995,1.250000,0.080552,0.100690,True,0.101713,0.001023,21.000000,2.000000,24148840.330655,30492799.085637,6.230636
1351,995,1.500000,0.080552,0.120828,True,0.101989,-0.018839,22.000000,1.000000,24148840.330655,30575546.457285,6.163985
1351,995,2.000000,0.080552,0.161104,True,0.101989,-0.059115,22.000000,1.000000,24148840.330655,30575546.457285,6.217158
1268,1567,1.250000,0.104685,0.130856,True,0.134754,0.003899,30.000000,2.000000,31383692.740515,40398371.883085,5.724117
1268,1567,1.500000,0.104685,0.157027,True,0.152134,-0.004893,33.000000,3.000000,31383692.740515,45608673.189397,5.891190
1268,1567,2.000000,0.104685,0.209369,True,0.152134,-0.057235,33.000000,3.000000,31383692.740515,45608673.189397,5.880620
1330,557,1.250000,0.133887,0.167359,True,0.170138,0.002778,35.000000,7.000000,40138415.433447,51005966.823381,7.323777
1330,557,1.500000,0.133887,0.200831,True,0.197786,-0.003045,43.000000,6.000000,40138415.433447,59294847.264993,7.608647
1330,557,2.000000,0.133887,0.267775,True,0.210312,-0.057462,40.000000,10.000000,40138415.433447,63050069.094244,7.746021
34,389,1.250000,0.072578,0.090722,True,0.090992,0.000270,22.000000,0.000000,21758262.475401,27278739.087716,7.706135
34,389,1.500000,0.072578,0.108867,True,0.095890,-0.012977,22.000000,0.000000,21758262.475401,28747004.519998,7.800582
34,389,2.000000,0.072578,0.145156,True,0.095890,-0.049266,22.000000,0.000000,21758262.475401,28747004.519998,7.703008
1196,701,1.250000,0.146039,0.182549,True,0.180316,-0.002233,32.000000,9.000000,43781429.204524,54057421.255178,6.706679
1196,701,1.500000,0.146039,0.219059,True,0.180316,-0.038743,32.000000,9.000000,43781429.204524,54057421.255178,6.604453
1196,701,2.000000,0.146039,0.292078,True,0.180316,-0.111762,32.000000,9.000000,43781429.204524,54057421.255178,6.523729
201,373,1.250000,0.047905,0.059881,True,0.059652,-0.000230,11.000000,3.000000,14361595.038841,17883088.071111,7.149526
201,373,1.500000,0.047905,0.071858,True,0.077341,0.005484,15.000000,5.000000,14361595.038841,23186310.747181,7.085954
201,373,2.000000,0.047905,0.095810,True,0.081856,-0.013954,17.000000,5.000000,14361595.038841,24539835.756795,6.704804
1517,447,1.250000,0.131005,0.163756,True,0.165298,0.001542,33.000000,6.000000,39274184.657858,49555056.061672,7.547098
1517,447,1.500000,0.131005,0.196507,True,0.191805,-0.004702,31.000000,14.000000,39274184.657858,57501597.404432,7.465100
1517,447,2.000000,0.131005,0.262009,True,0.191805,-0.070204,31.000000,14.000000,39274184.657858,57501597.404432,7.534825
1108,747,1.250000,0.113476,0.141845,True,0.143375,0.001530,17.000000,16.000000,34019277.911882,42982866.325704,7.513448
1108,747,1.500000,0.113476,0.170214,True,0.174115,0.003900,23.000000,16.000000,34019277.911882,52198215.847620,7.329921
1108,747,2.000000,0.113476,0.226952,True,0.174115,-0.052838,23.000000,16.000000,34019277.911882,52198215.847620,7.409802
787,871,1.250000,0.039915,0.049894,True,0.048270,-0.001624,5.000000,6.000000,11966233.905720,14470872.758126,4.919324
787,871,1.500000,0.039915,0.059873,True,0.057670,-0.002202,8.000000,5.000000,11966233.905720,17289142.032247,4.681971
787,871,2.000000,0.039915,0.079830,True,0.070832,-0.008998,8.000000,7.000000,11966233.905720,21234836.109210,4.732079
1368,647,1.250000,0.143667,0.179584,True,0.160975,-0.018609,40.000000,3.000000,43070332.979172,48258992.234623,3.683699
1368,647,1.500000,0.143667,0.215501,True,0.160975,-0.054526,40.000000,3.000000,43070332.979172,48258992.234623,3.622940
1368,647,2.000000,0.143667,0.287334,True,0.160975,-0.126360,40.000000,3.000000,43070332.979172,48258992.234623,3.626166
1494,252,1.250000,0.117847,0.147309,True,0.148313,0.001004,24.000000,11.000000,35329582.279263,44462998.777745,6.705656
1494,252,1.500000,0.117847,0.176770,True,0.162492,-0.014278,28.000000,9.000000,35329582.279263,48713902.038730,6.793095
1494,252,2.000000,0.117847,0.235694,True,0.162492,-0.073202,28.000000,9.000000,35329582.279263,48713902.038730,6.512014
1197,554,1.250000,0.130080,0.162600,True,0.162907,0.000307,34.000000,7.000000,38996995.110246,48838336.960716,6.615483
1197,554,1.500000,0.130080,0.195120,True,0.195199,0.000079,32.000000,13.000000,38996995.110246,58519199.484138,6.663779
1197,554,2.000000,0.130080,0.260160,True,0.195199,-0.064961,32.000000,13.000000,38996995.110246,58519199.484138,6.519804
321,527,1.250000,0.083465,0.104332,True,0.105950,0.001618,18.000000,4.000000,25022313.973899,31763097.920036,7.823925
321,527,1.500000,0.083465,0.125198,True,0.106107,-0.019091,17.000000,5.000000,25022313.973899,31810021.793831,7.676708
321,527,2.000000,0.083465,0.166931,True,0.106107,-0.060824,17.000000,5.000000,25022313.973899,31810021.793831,7.509851
1086,491,1.250000,0.102588,0.128235,True,0.127948,-0.000287,31.000000,2.000000,30755212.060058,38357943.438385,7.955142
1086,491,1.500000,0.102588,0.153883,True,0.154349,0.000467,35.000000,2.000000,30755212.060058,46272744.196001,7.619581
1086,491,2.000000,0.102588,0.205177,True,0.159556,-0.045621,37.000000,2.000000,30755212.060058,47833661.966915,7.802907
359,383,1.250000,0.017677,0.022097,True,0.024263,0.002166,4.000000,0.000000,5299501.015232,7273822.033939,6.601985
359,383,1.500000,0.017677,0.026516,True,0.028606,0.002090,6.000000,0.000000,5299501.015232,8575814.636742,6.823822
359,383,2.000000,0.017677,0.035354,True,0.033090,-0.002265,8.000000,0.000000,5299501.015232,9920056.685643,7.339186
1118,678,1.250000,0.072541,0.090676,True,0.089606,-0.001070,15.000000,8.000000,21747277.549297,26863250.522904,5.212591
1118,678,1.500000,0.072541,0.108812,True,0.108828,0.000016,6.000000,21.000000,21747277.549297,32625696.542147,5.099495
1118,678,2.000000,0.072541,0.145082,True,0.131387,-0.013695,8.000000,23.000000,21747277.549297,39388851.199219,5.050058
1364,878,1.250000,0.087115,0.108894,True,0.112091,0.003197,14.000000,14.000000,26116414.212965,33603944.247865,6.642754
1364,878,1.500000,0.087115,0.130672,True,0.123595,-0.007077,12.000000,20.000000,26116414.212965,37052875.323186,6.679031
1364,878,2.000000,0.087115,0.174230,True,0.123595,-0.050635,12.000000,20.000000,26116414.212965,37052875.323186,6.760978
1003,1497,1.250000,0.139655,0.174568,True,0.161939,-0.012629,27.000000,13.000000,41867386.832513,48548204.378320,6.897198
1003,1497,1.500000,0.139655,0.209482,True,0.161939,-0.047542,27.000000,13.000000,41867386.832513,48548204.378320,7.046870
1003,1497,2.000000,0.139655,0.279309,True,0.161939,-0.117370,27.000000,13.000000,41867386.832513,48548204.378320,7.482980
1535,783,1.250000,0.142116,0.177645,True,0.164514,-0.013131,43.000000,2.000000,42605254.775845,49320058.071212,7.302512
1535,783,1.500000,0.142116,0.213174,True,0.164514,-0.048660,43.000000,2.000000,42605254.775845,49320058.071212,7.242450
1535,783,2.000000,0.142116,0.284232,True,0.164514,-0.119718,43.000000,2.000000,42605254.775845,49320058.071212,7.275684
1500,301,1.250000,0.128857,0.161071,True,0.158874,-0.002197,18.000000,17.000000,38630291.418125,47629306.121674,5.869028
1500,301,1.500000,0.128857,0.193285,True,0.158874,-0.034411,18.000000,17.000000,38630291.418125,47629306.121674,5.778660
1500,301,2.000000,0.128857,0.257714,True,0.158874,-0.098839,18.000000,17.000000,38630291.418125,47629306.121674,5.943011
1569,459,1.250000,0.133122,0.166402,True,0.168437,0.002035,30.000000,10.000000,39908942.545313,50496136.019907,6.542495
1569,459,1.500000,0.133122,0.199683,True,0.168437,-0.031246,30.000000,10.000000,39908942.545313,50496136.019907,6.701468
1569,459,2.000000,0.133122,0.266244,True,0.168437,-0.097807,30.000000,10.000000,39908942.545313,50496136.019907,6.836188
1048,737,1.250000,0.065346,0.081683,True,0.081849,0.000166,18.000000,2.000000,19590269.243734,24537743.468532,6.803274
1048,737,1.500000,0.065346,0.098019,True,0.089839,-0.008180,22.000000,0.000000,19590269.243734,26933026.323722,6.821672
1048,737,2.000000,0.065346,0.130692,True,0.089839,-0.040853,22.000000,0.000000,19590269.243734,26933026.323722,6.573127
1096,1573,1.250000,0.117775,0.147218,True,0.144511,-0.002707,33.000000,3.000000,35307963.316856,43323333.241591,5.284389
1096,1573,1.500000,0.117775,0.176662,True,0.144511,-0.032151,33.000000,3.000000,35307963.316856,43323333.241591,5.302526
1096,1573,2.000000,0.117775,0.235549,True,0.144511,-0.091038,33.000000,3.000000,35307963.316856,43323333.241591,5.370698
1396,40,1.250000,0.085130,0.106412,True,0.105341,-0.001071,16.000000,5.000000,25521241.410949,31580386.361076,7.348953
1396,40,1.500000,0.085130,0.127695,True,0.127317,-0.000378,18.000000,7.000000,25521241.410949,38168672.318218,7.396484
1396,40,2.000000,0.085130,0.170259,True,0.127317,-0.042942,18.000000,7.000000,25521241.410949,38168672.318218,7.792642
1481,355,1.250000,0.099389,0.124236,True,0.122781,-0.001455,24.000000,6.000000,29796041.461369,36808924.314794,5.614010
1481,355,1.500000,0.099389,0.149083,True,0.132278,-0.016805,23.000000,9.000000,29796041.461369,39656093.426031,5.637211
1481,355,2.000000,0.099389,0.198778,True,0.132278,-0.066499,23.000000,9.000000,29796041.461369,39656093.426031,5.608216
117,1524,1.250000,0.035569,0.044461,True,0.044488,0.000026,9.000000,1.000000,10663365.613211,13337077.944038,6.868349
117,1524,1.500000,0.035569,0.053354,True,0.054029,0.000675,11.000000,1.000000,10663365.613211,16197461.663493,6.749940
117,1524,2.000000,0.035569,0.071138,True,0.070047,-0.001092,9.000000,5.000000,10663365.613211,20999496.599890,6.875582
529,674,1.250000,0.078708,0.098385,False,,,,,23596047.891271,,1.401765
529,674,1.500000,0.078708,0.118062,False,,,,,23596047.891271,,1.424314
529,674,2.000000,0.078708,0.157416,False,,,,,23596047.891271,,1.401127
1208,231,1.250000,0.150481,0.188101,True,0.188781,0.000681,40.000000,4.000000,45112949.478476,56595201.783842,3.753851
1208,231,1.500000,0.150481,0.225721,True,0.196826,-0.028895,26.000000,20.000000,45112949.478476,59006952.691158,3.832559
1208,231,2.000000,0.150481,0.300961,True,0.196826,-0.104135,26.000000,20.000000,45112949.478476,59006952.691158,3.986379
1113,115,1.250000,0.141768,0.177210,True,0.175968,-0.001243,38.000000,4.000000,42500991.319731,52753732.116081,7.463162
1113,115,1.500000,0.141768,0.212652,True,0.189756,-0.022897,42.000000,4.000000,42500991.319731,56887267.937553,7.183361
1113,115,2.000000,0.141768,0.283536,True,0.189756,-0.093781,42.000000,4.000000,42500991.319731,56887267.937553,7.192886
1020,143,1.250000,0.124111,0.155138,True,0.171497,0.016359,43.000000,1.000000,37207417.498009,51413584.263901,7.341110
1020,143,1.500000,0.124111,0.186166,True,0.171497,-0.014669,43.000000,1.000000,37207417.498009,51413584.263901,7.166780
1020,143,2.000000,0.124111,0.248221,True,0.171497,-0.076724,43.000000,1.000000,37207417.498009,51413584.263901,7.295116
1492,907,1.250000,0.144080,0.180100,True,0.162032,-0.018068,24.000000,14.000000,43194020.144539,48575912.460975,6.603993
1492,907,1.500000,0.144080,0.216120,True,0.162032,-0.054088,24.000000,14.000000,43194020.144539,48575912.460975,6.895627
1492,907,2.000000,0.144080,0.288159,True,0.162032,-0.126128,24.000000,14.000000,43194020.144539,48575912.460975,6.948603
1306,1518,1.250000,0.085246,0.106558,True,0.102452,-0.004106,16.000000,7.000000,25556169.809921,30714293.239745,6.071486
1306,1518,1.500000,0.085246,0.127869,True,0.120304,-0.007565,17.000000,10.000000,25556169.809921,36066227.999823,5.624426
1306,1518,2.000000,0.085246,0.170492,True,0.120304,-0.050188,17.000000,10.000000,25556169.809921,36066227.999823,5.665292
1208,63,1.250000,0.074520,0.093150,True,0.094105,0.000955,16.000000,8.000000,22340542.700323,28211980.423388,3.622341
1208,63,1.500000,0.074520,0.111780,True,0.111809,0.000029,17.000000,11.000000,22340542.700323,33519464.351371,3.623671
1208,63,2.000000,0.074520,0.149040,True,0.111809,-0.037231,17.000000,11.000000,22340542.700323,33519464.351371,3.622444
411,65,1.250000,0.092285,0.115357,True,0.115948,0.000592,20.000000,9.000000,27666431.850202,34760396.834602,6.944287
411,65,1.500000,0.092285,0.138428,True,0.115948,-0.022480,20.000000,9.000000,27666431.850202,34760396.834602,6.881839
411,65,2.000000,0.092285,0.184571,True,0.115948,-0.068622,20.000000,9.000000,27666431.850202,34760396.834602,6.877700
1253,806,1.250000,0.112063,0.140079,True,0.140005,-0.000074,12.000000,20.000000,33595661.932554,41972464.062896,3.874873
1253,806,1.500000,0.112063,0.168095,True,0.153116,-0.014979,14.000000,20.000000,33595661.932554,45903045.033987,3.922260
1253,806,2.000000,0.112063,0.224126,True,0.153116,-0.071010,14.000000,20.000000,33595661.932554,45903045.033987,3.905389
1071,153,1.250000,0.138534,0.173168,True,0.175281,0.002113,27.000000,16.000000,41531527.324192,52547918.605991,4.955291
1071,153,1.500000,0.138534,0.207801,True,0.176150,-0.031652,29.000000,16.000000,41531527.324192,52808346.013001,4.536748
1071,153,2.000000,0.138534,0.277069,True,0.176150,-0.100919,29.000000,16.000000,41531527.324192,52808346.013001,4.629034
748,937,1.250000,0.085254,0.106568,False,,,,,25558629.064170,,1.489444
748,937,1.500000,0.085254,0.127882,False,,,,,25558629.064170,,1.521931
748,937,2.000000,0.085254,0.170509,False,,,,,25558629.064170,,1.529270
1240,403,1.250000,0.126070,0.157587,True,0.157636,0.000049,41.000000,1.000000,37794749.991452,47257979.815138,4.007763
1240,403,1.500000,0.126070,0.189105,True,0.172261,-0.016844,42.000000,2.000000,37794749.991452,51642436.099577,3.859715
1240,403,2.000000,0.126070,0.252139,True,0.172261,-0.079879,42.000000,2.000000,37794749.991452,51642436.099577,3.930137
62,899,1.250000,0.126212,0.157765,True,0.156116,-0.001649,24.000000,20.000000,37837361.132440,46802378.919817,6.689705
62,899,1.500000,0.126212,0.189318,True,0.172795,-0.016522,26.000000,18.000000,37837361.132440,51802748.080468,6.726878
62,899,2.000000,0.126212,0.252424,True,0.172795,-0.079628,26.000000,18.000000,37837361.132440,51802748.080468,6.707305
198,672,1.250000,0.133109,0.166387,False,,,,,39905142.379625,,1.478052
198,672,1.500000,0.133109,0.199664,False,,,,,39905142.379625,,1.482066
198,672,2.000000,0.133109,0.266218,False,,,,,39905142.379625,,1.482624
1067,699,1.250000,0.093668,0.117085,True,0.115870,-0.001215,20.000000,6.000000,28080958.054992,34736950.937892,7.323941
1067,699,1.500000,0.093668,0.140502,True,0.136620,-0.003882,26.000000,6.000000,28080958.054992,40957690.156486,7.613510
1067,699,2.000000,0.093668,0.187336,True,0.158428,-0.028908,31.000000,4.000000,28080958.054992,47495478.025054,7.570435
1070,1424,1.250000,0.069605,0.087007,True,0.089049,0.002042,17.000000,4.000000,20867181.865820,26696276.392074,5.645008
1070,1424,1.500000,0.069605,0.104408,True,0.102177,-0.002231,19.000000,4.000000,20867181.865820,30631824.857355,5.480911
1070,1424,2.000000,0.069605,0.139211,True,0.107376,-0.031835,21.000000,4.000000,20867181.865820,32190613.522953,5.611026
1435,995,1.250000,0.073902,0.092377,False,,,,,22155123.329831,,1.492592
1435,995,1.500000,0.073902,0.110852,False,,,,,22155123.329831,,1.508268
1435,995,2.000000,0.073902,0.147803,False,,,,,22155123.329831,,1.532768
207,217,1.250000,0.065589,0.081986,True,0.081569,-0.000417,13.000000,2.000000,19663008.271006,24453805.105044,7.516282
207,217,1.500000,0.065589,0.098383,True,0.102893,0.004510,21.000000,0.000000,19663008.271006,30846493.816431,7.592942
207,217,2.000000,0.065589,0.131177,True,0.102893,-0.028285,21.000000,0.000000,19663008.271006,30846493.816431,7.564267
1455,61,1.250000,0.078638,0.098298,True,0.086334,-0.011964,13.000000,4.000000,23575225.162294,25882259.318699,2.840369
1455,61,1.500000,0.078638,0.117958,True,0.086334,-0.031624,13.000000,4.000000,23575225.162294,25882259.318699,2.465408
1455,61,2.000000,0.078638,0.157277,True,0.086334,-0.070943,13.000000,4.000000,23575225.162294,25882259.318699,2.341417
128,472,1.250000,0.104719,0.130899,True,0.127042,-0.003857,29.000000,2.000000,31393976.190181,38086317.069616,7.873565
128,472,1.500000,0.104719,0.157079,True,0.140323,-0.016756,30.000000,3.000000,31393976.190181,42067745.995372,7.794768
128,472,2.000000,0.104719,0.209438,True,0.140323,-0.069115,30.000000,3.000000,31393976.190181,42067745.995372,7.782768
1492,807,1.250000,0.133265,0.166581,True,0.166570,-0.000012,19.000000,24.000000,39951867.167171,49936363.408693,7.146959
1492,807,1.500000,0.133265,0.199898,True,0.198882,-0.001016,28.000000,21.000000,39951867.167171,59623290.254465,7.327346
1492,807,2.000000,0.133265,0.266530,True,0.198882,-0.067648,28.000000,21.000000,39951867.167171,59623290.254465,7.530564
1496,565,1.250000,0.142009,0.177511,True,0.173958,-0.003554,32.000000,9.000000,42573276.805884,52151254.696591,3.594930
1496,565,1.500000,0.142009,0.213014,True,0.173958,-0.039056,32.000000,9.000000,42573276.805884,52151254.696591,3.871288
1496,565,2.000000,0.142009,0.284018,True,0.173958,-0.110060,32.000000,9.000000,42573276.805884,52151254.696591,3.975232
1254,23,1.250000,0.058876,0.073595,True,0.074834,0.001240,14.000000,6.000000,17650475.628359,22434740.506111,7.205750
1254,23,1.500000,0.058876,0.088313,True,0.088384,0.000070,14.000000,8.000000,17650475.628359,26496819.190186,7.233299
1254,23,2.000000,0.058876,0.117751,True,0.092991,-0.024760,12.000000,10.000000,17650475.628359,27878025.301102,7.073731
1118,1396,1.250000,0.096107,0.120133,True,0.108677,-0.011457,25.000000,1.000000,28812054.463933,32580444.562892,4.705346
1118,1396,1.500000,0.096107,0.144160,True,0.108677,-0.035483,25.000000,1.000000,28812054.463933,32580444.562892,4.566315
1118,1396,2.000000,0.096107,0.192213,True,0.108677,-0.083537,25.000000,1.000000,28812054.463933,32580444.562892,4.480458
1163,828,1.250000,0.084540,0.105674,False,,,,,25344311.071929,,1.407256
1163,828,1.500000,0.084540,0.126809,False,,,,,25344311.071929,,1.484197
1163,828,2.000000,0.084540,0.169079,False,,,,,25344311.071929,,1.407511
220,287,1.250000,0.017560,0.021951,True,0.022170,0.000219,4.000000,1.000000,5264487.446322,6646404.186976,6.751250
220,287,1.500000,0.017560,0.026341,True,0.026342,0.000002,2.000000,3.000000,5264487.446322,7897198.614904,6.531189
220,287,2.000000,0.017560,0.035121,True,0.035341,0.000220,4.000000,3.000000,5264487.446322,10594990.293753,6.996776
1128,1570,1.250000,0.083431,0.104289,True,0.105980,0.001692,27.000000,0.000000,25012000.780920,31772105.957411,7.028091
1128,1570,1.500000,0.083431,0.125147,True,0.125714,0.000567,31.000000,0.000000,25012000.780920,37688075.900435,7.059914
1128,1570,2.000000,0.083431,0.166862,True,0.134820,-0.032042,33.000000,0.000000,25012000.780920,40418073.879535,6.938644
758,807,1.250000,0.039253,0.049066,True,0.050764,0.001698,7.000000,3.000000,11767718.785562,15218670.901398,7.448824
758,807,1.500000,0.039253,0.058879,True,0.055718,-0.003161,7.000000,5.000000,11767718.785562,16703886.056087,7.537265
758,807,2.000000,0.039253,0.078506,True,0.055718,-0.022788,7.000000,5.000000,11767718.785562,16703886.056087,7.841015
1393,168,1.250000,0.098059,0.122574,True,0.119885,-0.002689,20.000000,8.000000,29397489.826209,35940599.996355,4.798072
1393,168,1.500000,0.098059,0.147089,True,0.132993,-0.014096,25.000000,7.000000,29397489.826209,39870380.186573,4.706242
1393,168,2.000000,0.098059,0.196119,True,0.132993,-0.063126,25.000000,7.000000,29397489.826209,39870380.186573,5.260209
1026,275,1.250000,0.130630,0.163288,True,0.164508,0.001221,38.000000,6.000000,39161981.762301,49318387.032800,7.414120
1026,275,1.500000,0.130630,0.195945,True,0.182831,-0.013114,40.000000,8.000000,39161981.762301,54811426.547923,7.340655
1026,275,2.000000,0.130630,0.261261,True,0.182831,-0.078429,40.000000,8.000000,39161981.762301,54811426.547923,7.327420
1459,287,1.250000,0.103537,0.129421,True,0.131060,0.001639,20.000000,12.000000,31039564.275253,39290936.586438,5.962295
1459,287,1.500000,0.103537,0.155305,True,0.131060,-0.024245,20.000000,12.000000,31039564.275253,39290936.586438,5.967898
1459,287,2.000000,0.103537,0.207074,True,0.131060,-0.076013,20.000000,12.000000,31039564.275253,39290936.586438,6.011317
253,554,1.250000,0.091629,0.114536,True,0.113471,-0.001064,19.000000,5.000000,27469535.401150,34017819.800752,7.116597
253,554,1.500000,0.091629,0.137443,True,0.121879,-0.015564,21.000000,5.000000,27469535.401150,36538293.429468,6.928236
253,554,2.000000,0.091629,0.183257,True,0.121879,-0.061378,21.000000,5.000000,27469535.401150,36538293.429468,7.086420
1018,73,1.250000,0.112775,0.140969,True,0.139413,-0.001556,34.000000,1.000000,33809151.289123,41794910.286955,7.570184
1018,73,1.500000,0.112775,0.169163,True,0.162037,-0.007126,34.000000,5.000000,33809151.289123,48577403.286993,7.521714
1018,73,2.000000,0.112775,0.225550,True,0.162037,-0.063514,34.000000,5.000000,33809151.289123,48577403.286993,7.531499
1510,704,1.250000,0.170279,0.212849,True,0.186993,-0.025856,19.000000,28.000000,51048353.139597,56058969.842289,6.825343
1510,704,1.500000,0.170279,0.255418,True,0.186993,-0.068426,19.000000,28.000000,51048353.139597,56058969.842289,6.891522
1510,704,2.000000,0.170279,0.340558,True,0.186993,-0.153565,19.000000,28.000000,51048353.139597,56058969.842289,6.817104
1488,994,1.250000,0.137385,0.171732,True,0.171439,-0.000292,22.000000,17.000000,41187069.865653,51396229.118116,6.697766
1488,994,1.500000,0.137385,0.206078,True,0.184441,-0.021637,24.000000,17.000000,41187069.865653,55293911.503769,6.669268
1488,994,2.000000,0.137385,0.274771,True,0.184441,-0.090330,24.000000,17.000000,41187069.865653,55293911.503769,6.862865
414,989,1.250000,0.105583,0.131978,True,0.124735,-0.007244,2.000000,32.000000,31652871.951135,37394466.447441,1.434850
414,989,1.500000,0.105583,0.158374,True,0.124735,-0.033639,2.000000,32.000000,31652871.951135,37394466.447441,1.503251
414,989,2.000000,0.105583,0.211165,True,0.124735,-0.086431,2.000000,32.000000,31652871.951135,37394466.447441,1.433086
117,1178,1.250000,0.111077,0.138846,True,0.132121,-0.006726,30.000000,2.000000,33300005.533824,39608744.607413,5.406920
117,1178,1.500000,0.111077,0.166615,True,0.132121,-0.034495,30.000000,2.000000,33300005.533824,39608744.607413,5.586842
117,1178,2.000000,0.111077,0.222154,True,0.132121,-0.090033,30.000000,2.000000,33300005.533824,39608744.607413,5.527846
1152,1289,1.250000,0.052297,0.065371,True,0.068633,0.003262,11.000000,3.000000,15678238.417350,20575618.647210,6.172800
1152,1289,1.500000,0.052297,0.078445,True,0.072980,-0.005465,14.000000,2.000000,15678238.417350,21878927.365805,6.241038
1152,1289,2.000000,0.052297,0.104594,True,0.072980,-0.031614,14.000000,2.000000,15678238.417350,21878927.365805,6.109146
1456,149,1.250000,0.098291,0.122864,False,,,,,29466971.454207,,1.406777
1456,149,1.500000,0.098291,0.147437,False,,,,,29466971.454207,,1.421245
1456,149,2.000000,0.098291,0.196582,False,,,,,29466971.454207,,1.423655
1070,196,1.250000,0.148169,0.185212,True,0.182967,-0.002245,27.000000,20.000000,44420079.380413,54852127.046807,5.657296
1070,196,1.500000,0.148169,0.222254,True,0.182967,-0.039287,27.000000,20.000000,44420079.380413,54852127.046807,5.773664
1070,196,2.000000,0.148169,0.296339,True,0.182967,-0.113372,27.000000,20.000000,44420079.380413,54852127.046807,5.613427
347,551,1.250000,0.072053,0.090066,True,0.088808,-0.001258,9.000000,12.000000,21600908.839860,26623893.342068,5.832594
347,551,1.500000,0.072053,0.108079,True,0.101893,-0.006187,10.000000,13.000000,21600908.839860,30546644.196904,5.843966
347,551,2.000000,0.072053,0.144106,True,0.101893,-0.042213,10.000000,13.000000,21600908.839860,30546644.196904,5.963906
1071,55,1.250000,0.111075,0.138844,True,0.132527,-0.006317,32.000000,1.000000,33299442.955967,39730491.971229,6.650660
1071,55,1.500000,0.111075,0.166612,True,0.132527,-0.034086,32.000000,1.000000,33299442.955967,39730491.971229,6.698957
1071,55,2.000000,0.111075,0.222150,True,0.132527,-0.089623,32.000000,1.000000,33299442.955967,39730491.971229,6.534856
1430,520,1.250000,0.150648,0.188310,True,0.189083,0.000773,38.000000,7.000000,45163082.529923,56685719.326987,4.881045
1430,520,1.500000,0.150648,0.225972,True,0.189083,-0.036889,38.000000,7.000000,45163082.529923,56685719.326987,4.865812
1430,520,2.000000,0.150648,0.301296,True,0.189083,-0.112212,38.000000,7.000000,45163082.529923,56685719.326987,4.926289
1483,913,1.250000,0.097959,0.122449,True,0.122957,0.000508,33.000000,0.000000,29367488.751914,36861678.960641,8.102318
1483,913,1.500000,0.097959,0.146939,True,0.141016,-0.005923,36.000000,1.000000,29367488.751914,42275497.912981,7.574820
1483,913,2.000000,0.097959,0.195919,True,0.154173,-0.041746,38.000000,1.000000,29367488.751914,46219761.559594,7.490968
166,751,1.250000,0.145997,0.182496,True,0.184257,0.001761,34.000000,9.000000,43768732.593983,55238798.528034,7.763601
166,751,1.500000,0.145997,0.218995,True,0.206489,-0.012506,39.000000,10.000000,43768732.593983,61903820.361014,7.736234
166,751,2.000000,0.145997,0.291994,True,0.206489,-0.085505,39.000000,10.000000,43768732.593983,61903820.361014,7.953039
570,797,1.250000,0.080673,0.100842,True,0.101500,0.000658,8.000000,13.000000,24185236.806175,30428892.717214,6.854151
570,797,1.500000,0.080673,0.121010,True,0.118979,-0.002031,6.000000,23.000000,24185236.806175,35668915.328839,6.715033
570,797,2.000000,0.080673,0.161347,True,0.118979,-0.042368,6.000000,23.000000,24185236.806175,35668915.328839,7.012051
600,927,1.250000,0.071617,0.089521,True,0.089384,-0.000137,13.000000,8.000000,21470172.950182,26796715.308157,4.686102
600,927,1.500000,0.071617,0.107425,True,0.109187,0.001762,15.000000,12.000000,21470172.950182,32733522.423294,4.572395
600,927,2.000000,0.071617,0.143234,True,0.112694,-0.030539,14.000000,13.000000,21470172.950182,33784943.799930,4.714669
1445,322,1.250000,0.079565,0.099456,True,0.101040,0.001584,24.000000,1.000000,23852903.266354,30291131.701751,7.272450
1445,322,1.500000,0.079565,0.119347,True,0.116190,-0.003157,28.000000,1.000000,23852903.266354,34832959.569954,7.394347
1445,322,2.000000,0.079565,0.159129,True,0.138444,-0.020686,31.000000,4.000000,23852903.266354,41504368.525158,7.401841
1400,471,1.250000,0.130657,0.163321,True,0.161146,-0.002175,40.000000,0.000000,39169866.696929,48310300.587528,7.709453
1400,471,1.500000,0.130657,0.195985,True,0.161146,-0.034839,40.000000,0.000000,39169866.696929,48310300.587528,7.581221
1400,471,2.000000,0.130657,0.261313,True,0.161146,-0.100167,40.000000,0.000000,39169866.696929,48310300.587528,7.793707
1309,930,1.250000,0.089488,0.111860,True,0.111439,-0.000421,22.000000,3.000000,26827827.649779,33408474.232277,7.121627
1309,930,1.500000,0.089488,0.134232,True,0.115759,-0.018473,25.000000,2.000000,26827827.649779,34703649.719290,7.174818
1309,930,2.000000,0.089488,0.178976,True,0.115759,-0.063217,25.000000,2.000000,26827827.649779,34703649.719290,7.353432
1174,1364,1.250000,0.080774,0.100967,True,0.102476,0.001509,23.000000,1.000000,24215389.428921,30721504.247146,7.380814
1174,1364,1.500000,0.080774,0.121161,True,0.111115,-0.010046,23.000000,1.000000,24215389.428921,33311375.659380,7.382215
1174,1364,2.000000,0.080774,0.161548,True,0.111115,-0.050433,23.000000,1.000000,24215389.428921,33311375.659380,7.332469
1240,70,1.250000,0.094201,0.117751,True,0.119272,0.001522,19.000000,9.000000,28240623.491657,35756929.022738,3.629385
1240,70,1.500000,0.094201,0.141301,True,0.141323,0.000022,23.000000,9.000000,28240623.491657,42367525.147394,3.510666
1240,70,2.000000,0.094201,0.188401,True,0.141323,-0.047078,23.000000,9.000000,28240623.491657,42367525.147394,3.512404
151,386,1.250000,0.083528,0.104410,True,0.106161,0.001751,24.000000,1.000000,25041112.841848,31826258.586467,6.555119
151,386,1.500000,0.083528,0.125292,True,0.106205,-0.019088,24.000000,1.000000,25041112.841848,31839331.352505,6.322663
151,386,2.000000,0.083528,0.167056,True,0.106205,-0.060852,24.000000,1.000000,25041112.841848,31839331.352505,6.376116
1104,1399,1.250000,0.102670,0.128338,True,0.128348,0.000010,24.000000,3.000000,30779729.050181,38477642.954197,7.678456
1104,1399,1.500000,0.102670,0.154005,True,0.150904,-0.003101,30.000000,3.000000,30779729.050181,45239804.035867,7.606264
1104,1399,2.000000,0.102670,0.205340,True,0.150904,-0.054437,30.000000,3.000000,30779729.050181,45239804.035867,7.620193
1414,826,1.250000,0.126265,0.157831,True,0.157074,-0.000757,38.000000,2.000000,37853297.001867,47089601.065698,6.111118
1414,826,1.500000,0.126265,0.189398,True,0.162129,-0.027269,36.000000,4.000000,37853297.001867,48604995.131629,6.239489
1414,826,2.000000,0.126265,0.252530,True,0.162129,-0.090401,36.000000,4.000000,37853297.001867,48604995.131629,6.387756
110,809,1.250000,0.133004,0.166255,True,0.145521,-0.020734,20.000000,17.000000,39873599.619919,43626142.386305,2.205533
110,809,1.500000,0.133004,0.199506,True,0.145521,-0.053985,20.000000,17.000000,39873599.619919,43626142.386305,2.292881
110,809,2.000000,0.133004,0.266008,True,0.145521,-0.120487,20.000000,17.000000,39873599.619919,43626142.386305,2.184096
1205,324,1.250000,0.124703,0.155879,True,0.155524,-0.000356,37.000000,3.000000,37385152.163236,46624785.678625,7.079124
1205,324,1.500000,0.124703,0.187055,True,0.181795,-0.005260,37.000000,9.000000,37385152.163236,54500693.983899,6.945234
1205,324,2.000000,0.124703,0.249407,True,0.181795,-0.067612,37.000000,9.000000,37385152.163236,54500693.983899,7.034116
1573,432,1.250000,0.084935,0.106169,True,0.103079,-0.003091,24.000000,2.000000,25463004.022966,30902201.786147,7.670138
1573,432,1.500000,0.084935,0.127403,True,0.103079,-0.024325,24.000000,2.000000,25463004.022966,30902201.786147,7.720609
1573,432,2.000000,0.084935,0.169871,True,0.103079,-0.066792,24.000000,2.000000,25463004.022966,30902201.786147,7.749743
410,641,1.250000,0.109237,0.136547,True,0.134404,-0.002143,23.000000,8.000000,32748488.726028,40293178.912775,6.844341
410,641,1.500000,0.109237,0.163856,True,0.160256,-0.003600,28.000000,7.000000,32748488.726028,48043516.915197,7.305074
410,641,2.000000,0.109237,0.218474,True,0.160256,-0.058218,28.000000,7.000000,32748488.726028,48043516.915197,6.928769
284,787,1.250000,0.099014,0.123768,True,0.126670,0.002902,24.000000,7.000000,29683736.437599,37974713.296904,1.670214
284,787,1.500000,0.099014,0.148521,True,0.126670,-0.021851,24.000000,7.000000,29683736.437599,37974713.296904,1.671806
284,787,2.000000,0.099014,0.198029,True,0.126670,-0.071359,24.000000,7.000000,29683736.437599,37974713.296904,1.660733
109,670,1.250000,0.157040,0.196299,True,0.178180,-0.018119,42.000000,0.000000,47079266.353843,53417054.849406,7.304998
109,670,1.500000,0.157040,0.235559,True,0.178180,-0.057379,42.000000,0.000000,47079266.353843,53417054.849406,7.324406
109,670,2.000000,0.157040,0.314079,True,0.178180,-0.135899,42.000000,0.000000,47079266.353843,53417054.849406,7.220533
1082,1379,1.250000,0.113348,0.141684,True,0.143615,0.001930,18.000000,13.000000,33980748.830177,43054602.851886,7.676050
1082,1379,1.500000,0.113348,0.170021,True,0.157126,-0.012896,28.000000,5.000000,33980748.830177,47105103.062942,7.823016
1082,1379,2.000000,0.113348,0.226695,True,0.157126,-0.069569,28.000000,5.000000,33980748.830177,47105103.062942,7.607866
1162,871,1.250000,0.075983,0.094979,True,0.095117,0.000138,17.000000,6.000000,22779200.665808,28515372.059574,5.432467
1162,871,1.500000,0.075983,0.113975,True,0.113231,-0.000744,20.000000,7.000000,22779200.665808,33945759.643764,5.274186
1162,871,2.000000,0.075983,0.151966,True,0.113231,-0.038736,20.000000,7.000000,22779200.665808,33945759.643764,5.258050
594,650,1.250000,0.072174,0.090218,True,0.084036,-0.006182,9.000000,6.000000,21637342.735209,25193409.883640,2.617838
594,650,1.500000,0.072174,0.108262,True,0.084036,-0.024225,9.000000,6.000000,21637342.735209,25193409.883640,2.636696
594,650,2.000000,0.072174,0.144349,True,0.084036,-0.060313,9.000000,6.000000,21637342.735209,25193409.883640,2.512913
215,441,1.250000,0.074120,0.092650,True,0.086809,-0.005840,18.000000,4.000000,22220554.084016,26024809.874639,6.610618
215,441,1.500000,0.074120,0.111180,True,0.086809,-0.024370,18.000000,4.000000,22220554.084016,26024809.874639,6.610152
215,441,2.000000,0.074120,0.148240,True,0.086809,-0.061430,18.000000,4.000000,22220554.084016,26024809.874639,6.658923
1123,1215,1.250000,0.039525,0.049406,True,0.050656,0.001250,9.000000,0.000000,11849257.156933,15186240.311755,7.085819
1123,1215,1.500000,0.039525,0.059287,True,0.055582,-0.003705,11.000000,0.000000,11849257.156933,16663194.179605,6.993029
1123,1215,2.000000,0.039525,0.079050,True,0.077403,-0.001647,14.000000,1.000000,11849257.156933,23204717.006906,7.250716
1250,442,1.250000,0.157073,0.196341,True,0.165325,-0.031017,10.000000,33.000000,47089282.095254,49563050.344471,2.790196
1250,442,1.500000,0.157073,0.235609,True,0.165325,-0.070285,10.000000,33.000000,47089282.095254,49563050.344471,2.768075
1250,442,2.000000,0.157073,0.314146,True,0.165325,-0.148821,10.000000,33.000000,47089282.095254,49563050.344471,2.773769
1015,639,1.250000,0.068228,0.085285,True,0.087276,0.001991,7.000000,17.000000,20454205.180982,26164582.528677,3.791196
1015,639,1.500000,0.068228,0.102342,True,0.105142,0.002800,7.000000,19.000000,20454205.180982,31520661.014446,3.756703
1015,639,2.000000,0.068228,0.136456,True,0.113572,-0.022884,10.000000,18.000000,20454205.180982,34048020.819488,3.689807
1278,527,1.250000,0.132908,0.166134,True,0.167429,0.001295,15.000000,30.000000,39844674.977854,50193926.084500,5.110319
1278,527,1.500000,0.132908,0.199361,True,0.172020,-0.027342,17.000000,30.000000,39844674.977854,51570173.723308,4.959360
1278,527,2.000000,0.132908,0.265815,True,0.172020,-0.093795,17.000000,30.000000,39844674.977854,51570173.723308,5.068239
616,891,1.250000,0.111342,0.139178,True,0.132486,-0.006692,20.000000,10.000000,33379569.168336,39718316.538926,4.719041
616,891,1.500000,0.111342,0.167013,True,0.132486,-0.034527,20.000000,10.000000,33379569.168336,39718316.538926,4.765918
616,891,2.000000,0.111342,0.222685,True,0.132486,-0.090198,20.000000,10.000000,33379569.168336,39718316.538926,4.670453
1156,1260,1.250000,0.056820,0.071025,True,0.069688,-0.001337,14.000000,0.000000,17034166.020571,20891976.895107,6.865616
1156,1260,1.500000,0.056820,0.085230,True,0.073205,-0.012024,14.000000,0.000000,17034166.020571,21946424.009093,7.059411
1156,1260,2.000000,0.056820,0.113640,True,0.073205,-0.040434,14.000000,0.000000,17034166.020571,21946424.009093,6.926817
434,622,1.250000,0.093748,0.117185,True,0.115612,-0.001572,22.000000,4.000000,28104870.343157,34659746.275339,7.625799
434,622,1.500000,0.093748,0.140622,True,0.137897,-0.002725,26.000000,4.000000,28104870.343157,41340432.799119,7.563116
434,622,2.000000,0.093748,0.187496,True,0.137897,-0.049599,26.000000,4.000000,28104870.343157,41340432.799119,7.535835
451,915,1.250000,0.082847,0.103559,True,0.105276,0.001717,25.000000,1.000000,24836929.492241,31560858.744912,7.071762
451,915,1.500000,0.082847,0.124271,True,0.111376,-0.012895,27.000000,1.000000,24836929.492241,33389684.205232,7.209826
451,915,2.000000,0.082847,0.165694,True,0.111376,-0.054318,27.000000,1.000000,24836929.492241,33389684.205232,7.099082
736,737,1.250000,0.006534,0.008167,False,,,,,1958747.652557,,2.938852
736,737,1.500000,0.006534,0.009801,True,0.017248,0.007448,3.000000,1.000000,1958747.652557,5170858.539095,2.709463
736,737,2.000000,0.006534,0.013067,True,0.017248,0.004181,3.000000,1.000000,1958747.652557,5170858.539095,4.035795
1339,251,1.250000,0.141868,0.177336,False,,,,,42531091.077566,,1.505901
1339,251,1.500000,0.141868,0.212803,False,,,,,42531091.077566,,1.499589
1339,251,2.000000,0.141868,0.283737,False,,,,,42531091.077566,,1.519623
588,71,1.250000,0.145990,0.182488,True,0.181601,-0.000887,35.000000,8.000000,43766763.709816,54442482.795606,6.278119
588,71,1.500000,0.145990,0.218985,True,0.189858,-0.029127,11.000000,32.000000,43766763.709816,56918131.484992,6.333383
588,71,2.000000,0.145990,0.291980,True,0.189858,-0.102122,11.000000,32.000000,43766763.709816,56918131.484992,6.205570
527,759,1.250000,0.100334,0.125418,True,0.121823,-0.003595,23.000000,3.000000,30079409.529162,36521558.785809,6.189087
527,759,1.500000,0.100334,0.150501,True,0.143323,-0.007178,29.000000,3.000000,30079409.529162,42967054.617274,6.202075
527,759,2.000000,0.100334,0.200668,True,0.143323,-0.057346,29.000000,3.000000,30079409.529162,42967054.617274,6.268211
1200,1234,1.250000,0.072136,0.090170,True,0.088316,-0.001854,16.000000,1.000000,21625862.136663,26476461.920992,7.622506
1200,1234,1.500000,0.072136,0.108204,True,0.092114,-0.016090,8.000000,7.000000,21625862.136663,27615199.432988,7.786519
1200,1234,2.000000,0.072136,0.144272,True,0.092114,-0.052158,8.000000,7.000000,21625862.136663,27615199.432988,7.600680
1176,90,1.250000,0.127199,0.158998,True,0.154294,-0.004704,28.000000,8.000000,38133219.613284,46256157.563725,7.111278
1176,90,1.500000,0.127199,0.190798,True,0.154294,-0.036504,28.000000,8.000000,38133219.613284,46256157.563725,7.182134
1176,90,2.000000,0.127199,0.254397,True,0.154294,-0.100104,28.000000,8.000000,38133219.613284,46256157.563725,7.087762
662,679,1.250000,0.032759,0.040949,True,0.052864,0.011915,4.000000,6.000000,9820955.626647,15848162.352894,1.580824
662,679,1.500000,0.032759,0.049139,True,0.052864,0.003725,4.000000,6.000000,9820955.626647,15848162.352894,1.599840
662,679,2.000000,0.032759,0.065518,True,0.052864,-0.012655,4.000000,6.000000,9820955.626647,15848162.352894,1.620410
679,790,1.250000,0.024712,0.030889,True,0.030811,-0.000079,2.000000,5.000000,7408338.905790,9236786.150348,3.795187
679,790,1.500000,0.024712,0.037067,True,0.036469,-0.000599,5.000000,4.000000,7408338.905790,10933003.896900,3.766474
679,790,2.000000,0.024712,0.049423,True,0.049445,0.000022,6.000000,5.000000,7408338.905790,14823360.135385,3.907057
1446,1493,1.250000,0.026767,0.033459,True,0.035123,0.001664,7.000000,1.000000,8024625.683799,10529735.367013,6.860550
1446,1493,1.500000,0.026767,0.040151,True,0.042886,0.002735,4.000000,4.000000,8024625.683799,12856954.861296,7.417005
1446,1493,2.000000,0.026767,0.053535,True,0.052581,-0.000953,8.000000,4.000000,8024625.683799,15763406.401880,7.095345
1141,640,1.250000,0.104706,0.130883,True,0.130483,-0.000399,8.000000,26.000000,31390145.540560,39117922.747736,2.294800
1141,640,1.500000,0.104706,0.157059,True,0.130483,-0.026576,8.000000,26.000000,31390145.540560,39117922.747736,2.363918
1141,640,2.000000,0.104706,0.209413,True,0.130483,-0.078929,8.000000,26.000000,31390145.540560,39117922.747736,2.267750
1225,513,1.250000,0.156868,0.196085,True,0.196422,0.000338,41.000000,10.000000,47027735.071621,58885960.298081,7.281191
1225,513,1.500000,0.156868,0.235301,True,0.214098,-0.021203,41.000000,12.000000,47027735.071621,64185072.396298,7.444549
1225,513,2.000000,0.156868,0.313735,True,0.214098,-0.099637,41.000000,12.000000,47027735.071621,64185072.396298,7.294158
1324,868,1.250000,0.107472,0.134341,True,0.131269,-0.003072,27.000000,5.000000,32219435.342905,39353468.532999,5.806799
1324,868,1.500000,0.107472,0.161209,True,0.148684,-0.012525,27.000000,7.000000,32219435.342905,44574360.111635,5.649497
1324,868,2.000000,0.107472,0.214945,True,0.148684,-0.066261,27.000000,7.000000,32219435.342905,44574360.111635,5.654633
1212,469,1.250000,0.148871,0.186089,True,0.187776,0.001687,18.000000,30.000000,44630373.138157,56293708.502290,7.359649
1212,469,1.500000,0.148871,0.223306,True,0.196710,-0.026597,18.000000,30.000000,44630373.138157,58972068.655818,6.973328
1212,469,2.000000,0.148871,0.297742,True,0.196710,-0.101032,18.000000,30.000000,44630373.138157,58972068.655818,6.981014
476,665,1.250000,0.087181,0.108976,True,0.108298,-0.000678,24.000000,1.000000,26136149.781275,32466827.101278,6.839758
476,665,1.500000,0.087181,0.130771,True,0.130599,-0.000172,28.000000,1.000000,26136149.781275,39152575.374992,6.748626
476,665,2.000000,0.087181,0.174362,True,0.134343,-0.040018,28.000000,1.000000,26136149.781275,40275130.872128,6.869364
1224,598,1.250000,0.156975,0.196218,True,0.192360,-0.003858,37.000000,10.000000,47059804.644884,57668218.932902,7.140619
1224,598,1.500000,0.156975,0.235462,True,0.200634,-0.034828,38.000000,11.000000,47059804.644884,60148460.611317,7.264009
1224,598,2.000000,0.156975,0.313949,True,0.200634,-0.113316,38.000000,11.000000,47059804.644884,60148460.611317,7.236129
1364,265,1.250000,0.078497,0.098121,True,0.097083,-0.001038,16.000000,10.000000,23532835.128668,29104818.258144,4.806964
1364,265,1.500000,0.078497,0.117746,True,0.119490,0.001744,16.000000,14.000000,23532835.128668,35822056.135050,4.593804
1364,265,2.000000,0.078497,0.156994,True,0.119490,-0.037505,16.000000,14.000000,23532835.128668,35822056.135050,4.684359
1202,442,1.250000,0.176833,0.221042,True,0.198303,-0.022739,9.000000,38.000000,53013288.913664,59449734.183199,6.220186
1202,442,1.500000,0.176833,0.265250,True,0.198303,-0.066947,9.000000,38.000000,53013288.913664,59449734.183199,6.353208
1202,442,2.000000,0.176833,0.353667,True,0.198303,-0.155364,9.000000,38.000000,53013288.913664,59449734.183199,6.257153
1227,1250,1.250000,0.009117,0.011396,False,,,,,2733113.027155,,3.252266
1227,1250,1.500000,0.009117,0.013675,True,0.025260,0.011585,3.000000,2.000000,2733113.027155,7572874.979766,3.618619
1227,1250,2.000000,0.009117,0.018233,True,0.025260,0.007027,3.000000,2.000000,2733113.027155,7572874.979766,4.734636
530,580,1.250000,0.046261,0.057827,False,,,,,13868839.823475,,1.388243
530,580,1.500000,0.046261,0.069392,False,,,,,13868839.823475,,1.512979
530,580,2.000000,0.046261,0.092523,False,,,,,13868839.823475,,1.398101
692,832,1.250000,0.072070,0.090088,True,0.088330,-0.001758,10.000000,7.000000,21606084.891462,26480631.903584,7.371612
692,832,1.500000,0.072070,0.108105,True,0.088330,-0.019775,10.000000,7.000000,21606084.891462,26480631.903584,7.758262
692,832,2.000000,0.072070,0.144140,True,0.088330,-0.055810,10.000000,7.000000,21606084.891462,26480631.903584,7.520882
578,838,1.250000,0.067230,0.084038,True,0.081812,-0.002226,9.000000,12.000000,20155188.000311,24526753.332241,5.204799
578,838,1.500000,0.067230,0.100846,True,0.100333,-0.000512,11.000000,14.000000,20155188.000311,30079194.726829,5.093979
578,838,2.000000,0.067230,0.134461,True,0.113087,-0.021374,13.000000,14.000000,20155188.000311,33902533.032093,5.283056
275,405,1.250000,0.032668,0.040835,True,0.041564,0.000729,9.000000,0.000000,9793590.351801,12460618.522879,7.496701
275,405,1.500000,0.032668,0.049002,True,0.050481,0.001479,11.000000,0.000000,9793590.351801,15133744.128806,7.795899
275,405,2.000000,0.032668,0.065336,True,0.054656,-0.010679,11.000000,0.000000,9793590.351801,16385580.893248,7.811035
435,928,1.250000,0.133047,0.166308,True,0.167873,0.001564,16.000000,23.000000,39886417.723207,50326980.005757,5.563056
435,928,1.500000,0.133047,0.199570,True,0.168577,-0.030993,19.000000,22.000000,39886417.723207,50538162.501332,5.966018
435,928,2.000000,0.133047,0.266094,True,0.168577,-0.097516,19.000000,22.000000,39886417.723207,50538162.501332,5.879619
1035,1273,1.250000,0.058905,0.073632,True,0.074918,0.001286,13.000000,4.000000,17659337.811668,22459843.894274,4.320760
1035,1273,1.500000,0.058905,0.088358,True,0.088066,-0.000292,13.000000,8.000000,17659337.811668,26401538.756706,4.537578
1035,1273,2.000000,0.058905,0.117810,True,0.092205,-0.025605,15.000000,6.000000,17659337.811668,27642416.055567,4.423446
109,155,1.250000,0.024107,0.030134,True,0.030834,0.000700,5.000000,3.000000,7227053.025542,9243806.353089,6.723327
109,155,1.500000,0.024107,0.036160,True,0.035156,-0.001005,4.000000,4.000000,7227053.025542,10539416.080645,6.552407
109,155,2.000000,0.024107,0.048214,True,0.048250,0.000036,6.000000,4.000000,7227053.025542,14464896.336136,6.535344
1366,504,1.250000,0.130853,0.163566,True,0.161013,-0.002553,34.000000,9.000000,39228619.480680,48270501.461228,4.555707
1366,504,1.500000,0.130853,0.196279,True,0.161013,-0.035266,34.000000,9.000000,39228619.480680,48270501.461228,4.679638
1366,504,2.000000,0.130853,0.261705,True,0.161013,-0.100692,34.000000,9.000000,39228619.480680,48270501.461228,4.630354
222,714,1.250000,0.125093,0.156366,True,0.143918,-0.012448,30.000000,5.000000,37501943.450431,43145627.651451,2.504052
222,714,1.500000,0.125093,0.187640,True,0.143918,-0.043721,30.000000,5.000000,37501943.450431,43145627.651451,2.422941
222,714,2.000000,0.125093,0.250186,True,0.143918,-0.106268,30.000000,5.000000,37501943.450431,43145627.651451,2.825086
1045,1079,1.250000,0.072145,0.090181,True,0.091839,0.001658,16.000000,0.000000,21628514.152694,27532704.165224,7.681107
1045,1079,1.500000,0.072145,0.108217,True,0.109537,0.001319,18.000000,0.000000,21628514.152694,32838264.939727,7.553539
1045,1079,2.000000,0.072145,0.144290,True,0.109537,-0.034753,18.000000,0.000000,21628514.152694,32838264.939727,7.428347
612,703,1.250000,0.032891,0.041114,True,0.040117,-0.000997,5.000000,3.000000,9860505.511007,12026733.301396,5.670463
612,703,1.500000,0.032891,0.049337,True,0.048999,-0.000338,7.000000,3.000000,9860505.511007,14689498.510248,5.882369
612,703,2.000000,0.032891,0.065782,True,0.066552,0.000770,7.000000,7.000000,9860505.511007,19951860.938712,5.804926
110,309,1.250000,0.034778,0.043473,True,0.046078,0.002605,8.000000,3.000000,10426253.122208,13813820.333152,2.248240
110,309,1.500000,0.034778,0.052167,True,0.046078,-0.006089,8.000000,3.000000,10426253.122208,13813820.333152,2.235146
110,309,2.000000,0.034778,0.069556,True,0.059243,-0.010313,9.000000,4.000000,10426253.122208,17760722.202094,2.340418
495,586,1.250000,0.032684,0.040855,True,0.041718,0.000863,6.000000,2.000000,9798307.866144,12506708.971364,7.637432
495,586,1.500000,0.032684,0.049025,True,0.050566,0.001541,8.000000,2.000000,9798307.866144,15159323.931653,7.996948
495,586,2.000000,0.032684,0.065367,True,0.050566,-0.014801,8.000000,2.000000,9798307.866144,15159323.931653,7.566802
1581,786,1.250000,0.146405,0.183006,True,0.183026,0.000020,29.000000,17.000000,43891065.224014,54869710.563200,6.906513
1581,786,1.500000,0.146405,0.219607,True,0.200225,-0.019382,33.000000,17.000000,43891065.224014,60026084.261398,7.074475
1581,786,2.000000,0.146405,0.292810,True,0.200225,-0.092584,33.000000,17.000000,43891065.224014,60026084.261398,6.911751
1261,821,1.250000,0.072488,0.090610,True,0.089783,-0.000827,21.000000,2.000000,21731309.369303,26916246.468013,7.100205
1261,821,1.500000,0.072488,0.108732,True,0.107513,-0.001219,25.000000,2.000000,21731309.369303,32231605.981541,7.043688
1261,821,2.000000,0.072488,0.144976,True,0.122452,-0.022524,26.000000,3.000000,21731309.369303,36710243.004130,7.113458
357,708,1.250000,0.064779,0.080974,True,0.077459,-0.003515,14.000000,6.000000,19420248.519550,23221577.245992,5.915686
357,708,1.500000,0.064779,0.097168,True,0.097173,0.000005,4.000000,20.000000,19420248.519550,29131818.584180,6.386104
357,708,2.000000,0.064779,0.129558,True,0.121560,-0.007998,22.000000,6.000000,19420248.519550,36442664.611876,5.954958
184,686,1.250000,0.108260,0.135324,True,0.131981,-0.003344,26.000000,4.000000,32455394.989928,39566834.829490,6.968552
184,686,1.500000,0.108260,0.162389,True,0.131981,-0.030409,26.000000,4.000000,32455394.989928,39566834.829490,6.905050
184,686,2.000000,0.108260,0.216519,True,0.131981,-0.084538,26.000000,4.000000,32455394.989928,39566834.829490,6.882714
133,466,1.250000,0.070564,0.088205,True,0.088745,0.000541,17.000000,4.000000,21154450.812103,26605210.021378,6.112662
133,466,1.500000,0.070564,0.105845,True,0.091334,-0.014511,6.000000,15.000000,21154450.812103,27381345.271160,6.164477
133,466,2.000000,0.070564,0.141127,True,0.091334,-0.049793,6.000000,15.000000,21154450.812103,27381345.271160,6.331345
1085,1182,1.250000,0.072030,0.090037,True,0.088406,-0.001631,16.000000,2.000000,21594000.615370,26503489.194419,7.168217
1085,1182,1.500000,0.072030,0.108045,True,0.092677,-0.015368,16.000000,2.000000,21594000.615370,27783792.820251,7.418710
1085,1182,2.000000,0.072030,0.144060,True,0.092677,-0.051383,16.000000,2.000000,21594000.615370,27783792.820251,7.289017
125,292,1.250000,0.085084,0.106355,True,0.105761,-0.000594,21.000000,1.000000,25507637.820185,31706448.047621,6.734162
125,292,1.500000,0.085084,0.127626,True,0.118901,-0.008725,23.000000,1.000000,25507637.820185,35645686.382545,6.764506
125,292,2.000000,0.085084,0.170169,True,0.118901,-0.051267,23.000000,1.000000,25507637.820185,35645686.382545,6.542039
373,824,1.250000,0.141917,0.177397,True,0.157658,-0.019739,3.000000,32.000000,42545776.430919,47264578.464142,2.775737
373,824,1.500000,0.141917,0.212876,True,0.157658,-0.055218,3.000000,32.000000,42545776.430919,47264578.464142,2.804267
373,824,2.000000,0.141917,0.283835,True,0.157658,-0.126177,3.000000,32.000000,42545776.430919,47264578.464142,2.728566
343,826,1.250000,0.079290,0.099113,True,0.098042,-0.001071,22.000000,6.000000,23770673.868161,29392393.052333,7.500773
343,826,1.500000,0.079290,0.118936,True,0.119233,0.000298,30.000000,2.000000,23770673.868161,35745258.127943,7.405255
343,826,2.000000,0.079290,0.158581,True,0.160192,0.001611,32.000000,8.000000,23770673.868161,48024437.045672,7.612661
1120,1566,1.250000,0.109225,0.136531,True,0.134360,-0.002171,26.000000,6.000000,32744883.962329,40280229.295676,4.654511
1120,1566,1.500000,0.109225,0.163838,True,0.134360,-0.029477,26.000000,6.000000,32744883.962329,40280229.295676,4.594903
1120,1566,2.000000,0.109225,0.218450,True,0.134360,-0.084090,26.000000,6.000000,32744883.962329,40280229.295676,4.710532
279,968,1.250000,0.150633,0.188291,True,0.189452,0.001161,22.000000,24.000000,45158645.031803,56796345.508167,7.375879
279,968,1.500000,0.150633,0.225950,True,0.202924,-0.023025,27.000000,23.000000,45158645.031803,60835202.565590,7.341498
279,968,2.000000,0.150633,0.301266,True,0.202924,-0.098342,27.000000,23.000000,45158645.031803,60835202.565590,7.333040
1194,1434,1.250000,0.054259,0.067824,True,0.069558,0.001734,11.000000,5.000000,16266547.909259,20853018.541932,6.695238
1194,1434,1.500000,0.054259,0.081389,True,0.083039,0.001650,10.000000,8.000000,16266547.909259,24894577.846659,6.880056
1194,1434,2.000000,0.054259,0.108519,True,0.092562,-0.015957,12.000000,8.000000,16266547.909259,27749413.878559,6.762047
1220,771,1.250000,0.125041,0.156302,True,0.155174,-0.001128,12.000000,20.000000,37486449.770053,46520025.946086,7.430725
1220,771,1.500000,0.125041,0.187562,True,0.172347,-0.015215,14.000000,19.000000,37486449.770053,51668432.284599,7.304184
1220,771,2.000000,0.125041,0.250083,True,0.172347,-0.077735,14.000000,19.000000,37486449.770053,51668432.284599,7.178941
1122,163,1.250000,0.150665,0.188331,True,0.188138,-0.000194,29.000000,13.000000,45168241.771526,56402260.862851,5.757667
1122,163,1.500000,0.150665,0.225998,True,0.193103,-0.032895,34.000000,12.000000,45168241.771526,57890824.947607,5.946985
1122,163,2.000000,0.150665,0.301330,True,0.193103,-0.108227,34.000000,12.000000,45168241.771526,57890824.947607,5.732438
101,244,1.250000,0.096192,0.120240,True,0.121071,0.000831,21.000000,4.000000,28837715.015031,36296167.151242,7.093192
101,244,1.500000,0.096192,0.144288,True,0.121071,-0.023217,21.000000,4.000000,28837715.015031,36296167.151242,7.060493
101,244,2.000000,0.096192,0.192385,True,0.121071,-0.071314,21.000000,4.000000,28837715.015031,36296167.151242,7.145253
1281,285,1.250000,0.124385,0.155482,True,0.146024,-0.009457,29.000000,8.000000,37289759.986388,43777040.629676,5.130771
1281,285,1.500000,0.124385,0.186578,True,0.173076,-0.013502,29.000000,12.000000,37289759.986388,51886967.134338,4.858437
1281,285,2.000000,0.124385,0.248771,True,0.173076,-0.075694,29.000000,12.000000,37289759.986388,51886967.134338,4.959858
425,568,1.250000,0.091720,0.114650,True,0.113244,-0.001406,8.000000,14.000000,27496979.561636,33949704.039328,6.830698
425,568,1.500000,0.091720,0.137580,True,0.130800,-0.006780,11.000000,15.000000,27496979.561636,39212768.693043,6.736303
425,568,2.000000,0.091720,0.183440,True,0.130800,-0.052640,11.000000,15.000000,27496979.561636,39212768.693043,6.773017
1471,299,1.250000,0.105309,0.131637,True,0.138059,0.006423,27.000000,5.000000,31570916.801151,41389084.248024,6.297384
1471,299,1.500000,0.105309,0.157964,True,0.138833,-0.019131,30.000000,4.000000,31570916.801151,41621121.383523,6.561829
1471,299,2.000000,0.105309,0.210618,True,0.138833,-0.071785,30.000000,4.000000,31570916.801151,41621121.383523,6.515052
171,243,1.250000,0.052430,0.065537,True,0.064874,-0.000663,10.000000,3.000000,15718008.027130,19448780.890240,6.382702
171,243,1.500000,0.052430,0.078644,True,0.074093,-0.004551,10.000000,7.000000,15718008.027130,22212638.659225,6.374091
171,243,2.000000,0.052430,0.104859,True,0.074093,-0.030766,10.000000,7.000000,15718008.027130,22212638.659225,6.380051
1243,44,1.250000,0.130932,0.163664,True,0.161856,-0.001809,16.000000,20.000000,39252303.947567,48523176.590532,7.315958
1243,44,1.500000,0.130932,0.196397,True,0.161856,-0.034541,16.000000,20.000000,39252303.947567,48523176.590532,7.565527
1243,44,2.000000,0.130932,0.261863,True,0.161856,-0.100007,16.000000,20.000000,39252303.947567,48523176.590532,7.293358
440,845,1.250000,0.117959,0.147449,True,0.148638,0.001190,22.000000,10.000000,35363220.291591,44560639.408453,5.909491
440,845,1.500000,0.117959,0.176939,True,0.162027,-0.014911,27.000000,9.000000,35363220.291591,48574480.637692,6.008075
440,845,2.000000,0.117959,0.235918,True,0.162027,-0.073891,27.000000,9.000000,35363220.291591,48574480.637692,5.747957
1483,646,1.250000,0.121906,0.152382,True,0.154923,0.002540,34.000000,6.000000,36546444.467791,46444653.816426,7.327396
1483,646,1.500000,0.121906,0.182859,True,0.168076,-0.014783,35.000000,7.000000,36546444.467791,50387782.961746,7.274215
1483,646,2.000000,0.121906,0.243812,True,0.168076,-0.075736,35.000000,7.000000,36546444.467791,50387782.961746,7.459492
1377,658,1.250000,0.156959,0.196199,True,0.178285,-0.017914,12.000000,33.000000,47055181.338402,53448477.777485,7.327680
1377,658,1.500000,0.156959,0.235439,True,0.178285,-0.057154,12.000000,33.000000,47055181.338402,53448477.777485,7.174145
1377,658,2.000000,0.156959,0.313918,True,0.178285,-0.135633,12.000000,33.000000,47055181.338402,53448477.777485,7.224042
439,530,1.250000,0.034791,0.043489,True,0.042453,-0.001036,2.000000,9.000000,10430170.914204,12726984.470137,5.165991
439,530,1.500000,0.034791,0.052187,True,0.051513,-0.000673,3.000000,10.000000,10430170.914204,15443350.048899,5.047586
439,530,2.000000,0.034791,0.069583,True,0.068103,-0.001480,5.000000,10.000000,10430170.914204,20416743.365274,5.010605
588,880,1.250000,0.085188,0.106485,True,0.106223,-0.000262,5.000000,20.000000,25538754.926530,31844975.912978,6.322494
588,880,1.500000,0.085188,0.127782,True,0.111327,-0.016455,5.000000,22.000000,25538754.926530,33374998.715058,6.736678
588,880,2.000000,0.085188,0.170376,True,0.111327,-0.059049,5.000000,22.000000,25538754.926530,33374998.715058,6.453138
376,910,1.250000,0.121317,0.151647,True,0.152470,0.000823,27.000000,10.000000,36370002.305945,45709311.252836,3.470485
376,910,1.500000,0.121317,0.181976,True,0.152470,-0.029506,27.000000,10.000000,36370002.305945,45709311.252836,3.699264
376,910,2.000000,0.121317,0.242635,True,0.152470,-0.090165,27.000000,10.000000,36370002.305945,45709311.252836,3.649547
178,979,1.250000,0.176608,0.220761,True,0.199202,-0.021558,44.000000,6.000000,52945879.389715,59719332.380677,5.935120
178,979,1.500000,0.176608,0.264913,True,0.199202,-0.065710,44.000000,6.000000,52945879.389715,59719332.380677,5.950431
178,979,2.000000,0.176608,0.353217,True,0.199202,-0.154015,44.000000,6.000000,52945879.389715,59719332.380677,5.892549
1198,1325,1.250000,0.052616,0.065770,True,0.063304,-0.002465,11.000000,3.000000,15773812.719676,18978193.610572,6.960917
1198,1325,1.500000,0.052616,0.078924,True,0.075190,-0.003734,10.000000,4.000000,15773812.719676,22541401.873758,6.747529
1198,1325,2.000000,0.052616,0.105232,True,0.101157,-0.004075,10.000000,8.000000,15773812.719676,30326052.588138,6.705154
1167,605,1.250000,0.150502,0.188128,True,0.176377,-0.011751,41.000000,2.000000,45119453.269619,52876498.931655,7.988205
1167,605,1.500000,0.150502,0.225753,True,0.176377,-0.049376,41.000000,2.000000,45119453.269619,52876498.931655,7.809900
1167,605,2.000000,0.150502,0.301005,True,0.176377,-0.124628,41.000000,2.000000,45119453.269619,52876498.931655,7.622741
691,766,1.250000,0.067589,0.084486,True,0.083514,-0.000971,10.000000,7.000000,20262540.847105,25036958.150751,7.516749
691,766,1.500000,0.067589,0.101383,True,0.100934,-0.000448,13.000000,8.000000,20262540.847105,30259398.198930,7.375275
691,766,2.000000,0.067589,0.135177,True,0.100934,-0.034243,13.000000,8.000000,20262540.847105,30259398.198930,7.648056
1176,1536,1.250000,0.104719,0.130899,True,0.134074,0.003175,28.000000,0.000000,31393976.190181,40194432.102271,7.412189
1176,1536,1.500000,0.104719,0.157079,True,0.160330,0.003252,32.000000,0.000000,31393976.190181,48065764.989523,7.530678
1176,1536,2.000000,0.104719,0.209438,True,0.160579,-0.048860,34.000000,0.000000,31393976.190181,48140236.750956,7.428230
1327,510,1.250000,0.147680,0.184600,True,0.170388,-0.014211,37.000000,6.000000,44273257.536820,51081144.986099,3.337306
1327,510,1.500000,0.147680,0.221520,True,0.170388,-0.051131,37.000000,6.000000,44273257.536820,51081144.986099,3.311239
1327,510,2.000000,0.147680,0.295359,True,0.170388,-0.124971,37.000000,6.000000,44273257.536820,51081144.986099,3.314230
1480,250,1.250000,0.069372,0.086715,True,0.087507,0.000792,21.000000,0.000000,20797229.282648,26234000.137637,7.450414
1480,250,1.500000,0.069372,0.104058,True,0.104037,-0.000021,24.000000,1.000000,20797229.282648,31189416.173718,7.288054
1480,250,2.000000,0.069372,0.138744,True,0.117161,-0.021583,26.000000,1.000000,20797229.282648,35124019.021864,7.235916
1513,306,1.250000,0.078641,0.098301,True,0.097937,-0.000364,22.000000,3.000000,23575836.322354,29360741.404228,7.258994
1513,306,1.500000,0.078641,0.117961,True,0.106619,-0.011342,22.000000,5.000000,23575836.322354,31963648.063835,7.166079
1513,306,2.000000,0.078641,0.157281,True,0.106619,-0.050662,22.000000,5.000000,23575836.322354,31963648.063835,7.181317
1554,911,1.250000,0.126174,0.157718,True,0.156622,-0.001096,39.000000,0.000000,37826084.467787,46954048.217826,7.416541
1554,911,1.500000,0.126174,0.189261,True,0.173952,-0.015310,44.000000,1.000000,37826084.467787,52149425.572442,7.569382
1554,911,2.000000,0.126174,0.252348,True,0.173952,-0.078397,44.000000,1.000000,37826084.467787,52149425.572442,7.341942
1002,124,1.250000,0.118914,0.148642,True,0.149786,0.001143,34.000000,2.000000,35649489.284517,44904577.842594,7.386479
1002,124,1.500000,0.118914,0.178371,True,0.181671,0.003300,38.000000,5.000000,35649489.284517,54463504.949317,7.134497
1002,124,2.000000,0.118914,0.237828,True,0.181690,-0.056138,38.000000,5.000000,35649489.284517,54469213.884781,7.563921
264,5,1.250000,0.072051,0.090064,True,0.088037,-0.002027,10.000000,10.000000,21600425.844131,26392734.729615,4.377849
264,5,1.500000,0.072051,0.108077,True,0.110150,0.002073,13.000000,13.000000,21600425.844131,33021998.704490,4.444119
264,5,2.000000,0.072051,0.144103,True,0.114333,-0.029770,14.000000,14.000000,21600425.844131,34276124.454480,4.375527
360,661,1.250000,0.092358,0.115447,True,0.115458,0.000011,7.000000,21.000000,27688115.931208,34613428.112063,6.932313
360,661,1.500000,0.092358,0.138536,True,0.119915,-0.018622,11.000000,17.000000,27688115.931208,35949500.666379,6.804342
360,661,2.000000,0.092358,0.184715,True,0.119915,-0.064801,11.000000,17.000000,27688115.931208,35949500.666379,6.596466
1047,490,1.250000,0.128688,0.160860,True,0.162759,0.001899,39.000000,0.000000,38579575.433287,48793775.329672,7.241699
1047,490,1.500000,0.128688,0.193031,True,0.180323,-0.012708,40.000000,1.000000,38579575.433287,54059568.803547,7.270289
1047,490,2.000000,0.128688,0.257375,True,0.180323,-0.077052,40.000000,1.000000,38579575.433287,54059568.803547,7.409346
468,987,1.250000,0.133089,0.166361,True,0.164478,-0.001883,8.000000,33.000000,39899067.617401,49309265.516115,6.703531
468,987,1.500000,0.133089,0.199633,True,0.173235,-0.026399,9.000000,32.000000,39899067.617401,51934413.705151,6.568969
468,987,2.000000,0.133089,0.266178,True,0.173235,-0.092943,9.000000,32.000000,39899067.617401,51934413.705151,6.575019
1492,481,1.250000,0.098057,0.122571,True,0.121408,-0.001163,28.000000,4.000000,29396711.731545,36397208.399939,7.206067
1492,481,1.500000,0.098057,0.147085,True,0.138502,-0.008583,30.000000,4.000000,29396711.731545,41521877.951650,7.239830
1492,481,2.000000,0.098057,0.196114,True,0.138502,-0.057612,30.000000,4.000000,29396711.731545,41521877.951650,7.181282
1021,1023,1.250000,0.013079,0.016348,True,0.015493,-0.000855,2.000000,0.000000,3920855.572569,4644609.792941,6.014856
1021,1023,1.500000,0.013079,0.019618,True,0.019638,0.000020,2.000000,0.000000,3920855.572569,5887314.225423,6.015505
1021,1023,2.000000,0.013079,0.026157,True,0.027948,0.001791,5.000000,0.000000,3920855.572569,8378748.463977,6.243933
568,601,1.250000,0.078660,0.098326,True,0.099465,0.001139,14.000000,4.000000,23581823.042149,29818806.345813,7.217194
568,601,1.500000,0.078660,0.117991,True,0.121531,0.003541,5.000000,17.000000,23581823.042149,36434161.422616,6.869676
568,601,2.000000,0.078660,0.157321,True,0.121836,-0.035485,18.000000,4.000000,23581823.042149,36525393.413807,6.751691
412,817,1.250000,0.122409,0.153012,True,0.144560,-0.008452,16.000000,19.000000,36697411.272997,43337892.888471,6.490439
412,817,1.500000,0.122409,0.183614,True,0.144560,-0.039054,16.000000,19.000000,36697411.272997,43337892.888471,6.583878
412,817,2.000000,0.122409,0.244819,True,0.144560,-0.100259,16.000000,19.000000,36697411.272997,43337892.888471,6.562415
177,450,1.250000,0.098663,0.123329,True,0.124292,0.000963,19.000000,9.000000,29578516.581920,37261871.277060,5.731418
177,450,1.500000,0.098663,0.147995,True,0.126838,-0.021157,10.000000,18.000000,29578516.581920,38025175.993065,5.825171
177,450,2.000000,0.098663,0.197327,True,0.126838,-0.070488,10.000000,18.000000,29578516.581920,38025175.993065,5.703197
1205,1483,1.250000,0.096064,0.120080,True,0.118580,-0.001500,17.000000,9.000000,28799343.694160,35549370.655805,5.746697
1205,1483,1.500000,0.096064,0.144096,True,0.136345,-0.007751,28.000000,4.000000,28799343.694160,40875317.426400,5.529135
1205,1483,2.000000,0.096064,0.192129,True,0.136345,-0.055783,28.000000,4.000000,28799343.694160,40875317.426400,5.825511
1218,1269,1.250000,0.052359,0.065448,True,0.064337,-0.001111,8.000000,6.000000,15696759.751392,19287744.773022,7.004034
1218,1269,1.500000,0.052359,0.078538,True,0.076980,-0.001558,9.000000,7.000000,15696759.751392,23078106.904471,7.184638
1218,1269,2.000000,0.052359,0.104718,True,0.076980,-0.027737,9.000000,7.000000,15696759.751392,23078106.904471,7.206042
1054,43,1.250000,0.092440,0.115550,True,0.120188,0.004638,20.000000,12.000000,27712906.595338,36031480.893652,2.208272
1054,43,1.500000,0.092440,0.138660,True,0.140841,0.002180,23.000000,13.000000,27712906.595338,42222928.747593,2.299950
1054,43,2.000000,0.092440,0.184881,True,0.140841,-0.044040,23.000000,13.000000,27712906.595338,42222928.747593,2.231670
1441,381,1.250000,0.104541,0.130676,True,0.129914,-0.000762,31.000000,0.000000,31340581.439656,38947358.504727,7.459304
1441,381,1.500000,0.104541,0.156811,True,0.156109,-0.000702,35.000000,0.000000,31340581.439656,46800299.979351,7.388048
1441,381,2.000000,0.104541,0.209082,True,0.164850,-0.044231,37.000000,0.000000,31340581.439656,49420898.653017,7.373461
1111,1224,1.250000,0.037166,0.046458,True,0.046504,0.000046,7.000000,2.000000,11142090.095286,13941435.958837,7.288844
1111,1224,1.500000,0.037166,0.055749,True,0.050656,-0.005093,9.000000,2.000000,11142090.095286,15186233.664696,7.067595
1111,1224,2.000000,0.037166,0.074332,True,0.050656,-0.023676,9.000000,2.000000,11142090.095286,15186233.664696,7.567600
150,1544,1.250000,0.078628,0.098285,True,0.099375,0.001090,14.000000,9.000000,23572103.086592,29791979.981558,6.146995
150,1544,1.500000,0.078628,0.117942,True,0.112821,-0.005121,17.000000,8.000000,23572103.086592,33822939.808005,6.159724
150,1544,2.000000,0.078628,0.157256,True,0.112821,-0.044435,17.000000,8.000000,23572103.086592,33822939.808005,5.956378
1068,532,1.250000,0.130833,0.163542,True,0.164638,0.001096,31.000000,6.000000,39222864.876432,49357173.048304,7.452194
1068,532,1.500000,0.130833,0.196250,True,0.185849,-0.010401,9.000000,31.000000,39222864.876432,55716137.345905,7.144665
1068,532,2.000000,0.130833,0.261667,True,0.185849,-0.075818,9.000000,31.000000,39222864.876432,55716137.345905,7.318297
214,721,1.250000,0.090412,0.113014,True,0.111190,-0.001824,21.000000,8.000000,27104698.207720,33334037.829432,6.851785
214,721,1.500000,0.090412,0.135617,True,0.134828,-0.000790,24.000000,9.000000,27104698.207720,40420354.659425,6.722024
214,721,2.000000,0.090412,0.180823,True,0.134828,-0.045995,24.000000,9.000000,27104698.207720,40420354.659425,6.928854
1247,441,1.250000,0.170260,0.212825,True,0.192526,-0.020300,17.000000,32.000000,51042777.722281,57717783.762667,5.619853
1247,441,1.500000,0.170260,0.255391,True,0.192526,-0.062865,17.000000,32.000000,51042777.722281,57717783.762667,5.653212
1247,441,2.000000,0.170260,0.340521,True,0.192526,-0.147995,17.000000,32.000000,51042777.722281,57717783.762667,5.418084
1037,345,1.250000,0.170286,0.212857,True,0.212878,0.000021,45.000000,8.000000,51050372.390353,63819350.180783,7.178427
1037,345,1.500000,0.170286,0.255429,True,0.221875,-0.033554,45.000000,8.000000,51050372.390353,66516346.961151,7.165585
1037,345,2.000000,0.170286,0.340571,True,0.221875,-0.118697,45.000000,8.000000,51050372.390353,66516346.961151,7.283915
1319,346,1.250000,0.125336,0.156669,True,0.156759,0.000090,29.000000,11.000000,37574641.295799,46995200.048633,5.396942
1319,346,1.500000,0.125336,0.188003,True,0.183021,-0.004982,32.000000,14.000000,37574641.295799,54868288.157183,5.396088
1319,346,2.000000,0.125336,0.250671,True,0.183021,-0.067650,32.000000,14.000000,37574641.295799,54868288.157183,5.422148
1153,1342,1.250000,0.089726,0.112157,True,0.110627,-0.001530,22.000000,1.000000,26899165.984707,33165201.150401,8.051227
1153,1342,1.500000,0.089726,0.134589,True,0.127467,-0.007122,15.000000,10.000000,26899165.984707,38213590.804783,7.500005
1153,1342,2.000000,0.089726,0.179452,True,0.127467,-0.051985,15.000000,10.000000,26899165.984707,38213590.804783,7.579168
783,901,1.250000,0.067871,0.084839,True,0.084880,0.000042,3.000000,15.000000,20347194.611172,25446522.755500,5.515522
783,901,1.500000,0.067871,0.101806,True,0.101233,-0.000573,14.000000,6.000000,20347194.611172,30348936.493037,5.441746
783,901,2.000000,0.067871,0.135742,True,0.101233,-0.034509,14.000000,6.000000,20347194.611172,30348936.493037,5.440876
71,775,1.250000,0.118242,0.147803,True,0.146965,-0.000838,30.000000,7.000000,35448197.327729,44059016.829258,4.529952
71,775,1.500000,0.118242,0.177364,True,0.169484,-0.007880,33.000000,8.000000,35448197.327729,50809886.634989,4.498618
71,775,2.000000,0.118242,0.236485,True,0.169484,-0.067001,33.000000,8.000000,35448197.327729,50809886.634989,4.392864
1506,809,1.250000,0.150356,0.187945,True,0.188745,0.000800,39.000000,7.000000,45075657.712603,56584407.931246,6.757287
1506,809,1.500000,0.150356,0.225534,True,0.211503,-0.014031,47.000000,5.000000,45075657.712603,63406969.670602,6.916908
1506,809,2.000000,0.150356,0.300712,True,0.211503,-0.089210,47.000000,5.000000,45075657.712603,63406969.670602,6.639268
449,812,1.250000,0.124380,0.155476,True,0.157507,0.002031,12.000000,22.000000,37288335.492583,47219269.073028,6.796785
449,812,1.500000,0.124380,0.186571,True,0.175256,-0.011315,16.000000,22.000000,37288335.492583,52540415.217173,6.682825
449,812,2.000000,0.124380,0.248761,True,0.175256,-0.073505,16.000000,22.000000,37288335.492583,52540415.217173,6.797488
1177,73,1.250000,0.098011,0.122514,True,0.123160,0.000646,28.000000,3.000000,29383003.179913,36922307.923634,7.300818
1177,73,1.500000,0.098011,0.147017,True,0.145520,-0.001497,30.000000,5.000000,29383003.179913,43625665.400219,7.445051
1177,73,2.000000,0.098011,0.196022,True,0.168810,-0.027212,36.000000,3.000000,29383003.179913,50607989.305164,7.415887
1196,1343,1.250000,0.070360,0.087951,True,0.087727,-0.000223,10.000000,7.000000,21093522.249106,26299989.964725,7.505224
1196,1343,1.500000,0.070360,0.105541,True,0.087727,-0.017813,10.000000,7.000000,21093522.249106,26299989.964725,7.274371
1196,1343,2.000000,0.070360,0.140721,True,0.087727,-0.052994,10.000000,7.000000,21093522.249106,26299989.964725,7.259553
1154,1277,1.250000,0.078875,0.098594,True,0.096834,-0.001761,10.000000,8.000000,23646238.123023,29029953.206051,6.045903
1154,1277,1.500000,0.078875,0.118313,True,0.105441,-0.012872,21.000000,1.000000,23646238.123023,31610299.060893,6.070844
1154,1277,2.000000,0.078875,0.157751,True,0.105441,-0.052310,21.000000,1.000000,23646238.123023,31610299.060893,6.096168
253,659,1.250000,0.124392,0.155490,True,0.153601,-0.001890,9.000000,24.000000,37291856.458664,46048335.037741,7.692045
253,659,1.500000,0.124392,0.186588,True,0.174891,-0.011697,12.000000,25.000000,37291856.458664,52430979.867869,7.413358
253,659,2.000000,0.124392,0.248784,True,0.174891,-0.073894,12.000000,25.000000,37291856.458664,52430979.867869,7.398850
1299,145,1.250000,0.126576,0.158219,True,0.158294,0.000074,24.000000,14.000000,37946390.436376,47455302.433446,6.444453
1299,145,1.500000,0.126576,0.189863,True,0.162165,-0.027699,25.000000,13.000000,37946390.436376,48615722.244927,6.091106
1299,145,2.000000,0.126576,0.253151,True,0.162165,-0.090986,25.000000,13.000000,37946390.436376,48615722.244927,6.002052
258,37,1.250000,0.042929,0.053662,True,0.048431,-0.005230,12.000000,0.000000,12869877.368702,14519375.813734,7.567772
258,37,1.500000,0.042929,0.064394,True,0.064977,0.000583,16.000000,0.000000,12869877.368702,19479659.675671,7.527729
258,37,2.000000,0.042929,0.085859,True,0.082987,-0.002872,18.000000,0.000000,12869877.368702,24878829.932303,7.814911
133,516,1.250000,0.116346,0.145432,True,0.140958,-0.004474,23.000000,10.000000,34879518.877966,42258215.103706,6.844910
133,516,1.500000,0.116346,0.174518,True,0.174919,0.000401,36.000000,3.000000,34879518.877966,52439503.507504,6.758602
133,516,2.000000,0.116346,0.232691,True,0.181725,-0.050966,35.000000,6.000000,34879518.877966,54479740.693048,6.701560
527,710,1.250000,0.074165,0.092706,True,0.094764,0.002058,2.000000,19.000000,22234086.082126,28409489.639131,2.858454
527,710,1.500000,0.074165,0.111247,True,0.108023,-0.003224,5.000000,18.000000,22234086.082126,32384531.433187,2.627995
527,710,2.000000,0.074165,0.148330,True,0.116900,-0.031430,6.000000,21.000000,22234086.082126,35045597.581228,2.547387
1353,310,1.250000,0.139491,0.174363,True,0.163313,-0.011051,24.000000,15.000000,41818275.940725,48959908.788745,7.220476
1353,310,1.500000,0.139491,0.209236,True,0.163313,-0.045923,24.000000,15.000000,41818275.940725,48959908.788745,7.554044
1353,310,2.000000,0.139491,0.278982,True,0.163313,-0.115669,24.000000,15.000000,41818275.940725,48959908.788745,7.442522
1428,394,1.250000,0.086104,0.107630,True,0.108908,0.001278,13.000000,17.000000,25813267.311725,32649828.707054,7.289599
1428,394,1.500000,0.086104,0.129156,True,0.130972,0.001816,14.000000,20.000000,25813267.311725,39264443.870549,7.308992
1428,394,2.000000,0.086104,0.172208,True,0.139514,-0.032693,18.000000,18.000000,25813267.311725,41825332.154064,7.208424
383,945,1.250000,0.146198,0.182748,True,0.172948,-0.009799,16.000000,26.000000,43829060.032169,51848596.327283,6.706030
383,945,1.500000,0.146198,0.219297,True,0.172948,-0.046349,16.000000,26.000000,43829060.032169,51848596.327283,6.917180
383,945,2.000000,0.146198,0.292396,True,0.172948,-0.119448,16.000000,26.000000,43829060.032169,51848596.327283,6.938509
1362,692,1.250000,0.163555,0.204444,True,0.185325,-0.019119,35.000000,12.000000,49032630.097470,55558918.368669,2.252328
1362,692,1.500000,0.163555,0.245333,True,0.185325,-0.060008,35.000000,12.000000,49032630.097470,55558918.368669,2.200773
1362,692,2.000000,0.163555,0.327110,True,0.185325,-0.141786,35.000000,12.000000,49032630.097470,55558918.368669,2.264751
1533,797,1.250000,0.174516,0.218145,True,0.212742,-0.005403,28.000000,22.000000,52318554.106460,63778498.787923,7.271977
1533,797,1.500000,0.174516,0.261774,True,0.212742,-0.049032,28.000000,22.000000,52318554.106460,63778498.787923,7.124143
1533,797,2.000000,0.174516,0.349032,True,0.212742,-0.136290,28.000000,22.000000,52318554.106460,63778498.787923,7.229377
1154,1239,1.250000,0.032859,0.041074,True,0.042082,0.001007,6.000000,2.000000,9850994.957663,12615757.323530,6.218872
1154,1239,1.500000,0.032859,0.049289,True,0.051046,0.001757,8.000000,2.000000,9850994.957663,15303297.610325,6.035619
1154,1239,2.000000,0.032859,0.065719,True,0.060606,-0.005113,12.000000,2.000000,9850994.957663,18169127.894981,6.151419
524,710,1.250000,0.093842,0.117303,True,0.115019,-0.002284,7.000000,19.000000,28133135.743422,34481705.177043,7.064059
524,710,1.500000,0.093842,0.140763,True,0.123867,-0.016896,7.000000,21.000000,28133135.743422,37134300.316343,6.777858
524,710,2.000000,0.093842,0.187684,True,0.123867,-0.063817,7.000000,21.000000,28133135.743422,37134300.316343,6.889544
821,942,1.250000,0.087230,0.109037,True,0.108452,-0.000585,20.000000,3.000000,26150790.054335,32513059.305286,6.801272
821,942,1.500000,0.087230,0.130844,True,0.108452,-0.022393,20.000000,3.000000,26150790.054335,32513059.305286,6.910554
821,942,2.000000,0.087230,0.174459,True,0.108452,-0.066007,20.000000,3.000000,26150790.054335,32513059.305286,6.751215
1364,652,1.250000,0.159258,0.199072,True,0.198050,-0.001022,25.000000,23.000000,47744236.024077,59373897.471833,4.721114
1364,652,1.500000,0.159258,0.238886,True,0.210050,-0.028837,19.000000,33.000000,47744236.024077,62971307.678923,4.680615
1364,652,2.000000,0.159258,0.318515,True,0.210050,-0.108466,19.000000,33.000000,47744236.024077,62971307.678923,4.650631
336,670,1.250000,0.074502,0.093127,True,0.093977,0.000850,21.000000,3.000000,22334995.769277,28173666.420253,7.678574
336,670,1.500000,0.074502,0.111752,True,0.103647,-0.008105,23.000000,3.000000,22334995.769277,31072526.939096,7.532834
336,670,2.000000,0.074502,0.149003,True,0.103647,-0.045356,23.000000,3.000000,22334995.769277,31072526.939096,7.605228
1087,40,1.250000,0.137377,0.171721,True,0.171825,0.000104,35.000000,5.000000,41184512.951844,51511868.333549,8.019278
1087,40,1.500000,0.137377,0.206065,True,0.185385,-0.020680,40.000000,4.000000,41184512.951844,55577145.641729,7.807934
1087,40,2.000000,0.137377,0.274753,True,0.185385,-0.089368,40.000000,4.000000,41184512.951844,55577145.641729,7.917088
1177,906,1.250000,0.085099,0.106373,True,0.096410,-0.009963,20.000000,0.000000,25511957.141406,28903064.090634,7.700193
1177,906,1.500000,0.085099,0.127648,True,0.096410,-0.031238,20.000000,0.000000,25511957.141406,28903064.090634,7.572020
1177,906,2.000000,0.085099,0.170197,True,0.096410,-0.073787,20.000000,0.000000,25511957.141406,28903064.090634,7.803799
407,955,1.250000,0.095898,0.119873,True,0.120784,0.000911,32.000000,0.000000,28749622.642441,36210224.443349,7.893864
407,955,1.500000,0.095898,0.143848,True,0.144751,0.000904,38.000000,0.000000,28749622.642441,43395303.126919,8.007746
407,955,2.000000,0.095898,0.191797,True,0.158124,-0.033673,40.000000,0.000000,28749622.642441,47404347.559248,7.799073
335,442,1.250000,0.035626,0.044532,True,0.044025,-0.000507,2.000000,9.000000,10680337.700059,13198332.036423,4.948652
335,442,1.500000,0.035626,0.053439,True,0.053471,0.000033,4.000000,9.000000,10680337.700059,16030325.091811,5.051896
335,442,2.000000,0.035626,0.071252,True,0.066789,-0.004463,4.000000,11.000000,10680337.700059,20022733.071819,5.140254
1013,1098,1.250000,0.030653,0.038316,True,0.041538,0.003222,5.000000,4.000000,9189537.476945,12452728.729338,3.535270
1013,1098,1.500000,0.030653,0.045979,True,0.041555,-0.004425,6.000000,3.000000,9189537.476945,12457873.184864,3.578102
1013,1098,2.000000,0.030653,0.061306,True,0.063725,0.002419,10.000000,3.000000,9189537.476945,19104250.970489,3.561412
314,523,1.250000,0.102738,0.128422,True,0.128556,0.000134,8.000000,17.000000,30799980.478373,38540127.434383,6.584624
314,523,1.500000,0.102738,0.154107,True,0.141171,-0.012935,10.000000,17.000000,30799980.478373,42322053.464526,6.886703
314,523,2.000000,0.102738,0.205475,True,0.141171,-0.064304,10.000000,17.000000,30799980.478373,42322053.464526,6.577536
354,697,1.250000,0.109317,0.136646,True,0.138827,0.002180,17.000000,14.000000,32772410.954490,41619154.252239,4.239485
354,697,1.500000,0.109317,0.163975,True,0.143192,-0.020784,16.000000,17.000000,32772410.954490,42927863.962223,4.094341
354,697,2.000000,0.109317,0.218634,True,0.143192,-0.075442,16.000000,17.000000,32772410.954490,42927863.962223,4.058447
368,661,1.250000,0.091733,0.114667,True,0.109276,-0.005391,9.000000,19.000000,27500953.741854,32760106.310102,6.765131
368,661,1.500000,0.091733,0.137600,True,0.109276,-0.028324,9.000000,19.000000,27500953.741854,32760106.310102,6.722382
368,661,2.000000,0.091733,0.183467,True,0.109276,-0.074191,9.000000,19.000000,27500953.741854,32760106.310102,6.754990
567,601,1.250000,0.072082,0.090103,True,0.089440,-0.000663,13.000000,4.000000,21609686.450044,26813472.033962,7.604822
567,601,1.500000,0.072082,0.108123,True,0.102473,-0.005651,15.000000,4.000000,21609686.450044,30720526.778866,7.626368
567,601,2.000000,0.072082,0.144164,True,0.102473,-0.041692,15.000000,4.000000,21609686.450044,30720526.778866,7.772597
1143,956,1.250000,0.098277,0.122846,True,0.118290,-0.004556,19.000000,5.000000,29462712.812502,35462388.941659,2.728923
1143,956,1.500000,0.098277,0.147416,True,0.118290,-0.029126,19.000000,5.000000,29462712.812502,35462388.941659,2.674554
1143,956,2.000000,0.098277,0.196554,True,0.118290,-0.078264,19.000000,5.000000,29462712.812502,35462388.941659,2.737815
530,610,1.250000,0.063491,0.079364,False,,,,,19034248.148869,,1.415017
530,610,1.500000,0.063491,0.095237,False,,,,,19034248.148869,,1.408265
530,610,2.000000,0.063491,0.126983,False,,,,,19034248.148869,,1.409207
1283,474,1.250000,0.148214,0.185267,True,0.184199,-0.001068,42.000000,5.000000,44433324.258334,55221558.089681,6.590630
1283,474,1.500000,0.148214,0.222320,True,0.184199,-0.038121,42.000000,5.000000,44433324.258334,55221558.089681,6.714347
1283,474,2.000000,0.148214,0.296427,True,0.184199,-0.112228,42.000000,5.000000,44433324.258334,55221558.089681,6.674728
1107,97,1.250000,0.101338,0.126673,True,0.128305,0.001632,33.000000,0.000000,30380382.865500,38464775.700522,7.061475
1107,97,1.500000,0.101338,0.152007,True,0.149350,-0.002657,37.000000,0.000000,30380382.865500,44774018.638569,7.125693
1107,97,2.000000,0.101338,0.202676,True,0.175158,-0.027518,37.000000,4.000000,30380382.865500,52510966.524391,7.134821
1581,489,1.250000,0.126478,0.158098,True,0.157047,-0.001051,32.000000,6.000000,37917210.084631,47081473.617785,7.448022
1581,489,1.500000,0.126478,0.189717,True,0.179661,-0.010056,35.000000,7.000000,37917210.084631,53861008.620985,7.265197
1581,489,2.000000,0.126478,0.252956,True,0.179661,-0.073295,35.000000,7.000000,37917210.084631,53861008.620985,7.342290
679,932,1.250000,0.111313,0.139141,True,0.133508,-0.005633,23.000000,5.000000,33370681.595440,40024741.527961,5.896267
679,932,1.500000,0.111313,0.166969,True,0.146185,-0.020784,21.000000,11.000000,33370681.595440,43825148.514503,5.967567
679,932,2.000000,0.111313,0.222625,True,0.146185,-0.076440,21.000000,11.000000,33370681.595440,43825148.514503,6.043766
1412,207,1.250000,0.091702,0.114628,True,0.106577,-0.008051,20.000000,7.000000,27491644.223014,31950883.938677,3.967027
1412,207,1.500000,0.091702,0.137553,True,0.106577,-0.030977,20.000000,7.000000,27491644.223014,31950883.938677,3.847227
1412,207,2.000000,0.091702,0.183405,True,0.106577,-0.076828,20.000000,7.000000,27491644.223014,31950883.938677,3.937712
109,280,1.250000,0.059282,0.074103,True,0.070408,-0.003695,14.000000,2.000000,17772332.483696,21107640.022579,3.982399
109,280,1.500000,0.059282,0.088923,True,0.090239,0.001316,9.000000,9.000000,17772332.483696,27053015.740395,3.825634
109,280,2.000000,0.059282,0.118564,True,0.095246,-0.023318,15.000000,5.000000,17772332.483696,28554161.175495,4.011256
276,742,1.250000,0.096879,0.121099,True,0.120785,-0.000314,25.000000,3.000000,29043685.723916,36210472.464750,7.366337
276,742,1.500000,0.096879,0.145319,True,0.136635,-0.008684,31.000000,1.000000,29043685.723916,40962122.528503,7.386673
276,742,2.000000,0.096879,0.193759,True,0.136635,-0.057124,31.000000,1.000000,29043685.723916,40962122.528503,7.320994
241,443,1.250000,0.058907,0.073634,True,0.070438,-0.003195,14.000000,5.000000,17659848.679400,21116857.568150,2.450274
241,443,1.500000,0.058907,0.088360,True,0.088301,-0.000060,14.000000,7.000000,17659848.679400,26471853.429077,2.413753
241,443,2.000000,0.058907,0.117814,True,0.088301,-0.029513,14.000000,7.000000,17659848.679400,26471853.429077,2.423756
13,684,1.250000,0.174550,0.218187,True,0.203936,-0.014251,20.000000,27.000000,52328654.131956,61138525.086784,7.519735
13,684,1.500000,0.174550,0.261824,True,0.203936,-0.057888,20.000000,27.000000,52328654.131956,61138525.086784,7.501342
13,684,2.000000,0.174550,0.349099,True,0.203936,-0.145163,20.000000,27.000000,52328654.131956,61138525.086784,7.403721
144,520,1.250000,0.070504,0.088130,True,0.087942,-0.000188,23.000000,1.000000,21136493.882148,26364257.206809,7.860164
144,520,1.500000,0.070504,0.105756,True,0.105757,0.000001,25.000000,1.000000,21136493.882148,31705060.150908,7.607358
144,520,2.000000,0.070504,0.141008,True,0.109262,-0.031746,23.000000,3.000000,21136493.882148,32755854.624214,7.774615
1414,779,1.250000,0.116935,0.146168,True,0.142480,-0.003688,37.000000,2.000000,35056112.751536,42714376.323577,6.126359
1414,779,1.500000,0.116935,0.175402,True,0.161398,-0.014003,41.000000,2.000000,35056112.751536,48386035.255159,6.049896
1414,779,2.000000,0.116935,0.233869,True,0.161398,-0.072471,41.000000,2.000000,35056112.751536,48386035.255159,6.066086
1485,725,1.250000,0.181092,0.226365,True,0.225175,-0.001190,21.000000,33.000000,54290076.596569,67505783.362937,7.310384
1485,725,1.500000,0.181092,0.271638,True,0.229266,-0.042372,22.000000,32.000000,54290076.596569,68732347.519913,7.359668
1485,725,2.000000,0.181092,0.362184,True,0.229266,-0.132918,22.000000,32.000000,54290076.596569,68732347.519913,7.433123
1273,14,1.250000,0.084536,0.105671,True,0.110000,0.004329,23.000000,2.000000,25343390.949908,32977074.937456,3.094430
1273,14,1.500000,0.084536,0.126805,True,0.126561,-0.000243,19.000000,10.000000,25343390.949908,37942173.413968,2.885141
1273,14,2.000000,0.084536,0.169073,True,0.139693,-0.029380,20.000000,11.000000,25343390.949908,41879024.111012,2.931833
43,572,1.250000,0.087107,0.108883,True,0.107637,-0.001247,25.000000,6.000000,26113937.578328,32268664.695774,6.153816
43,572,1.500000,0.087107,0.130660,True,0.129697,-0.000963,29.000000,6.000000,26113937.578328,38882200.583434,6.144091
43,572,2.000000,0.087107,0.174213,True,0.134055,-0.040159,22.000000,13.000000,26113937.578328,40188650.066664,6.051936
1364,839,1.250000,0.098148,0.122685,True,0.123173,0.000488,16.000000,14.000000,29424051.663217,36926354.860889,7.675471
1364,839,1.500000,0.098148,0.147222,True,0.145639,-0.001583,20.000000,16.000000,29424051.663217,43661375.748004,7.269180
1364,839,2.000000,0.098148,0.196296,True,0.158832,-0.037464,27.000000,11.000000,29424051.663217,47616729.853047,7.258482
627,824,1.250000,0.037122,0.046402,True,0.045995,-0.000407,11.000000,0.000000,11128772.841802,13788899.709796,7.326073
627,824,1.500000,0.037122,0.055682,True,0.055043,-0.000639,13.000000,0.000000,11128772.841802,16501465.592821,7.216702
627,824,2.000000,0.037122,0.074243,True,0.077168,0.002925,16.000000,1.000000,11128772.841802,23134478.921222,7.127577
1368,406,1.250000,0.131751,0.164688,True,0.147254,-0.017434,34.000000,5.000000,39497863.791917,44145648.471460,3.751139
1368,406,1.500000,0.131751,0.197626,True,0.147254,-0.050372,34.000000,5.000000,39497863.791917,44145648.471460,3.723651
1368,406,2.000000,0.131751,0.263501,True,0.147254,-0.116247,34.000000,5.000000,39497863.791917,44145648.471460,3.818403
1509,890,1.250000,0.111026,0.138782,True,0.140853,0.002071,36.000000,0.000000,33284648.878943,42226816.069515,7.426826
1509,890,1.500000,0.111026,0.166538,True,0.162682,-0.003856,42.000000,0.000000,33284648.878943,48770871.040487,7.473417
1509,890,2.000000,0.111026,0.222051,True,0.171630,-0.050421,42.000000,2.000000,33284648.878943,51453519.260330,7.276945
370,465,1.250000,0.063459,0.079324,True,0.075470,-0.003854,7.000000,8.000000,19024630.853698,22625251.340921,3.434293
370,465,1.500000,0.063459,0.095189,True,0.088632,-0.006557,9.000000,8.000000,19024630.853698,26571120.325843,3.316315
370,465,2.000000,0.063459,0.126919,True,0.088632,-0.038287,9.000000,8.000000,19024630.853698,26571120.325843,3.291888
1344,649,1.250000,0.163537,0.204421,True,0.189424,-0.014997,38.000000,10.000000,49027181.945419,56787933.061103,2.674494
1344,649,1.500000,0.163537,0.245306,True,0.189424,-0.055881,38.000000,10.000000,49027181.945419,56787933.061103,2.723260
1344,649,2.000000,0.163537,0.327074,True,0.189424,-0.137650,38.000000,10.000000,49027181.945419,56787933.061103,3.018132
1060,852,1.250000,0.098332,0.122915,True,0.119592,-0.003322,10.000000,15.000000,29479081.880432,35852830.943307,7.368389
1060,852,1.500000,0.098332,0.147497,True,0.141468,-0.006030,14.000000,15.000000,29479081.880432,42410933.467356,7.086231
1060,852,2.000000,0.098332,0.196663,True,0.141468,-0.055196,14.000000,15.000000,29479081.880432,42410933.467356,7.076363
236,61,1.250000,0.036112,0.045140,True,0.055340,0.010200,12.000000,0.000000,10826096.063660,16590648.989563,7.498691
236,61,1.500000,0.036112,0.054168,True,0.055340,0.001172,12.000000,0.000000,10826096.063660,16590648.989563,7.402798
236,61,2.000000,0.036112,0.072224,True,0.073664,0.001440,16.000000,0.000000,10826096.063660,22083922.857168,7.298230
1348,755,1.250000,0.105522,0.131903,True,0.132908,0.001005,32.000000,3.000000,31634730.394376,39844683.399536,4.374809
1348,755,1.500000,0.105522,0.158283,True,0.141502,-0.016781,30.000000,5.000000,31634730.394376,42421274.748868,4.525560
1348,755,2.000000,0.105522,0.211044,True,0.141502,-0.069542,30.000000,5.000000,31634730.394376,42421274.748868,4.351856
277,839,1.250000,0.150473,0.188092,True,0.188046,-0.000045,12.000000,33.000000,45110780.686353,56374919.577928,7.689998
277,839,1.500000,0.150473,0.225710,True,0.201431,-0.024279,14.000000,33.000000,45110780.686353,60387584.017272,7.290632
277,839,2.000000,0.150473,0.300947,True,0.201431,-0.099515,14.000000,33.000000,45110780.686353,60387584.017272,7.414134
1527,847,1.250000,0.115488,0.144360,True,0.145183,0.000823,40.000000,0.000000,34622357.421672,43524822.695628,7.224161
1527,847,1.500000,0.115488,0.173232,True,0.176420,0.003188,42.000000,2.000000,34622357.421672,52889254.233811,7.181558
1527,847,2.000000,0.115488,0.230976,True,0.176420,-0.054556,42.000000,2.000000,34622357.421672,52889254.233811,7.354741
485,994,1.250000,0.097060,0.121325,False,,,,,29097940.333629,,1.416292
485,994,1.500000,0.097060,0.145590,False,,,,,29097940.333629,,1.404046
485,994,2.000000,0.097060,0.194121,False,,,,,29097940.333629,,1.424388
1461,339,1.250000,0.072410,0.090513,True,0.092434,0.001921,24.000000,0.000000,21707984.250948,27710909.692483,7.047873
1461,339,1.500000,0.072410,0.108615,True,0.109135,0.000520,22.000000,4.000000,21707984.250948,32717823.434219,7.038605
1461,339,2.000000,0.072410,0.144820,True,0.122094,-0.022726,24.000000,4.000000,21707984.250948,36602735.732469,7.238833
1198,1556,1.250000,0.091537,0.114421,True,0.114452,0.000031,28.000000,1.000000,27441954.270851,34311819.306697,7.342614
1198,1556,1.500000,0.091537,0.137305,True,0.120619,-0.016686,24.000000,4.000000,27441954.270851,36160530.856799,7.342191
1198,1556,2.000000,0.091537,0.183073,True,0.120619,-0.062454,24.000000,4.000000,27441954.270851,36160530.856799,7.220980
269,297,1.250000,0.043832,0.054790,True,0.055084,0.000294,10.000000,0.000000,13140461.357570,16513712.487907,7.008706
269,297,1.500000,0.043832,0.065748,True,0.064893,-0.000854,11.000000,1.000000,13140461.357570,19454545.395335,7.313436
269,297,2.000000,0.043832,0.087664,True,0.068535,-0.019129,11.000000,1.000000,13140461.357570,20546228.934917,7.241802
1249,693,1.250000,0.119763,0.149704,True,0.150815,0.001112,29.000000,7.000000,35903995.836581,45213304.278518,6.011323
1249,693,1.500000,0.119763,0.179644,True,0.169922,-0.009722,35.000000,9.000000,35903995.836581,50941334.067657,6.236556
1249,693,2.000000,0.119763,0.239526,True,0.169922,-0.069604,35.000000,9.000000,35903995.836581,50941334.067657,5.999740
1381,442,1.250000,0.144031,0.180038,True,0.165813,-0.014225,29.000000,11.000000,43179315.774985,49709578.856481,4.012676
1381,442,1.500000,0.144031,0.216046,True,0.165813,-0.050233,29.000000,11.000000,43179315.774985,49709578.856481,3.971230
1381,442,2.000000,0.144031,0.288061,True,0.165813,-0.122248,29.000000,11.000000,43179315.774985,49709578.856481,4.074533
279,963,1.250000,0.126933,0.158667,True,0.156603,-0.002063,39.000000,1.000000,38053642.668967,46948492.586610,7.866326
279,963,1.500000,0.126933,0.190400,True,0.187864,-0.002536,46.000000,2.000000,38053642.668967,56320097.724331,7.441442
279,963,2.000000,0.126933,0.253867,True,0.187864,-0.066003,46.000000,2.000000,38053642.668967,56320097.724331,7.418668
1380,992,1.250000,0.106899,0.133624,True,0.137422,0.003798,22.000000,10.000000,32047654.651861,41198040.413319,4.884807
1380,992,1.500000,0.106899,0.160349,True,0.137422,-0.022927,22.000000,10.000000,32047654.651861,41198040.413319,5.132801
1380,992,2.000000,0.106899,0.213799,True,0.137422,-0.076377,22.000000,10.000000,32047654.651861,41198040.413319,4.999890
1451,24,1.250000,0.045811,0.057264,True,0.058056,0.000793,8.000000,6.000000,13733761.752315,17404827.631232,4.950641
1451,24,1.500000,0.045811,0.068716,True,0.065809,-0.002907,11.000000,3.000000,13733761.752315,19729049.530653,4.693986
1451,24,2.000000,0.045811,0.091622,True,0.074762,-0.016860,12.000000,4.000000,13733761.752315,22413039.983130,4.742142
1026,946,1.250000,0.061149,0.076437,True,0.077757,0.001321,6.000000,8.000000,18332101.757370,23311008.676150,5.839037
1026,946,1.500000,0.061149,0.091724,True,0.091651,-0.000073,7.000000,13.000000,18332101.757370,27476346.302414,6.006065
1026,946,2.000000,0.061149,0.122299,True,0.095868,-0.026430,8.000000,12.000000,18332101.757370,28740552.090169,5.956321
1034,635,1.250000,0.083006,0.103757,True,0.105474,0.001717,10.000000,15.000000,24884535.734194,31620342.973592,3.640884
1034,635,1.500000,0.083006,0.124509,True,0.127594,0.003085,11.000000,20.000000,24884535.734194,38251718.903535,3.363381
1034,635,2.000000,0.083006,0.166012,True,0.127594,-0.038418,11.000000,20.000000,24884535.734194,38251718.903535,3.330183
459,774,1.250000,0.096166,0.120207,True,0.117091,-0.003116,6.000000,23.000000,28829790.296793,35103090.773010,5.838371
459,774,1.500000,0.096166,0.144249,True,0.117091,-0.027157,6.000000,23.000000,28829790.296793,35103090.773010,5.765680
459,774,2.000000,0.096166,0.192332,True,0.117091,-0.075240,6.000000,23.000000,28829790.296793,35103090.773010,5.839906
1013,1578,1.250000,0.128893,0.161116,True,0.162910,0.001794,36.000000,3.000000,38641180.565894,48839283.459145,4.152392
1013,1578,1.500000,0.128893,0.193340,True,0.162910,-0.030429,36.000000,3.000000,38641180.565894,48839283.459145,3.839410
1013,1578,2.000000,0.128893,0.257786,True,0.162910,-0.094876,36.000000,3.000000,38641180.565894,48839283.459145,3.963274
1376,980,1.250000,0.059519,0.074399,True,0.072154,-0.002245,18.000000,1.000000,17843451.723651,21631142.794734,7.681161
1376,980,1.500000,0.059519,0.089279,True,0.089924,0.000645,20.000000,3.000000,17843451.723651,26958557.178773,7.516983
1376,980,2.000000,0.059519,0.119039,True,0.122856,0.003817,24.000000,4.000000,17843451.723651,36831162.199113,7.667754
287,920,1.250000,0.124344,0.155430,True,0.154209,-0.001222,12.000000,26.000000,37277474.685946,46230638.152664,5.995859
287,920,1.500000,0.124344,0.186516,True,0.185548,-0.000969,15.000000,29.000000,37277474.685946,55625757.851595,6.035928
287,920,2.000000,0.124344,0.248689,True,0.185548,-0.063141,15.000000,29.000000,37277474.685946,55625757.851595,5.963860
501,753,1.250000,0.104870,0.131088,True,0.130977,-0.000111,5.000000,24.000000,31439334.843822,39265886.166132,5.691721
501,753,1.500000,0.104870,0.157305,True,0.140230,-0.017076,7.000000,24.000000,31439334.843822,42039863.508866,6.093804
501,753,2.000000,0.104870,0.209741,True,0.140230,-0.069511,7.000000,24.000000,31439334.843822,42039863.508866,5.795209
1312,684,1.250000,0.157208,0.196510,True,0.197622,0.001112,16.000000,31.000000,47129861.823524,59245662.962110,6.969857
1312,684,1.500000,0.157208,0.235812,True,0.197622,-0.038190,16.000000,31.000000,47129861.823524,59245662.962110,6.883461
1312,684,2.000000,0.157208,0.314417,True,0.197622,-0.116794,16.000000,31.000000,47129861.823524,59245662.962110,6.973522
1066,463,1.250000,0.146935,0.183669,True,0.183438,-0.000230,13.000000,30.000000,44050004.391803,54993430.545249,7.392836
1066,463,1.500000,0.146935,0.220402,True,0.209493,-0.010909,13.000000,32.000000,44050004.391803,62804443.560354,7.290811
1066,463,2.000000,0.146935,0.293870,True,0.209493,-0.084377,13.000000,32.000000,44050004.391803,62804443.560354,7.194519
362,685,1.250000,0.096624,0.120780,True,0.119467,-0.001313,20.000000,5.000000,28967119.338700,35815254.661876,7.421233
362,685,1.500000,0.096624,0.144936,True,0.132447,-0.012489,22.000000,5.000000,28967119.338700,39706513.518313,7.766277
362,685,2.000000,0.096624,0.193248,True,0.132447,-0.060801,22.000000,5.000000,28967119.338700,39706513.518313,7.767932
1194,659,1.250000,0.126494,0.158117,True,0.158140,0.000023,15.000000,26.000000,37921821.582740,47409305.502667,6.893578
1194,659,1.500000,0.126494,0.189740,True,0.180674,-0.009067,18.000000,27.000000,37921821.582740,54164653.154581,6.962891
1194,659,2.000000,0.126494,0.252987,True,0.180674,-0.072313,18.000000,27.000000,37921821.582740,54164653.154581,6.914540
1576,551,1.250000,0.144113,0.180141,True,0.179317,-0.000824,33.000000,11.000000,43203888.782515,53757912.930691,7.387170
1576,551,1.500000,0.144113,0.216169,True,0.201703,-0.014466,37.000000,11.000000,43203888.782515,60469107.582987,7.023152
1576,551,2.000000,0.144113,0.288225,True,0.201703,-0.086522,37.000000,11.000000,43203888.782515,60469107.582987,7.022547
388,877,1.250000,0.110291,0.137864,True,0.134091,-0.003773,28.000000,4.000000,33064511.643313,40199576.109614,7.341360
388,877,1.500000,0.110291,0.165437,True,0.134091,-0.031346,28.000000,4.000000,33064511.643313,40199576.109614,7.053902
388,877,2.000000,0.110291,0.220583,True,0.134091,-0.086491,28.000000,4.000000,33064511.643313,40199576.109614,7.058943
956,981,1.250000,0.021668,0.027085,True,0.024294,-0.002791,4.000000,0.000000,6495952.058040,7283192.048563,6.534116
956,981,1.500000,0.021668,0.032502,True,0.033102,0.000600,6.000000,1.000000,6495952.058040,9923654.639697,6.744528
956,981,2.000000,0.021668,0.043336,True,0.042064,-0.001272,7.000000,1.000000,6495952.058040,12610606.432602,6.693776
35,39,1.250000,0.026288,0.032860,True,0.034046,0.001186,7.000000,0.000000,7881031.123036,10206717.802468,6.754842
35,39,1.500000,0.026288,0.039432,True,0.039081,-0.000351,9.000000,0.000000,7881031.123036,11716211.826959,6.590166
35,39,2.000000,0.026288,0.052577,True,0.052221,-0.000356,11.000000,0.000000,7881031.123036,15655450.161883,6.671205
104,1463,1.250000,0.065412,0.081765,True,0.082049,0.000284,17.000000,1.000000,19610004.545100,24597572.910430,7.782024
104,1463,1.500000,0.065412,0.098118,True,0.082049,-0.016069,17.000000,1.000000,19610004.545100,24597572.910430,7.629081
104,1463,2.000000,0.065412,0.130824,True,0.082049,-0.048775,17.000000,1.000000,19610004.545100,24597572.910430,7.610590
1363,340,1.250000,0.157045,0.196306,True,0.164748,-0.031558,30.000000,10.000000,47080917.150196,49390195.898149,4.780245
1363,340,1.500000,0.157045,0.235568,True,0.164748,-0.070820,30.000000,10.000000,47080917.150196,49390195.898149,4.740803
1363,340,2.000000,0.157045,0.314090,True,0.164748,-0.149342,30.000000,10.000000,47080917.150196,49390195.898149,4.717146
166,969,1.250000,0.187634,0.234542,True,0.224954,-0.009588,16.000000,39.000000,56251141.270728,67439367.027242,7.802023
166,969,1.500000,0.187634,0.281450,True,0.224954,-0.056497,16.000000,39.000000,56251141.270728,67439367.027242,7.536257
166,969,2.000000,0.187634,0.375267,True,0.224954,-0.150314,16.000000,39.000000,56251141.270728,67439367.027242,7.839762
641,744,1.250000,0.058971,0.073714,True,0.079773,0.006059,3.000000,11.000000,17679073.397594,23915344.836452,1.844769
641,744,1.500000,0.058971,0.088457,True,0.079773,-0.008684,3.000000,11.000000,17679073.397594,23915344.836452,1.849935
641,744,2.000000,0.058971,0.117942,True,0.079773,-0.038169,3.000000,11.000000,17679073.397594,23915344.836452,2.245556
1028,1342,1.250000,0.089660,0.112076,True,0.110967,-0.001109,15.000000,11.000000,26879535.307529,33267022.923792,2.462618
1028,1342,1.500000,0.089660,0.134491,True,0.115381,-0.019110,15.000000,11.000000,26879535.307529,34590335.978293,2.495077
1028,1342,2.000000,0.089660,0.179321,True,0.115381,-0.063940,15.000000,11.000000,26879535.307529,34590335.978293,2.461847
1539,227,1.250000,0.093825,0.117282,True,0.114351,-0.002931,16.000000,8.000000,28128151.780586,34281453.284290,3.417732
1539,227,1.500000,0.093825,0.140738,True,0.114351,-0.026388,16.000000,8.000000,28128151.780586,34281453.284290,3.496129
1539,227,2.000000,0.093825,0.187651,True,0.114351,-0.073300,16.000000,8.000000,28128151.780586,34281453.284290,3.519863
1243,366,1.250000,0.124101,0.155126,True,0.156182,0.001056,38.000000,2.000000,37204403.502557,46822131.494803,7.747737
1243,366,1.500000,0.124101,0.186151,True,0.183037,-0.003114,43.000000,5.000000,37204403.502557,54873138.932027,7.792828
1243,366,2.000000,0.124101,0.248201,True,0.183037,-0.065164,43.000000,5.000000,37204403.502557,54873138.932027,7.626782
1055,1106,1.250000,0.054542,0.068177,True,0.071272,0.003095,15.000000,0.000000,16351185.269396,21366845.336804,5.367699
1055,1106,1.500000,0.054542,0.081813,True,0.083877,0.002065,15.000000,2.000000,16351185.269396,25145770.779786,5.435952
1055,1106,2.000000,0.054542,0.109083,True,0.084435,-0.024648,17.000000,0.000000,16351185.269396,25313106.215626,5.506331
1167,291,1.250000,0.132263,0.165329,True,0.168472,0.003143,19.000000,24.000000,39651470.482276,50506603.458700,7.157682
1167,291,1.500000,0.132263,0.198395,True,0.198837,0.000442,25.000000,24.000000,39651470.482276,59609771.478051,7.074850
1167,291,2.000000,0.132263,0.264526,True,0.198837,-0.065689,25.000000,24.000000,39651470.482276,59609771.478051,6.900673
1020,56,1.250000,0.117585,0.146981,True,0.151737,0.004756,39.000000,0.000000,35251074.141113,45489559.607164,7.245582
1020,56,1.500000,0.117585,0.176377,True,0.151737,-0.024641,39.000000,0.000000,35251074.141113,45489559.607164,7.330142
1020,56,2.000000,0.117585,0.235170,True,0.151737,-0.083433,39.000000,0.000000,35251074.141113,45489559.607164,7.386858
451,643,1.250000,0.069927,0.087408,True,0.088695,0.001287,14.000000,4.000000,20963448.686026,26590131.376205,7.452628
451,643,1.500000,0.069927,0.104890,True,0.092180,-0.012710,13.000000,5.000000,20963448.686026,27634744.550749,7.594181
451,643,2.000000,0.069927,0.139853,True,0.092180,-0.047673,13.000000,5.000000,20963448.686026,27634744.550749,7.887915
1226,308,1.250000,0.139568,0.174459,True,0.175515,0.001056,35.000000,9.000000,41841288.738877,52618056.452277,6.306860
1226,308,1.500000,0.139568,0.209351,True,0.175515,-0.033836,35.000000,9.000000,41841288.738877,52618056.452277,6.220969
1226,308,2.000000,0.139568,0.279135,True,0.175515,-0.103620,35.000000,9.000000,41841288.738877,52618056.452277,6.193458
127,638,1.250000,0.111293,0.139117,True,0.137447,-0.001669,26.000000,10.000000,33364937.275152,41205682.346916,7.485932
127,638,1.500000,0.111293,0.166940,True,0.137447,-0.029493,26.000000,10.000000,33364937.275152,41205682.346916,7.206071
127,638,2.000000,0.111293,0.222587,True,0.137447,-0.085140,26.000000,10.000000,33364937.275152,41205682.346916,7.270417
1162,797,1.250000,0.111371,0.139214,True,0.145979,0.006764,10.000000,22.000000,33388334.226515,43763281.268457,3.663316
1162,797,1.500000,0.111371,0.167057,True,0.145979,-0.021079,10.000000,22.000000,33388334.226515,43763281.268457,3.617903
1162,797,2.000000,0.111371,0.222743,True,0.145979,-0.076764,10.000000,22.000000,33388334.226515,43763281.268457,3.666143
1077,762,1.250000,0.092242,0.115303,True,0.116089,0.000786,5.000000,19.000000,27653478.157987,34802600.618547,2.293541
1077,762,1.500000,0.092242,0.138363,True,0.116118,-0.022245,5.000000,19.000000,27653478.157987,34811275.144502,2.264320
1077,762,2.000000,0.092242,0.184484,True,0.116118,-0.068366,5.000000,19.000000,27653478.157987,34811275.144502,2.265840
1230,611,1.250000,0.114845,0.143556,True,0.136058,-0.007498,8.000000,26.000000,34429572.455568,40789096.910284,1.905543
1230,611,1.500000,0.114845,0.172267,True,0.159950,-0.012317,13.000000,27.000000,34429572.455568,47951943.790245,1.936375
1230,611,2.000000,0.114845,0.229689,True,0.159950,-0.069739,13.000000,27.000000,34429572.455568,47951943.790245,1.900012
180,606,1.250000,0.115715,0.144644,True,0.128451,-0.016193,26.000000,6.000000,34690453.179046,38508666.545841,2.591354
180,606,1.500000,0.115715,0.173572,True,0.128451,-0.045121,26.000000,6.000000,34690453.179046,38508666.545841,2.606631
180,606,2.000000,0.115715,0.231430,True,0.128451,-0.102979,26.000000,6.000000,34690453.179046,38508666.545841,2.617558
1067,1316,1.250000,0.083065,0.103831,True,0.105289,0.001458,12.000000,9.000000,24902205.908664,31564847.578757,6.766340
1067,1316,1.500000,0.083065,0.124597,True,0.110314,-0.014283,17.000000,6.000000,24902205.908664,33071419.494819,6.939981
1067,1316,2.000000,0.083065,0.166130,True,0.110314,-0.055815,17.000000,6.000000,24902205.908664,33071419.494819,6.717591
1426,1530,1.250000,0.057114,0.071393,True,0.070660,-0.000732,11.000000,5.000000,17122374.008405,21183448.636687,4.922228
1426,1530,1.500000,0.057114,0.085671,True,0.070660,-0.015011,11.000000,5.000000,17122374.008405,21183448.636687,4.789727
1426,1530,2.000000,0.057114,0.114228,True,0.070660,-0.043568,11.000000,5.000000,17122374.008405,21183448.636687,5.046596
1073,969,1.250000,0.052446,0.065558,False,,,,,15723041.690169,,1.430613
1073,969,1.500000,0.052446,0.078670,False,,,,,15723041.690169,,1.351803
1073,969,2.000000,0.052446,0.104893,False,,,,,15723041.690169,,1.351424
788,801,1.250000,0.061087,0.076358,True,0.077795,0.001437,5.000000,10.000000,18313324.141716,23322462.705143,6.505363
788,801,1.500000,0.061087,0.091630,True,0.083118,-0.008512,9.000000,6.000000,18313324.141716,24918057.088805,6.322471
788,801,2.000000,0.061087,0.122173,True,0.083118,-0.039056,9.000000,6.000000,18313324.141716,24918057.088805,6.096873
162,281,1.250000,0.074086,0.092608,True,0.090418,-0.002190,17.000000,0.000000,22210554.137801,27106607.193567,7.502527
162,281,1.500000,0.074086,0.111130,True,0.090418,-0.020712,17.000000,0.000000,22210554.137801,27106607.193567,7.647818
162,281,2.000000,0.074086,0.148173,True,0.090418,-0.057755,17.000000,0.000000,22210554.137801,27106607.193567,7.559626
1392,560,1.250000,0.138356,0.172945,True,0.158856,-0.014088,38.000000,5.000000,41477981.136084,47623910.476792,4.952279
1392,560,1.500000,0.138356,0.207533,True,0.158856,-0.048677,38.000000,5.000000,41477981.136084,47623910.476792,4.893582
1392,560,2.000000,0.138356,0.276711,True,0.158856,-0.117855,38.000000,5.000000,41477981.136084,47623910.476792,4.917551
1112,1453,1.250000,0.124395,0.155493,True,0.144822,-0.010672,30.000000,0.000000,37292613.851188,43416505.488157,7.389591
1112,1453,1.500000,0.124395,0.186592,True,0.144822,-0.041770,30.000000,0.000000,37292613.851188,43416505.488157,7.717009
1112,1453,2.000000,0.124395,0.248790,True,0.144822,-0.103968,30.000000,0.000000,37292613.851188,43416505.488157,7.204239
1159,1318,1.250000,0.057819,0.072274,True,0.071483,-0.000791,5.000000,12.000000,17333733.576675,21429968.131207,6.496631
1159,1318,1.500000,0.057819,0.086729,True,0.084880,-0.001849,6.000000,13.000000,17333733.576675,25446386.847240,6.631565
1159,1318,2.000000,0.057819,0.115638,True,0.084880,-0.030758,6.000000,13.000000,17333733.576675,25446386.847240,6.638236
1194,727,1.250000,0.101208,0.126510,True,0.124694,-0.001816,23.000000,8.000000,30341385.533861,37382264.000440,7.181182
1194,727,1.500000,0.101208,0.151812,True,0.124694,-0.027118,23.000000,8.000000,30341385.533861,37382264.000440,7.099321
1194,727,2.000000,0.101208,0.202416,True,0.124694,-0.077722,23.000000,8.000000,30341385.533861,37382264.000440,7.150838
39,829,1.250000,0.144022,0.180027,True,0.178175,-0.001853,29.000000,16.000000,43176683.553327,53415398.553291,7.589823
39,829,1.500000,0.144022,0.216033,True,0.201060,-0.014973,43.000000,6.000000,43176683.553327,60276285.641494,7.478470
39,829,2.000000,0.144022,0.288044,True,0.201060,-0.086984,43.000000,6.000000,43176683.553327,60276285.641494,7.425595
1539,368,1.250000,0.094430,0.118038,True,0.118444,0.000406,12.000000,15.000000,28309493.492998,35508728.995834,6.263160
1539,368,1.500000,0.094430,0.141645,True,0.144700,0.003055,17.000000,16.000000,28309493.492998,43379965.944441,6.217229
1539,368,2.000000,0.094430,0.188861,True,0.144700,-0.044161,17.000000,16.000000,28309493.492998,43379965.944441,6.296082
136,1580,1.250000,0.074140,0.092675,True,0.090805,-0.001869,12.000000,6.000000,22226545.630489,27222751.294217,6.946872
136,1580,1.500000,0.074140,0.111210,True,0.095428,-0.015782,13.000000,9.000000,22226545.630489,28608568.775561,6.922975
136,1580,2.000000,0.074140,0.148280,True,0.095428,-0.052852,13.000000,9.000000,22226545.630489,28608568.775561,6.833330
1351,250,1.250000,0.081192,0.101490,True,0.099546,-0.001944,19.000000,7.000000,24340653.310952,29842991.278386,6.981074
1351,250,1.500000,0.081192,0.121788,True,0.123181,0.001393,23.000000,9.000000,24340653.310952,36928590.210465,6.670428
1351,250,2.000000,0.081192,0.162383,True,0.146386,-0.015997,31.000000,7.000000,24340653.310952,43885423.031366,6.458360
514,881,1.250000,0.101112,0.126390,True,0.124950,-0.001439,9.000000,22.000000,30312550.578302,37459158.163005,6.656478
514,881,1.500000,0.101112,0.151668,True,0.124950,-0.026717,9.000000,22.000000,30312550.578302,37459158.163005,6.575016
514,881,2.000000,0.101112,0.202224,True,0.124950,-0.077273,9.000000,22.000000,30312550.578302,37459158.163005,6.523652
377,751,1.250000,0.058945,0.073681,True,0.071341,-0.002340,5.000000,13.000000,17671265.423253,21387509.963453,6.013149
377,751,1.500000,0.058945,0.088417,True,0.084690,-0.003727,7.000000,13.000000,17671265.423253,25389537.010225,6.158903
377,751,2.000000,0.058945,0.117890,True,0.103946,-0.013944,5.000000,19.000000,17671265.423253,31162317.378521,5.975322
1085,883,1.250000,0.059225,0.074032,True,0.075257,0.001225,16.000000,2.000000,17755274.982422,22561407.444005,7.701170
1085,883,1.500000,0.059225,0.088838,True,0.084251,-0.004586,20.000000,0.000000,17755274.982422,25257949.309408,7.707882
1085,883,2.000000,0.059225,0.118450,True,0.084251,-0.034199,20.000000,0.000000,17755274.982422,25257949.309408,7.551352
1157,430,1.250000,0.114469,0.143086,True,0.142076,-0.001011,32.000000,6.000000,34316972.259437,42593210.380343,6.888660
1157,430,1.500000,0.114469,0.171704,True,0.165837,-0.005867,41.000000,4.000000,34316972.259437,49716589.856776,6.981025
1157,430,2.000000,0.114469,0.228938,True,0.165837,-0.063102,41.000000,4.000000,34316972.259437,49716589.856776,7.172403
1049,1188,1.250000,0.067654,0.084567,True,0.084621,0.000054,11.000000,6.000000,20282046.668118,25368783.443021,5.509535
1049,1188,1.500000,0.067654,0.101480,True,0.101622,0.000142,10.000000,11.000000,20282046.668118,30465569.948196,5.729529
1049,1188,2.000000,0.067654,0.135307,True,0.102733,-0.032574,13.000000,8.000000,20282046.668118,30798655.208345,5.518256
1043,1237,1.250000,0.055660,0.069575,True,0.068606,-0.000969,13.000000,1.000000,16686387.275878,20567538.757464,7.901978
1043,1237,1.500000,0.055660,0.083490,True,0.085308,0.001819,15.000000,3.000000,16686387.275878,25574817.161547,7.514461
1043,1237,2.000000,0.055660,0.111320,True,0.093176,-0.018144,15.000000,3.000000,16686387.275878,27933377.449502,7.605576
1561,1571,1.250000,0.070109,0.087636,True,0.089898,0.002262,12.000000,4.000000,21018050.605671,26950651.702569,5.150391
1561,1571,1.500000,0.070109,0.105163,True,0.094101,-0.011062,18.000000,0.000000,21018050.605671,28210774.731659,5.088311
1561,1571,2.000000,0.070109,0.140217,True,0.094101,-0.046116,18.000000,0.000000,21018050.605671,28210774.731659,5.014476
117,984,1.250000,0.167892,0.209865,True,0.193824,-0.016041,41.000000,8.000000,50332719.875283,58106850.042439,5.700924
117,984,1.500000,0.167892,0.251838,True,0.193824,-0.058014,41.000000,8.000000,50332719.875283,58106850.042439,5.606014
117,984,2.000000,0.167892,0.335784,True,0.193824,-0.141960,41.000000,8.000000,50332719.875283,58106850.042439,5.677705
1130,1335,1.250000,0.073989,0.092487,True,0.094743,0.002256,13.000000,6.000000,22181445.626404,28403222.225219,6.906286
1130,1335,1.500000,0.073989,0.110984,True,0.095087,-0.015897,13.000000,6.000000,22181445.626404,28506235.499665,7.097901
1130,1335,2.000000,0.073989,0.147979,True,0.095087,-0.052892,13.000000,6.000000,22181445.626404,28506235.499665,6.975018
291,579,1.250000,0.059183,0.073978,True,0.077649,0.003670,15.000000,3.000000,17742511.383769,23278467.428170,7.085439
291,579,1.500000,0.059183,0.088774,True,0.083034,-0.005740,17.000000,3.000000,17742511.383769,24892828.249373,6.996351
291,579,2.000000,0.059183,0.118365,True,0.083034,-0.035332,17.000000,3.000000,17742511.383769,24892828.249373,7.119377
1029,64,1.250000,0.114858,0.143572,False,,,,,34433493.006262,,1.449188
1029,64,1.500000,0.114858,0.172287,False,,,,,34433493.006262,,1.461230
1029,64,2.000000,0.114858,0.229716,False,,,,,34433493.006262,,1.448532
450,482,1.250000,0.070079,0.087599,True,0.090045,0.002447,14.000000,2.000000,21009135.645548,26994953.818961,7.490240
450,482,1.500000,0.070079,0.105118,True,0.094393,-0.010726,15.000000,3.000000,21009135.645548,28298254.124049,7.543885
450,482,2.000000,0.070079,0.140158,True,0.094393,-0.045765,15.000000,3.000000,21009135.645548,28298254.124049,7.518370
1562,553,1.250000,0.104701,0.130876,True,0.130095,-0.000781,21.000000,13.000000,31388512.278812,39001618.987171,4.119694
1562,553,1.500000,0.104701,0.157051,True,0.143191,-0.013861,27.000000,9.000000,31388512.278812,42927491.040194,3.989549
1562,553,2.000000,0.104701,0.209402,True,0.143191,-0.066211,27.000000,9.000000,31388512.278812,42927491.040194,3.816288
268,402,1.250000,0.034986,0.043733,False,,,,,10488580.099082,,1.433821
268,402,1.500000,0.034986,0.052479,False,,,,,10488580.099082,,1.429434
268,402,2.000000,0.034986,0.069972,False,,,,,10488580.099082,,1.436335
1369,246,1.250000,0.084052,0.105065,False,,,,,25198216.329728,,1.328586
1369,246,1.500000,0.084052,0.126078,False,,,,,25198216.329728,,1.371875
1369,246,2.000000,0.084052,0.168104,False,,,,,25198216.329728,,1.306205
339,457,1.250000,0.067537,0.084422,True,0.087865,0.003443,16.000000,0.000000,20247184.614387,26341155.901166,7.286600
339,457,1.500000,0.067537,0.101306,True,0.096589,-0.004717,18.000000,0.000000,20247184.614387,28956666.506972,7.350793
339,457,2.000000,0.067537,0.135075,True,0.127346,-0.007728,24.000000,0.000000,20247184.614387,38177495.403692,7.389903
438,778,1.250000,0.117964,0.147455,True,0.147475,0.000020,7.000000,28.000000,35364661.965695,44211779.889977,4.378842
438,778,1.500000,0.117964,0.176946,True,0.152037,-0.024909,7.000000,28.000000,35364661.965695,45579579.435686,4.321100
438,778,2.000000,0.117964,0.235928,True,0.152037,-0.083891,7.000000,28.000000,35364661.965695,45579579.435686,4.375479
1150,477,1.250000,0.158996,0.198745,True,0.199543,0.000798,49.000000,2.000000,47665870.020177,59821570.897400,7.771381
1150,477,1.500000,0.158996,0.238494,True,0.208471,-0.030023,49.000000,0.000000,47665870.020177,62498127.698712,7.611057
1150,477,2.000000,0.158996,0.317992,True,0.208471,-0.109521,49.000000,0.000000,47665870.020177,62498127.698712,7.441818
137,1473,1.250000,0.078598,0.098247,True,0.100008,0.001761,14.000000,9.000000,23562991.423351,29981531.565963,6.748582
137,1473,1.500000,0.078598,0.117897,True,0.100032,-0.017864,18.000000,5.000000,23562991.423351,29988971.975385,7.081772
137,1473,2.000000,0.078598,0.157195,True,0.100032,-0.057163,18.000000,5.000000,23562991.423351,29988971.975385,6.775920
1140,582,1.250000,0.135309,0.169136,True,0.170665,0.001529,33.000000,9.000000,40564468.673391,51163993.729295,5.879937
1140,582,1.500000,0.135309,0.202963,True,0.184643,-0.018319,38.000000,8.000000,40564468.673391,55354674.557225,5.885007
1140,582,2.000000,0.135309,0.270617,True,0.184643,-0.085974,38.000000,8.000000,40564468.673391,55354674.557225,5.939616
1281,28,1.250000,0.063008,0.078760,True,0.080197,0.001437,11.000000,8.000000,18889368.511671,24042463.129684,7.388886
1281,28,1.500000,0.063008,0.094512,True,0.094475,-0.000037,14.000000,9.000000,18889368.511671,28322979.815750,7.063315
1281,28,2.000000,0.063008,0.126016,True,0.110409,-0.015607,23.000000,4.000000,18889368.511671,33099782.446583,6.915331
1357,1548,1.250000,0.074022,0.092527,True,0.090815,-0.001712,16.000000,5.000000,22191185.083546,27225666.828460,7.494752
1357,1548,1.500000,0.074022,0.111033,True,0.108999,-0.002034,22.000000,5.000000,22191185.083546,32677008.566220,7.399364
1357,1548,2.000000,0.074022,0.148044,True,0.130295,-0.017749,24.000000,7.000000,22191185.083546,39061501.063223,7.507198
273,890,1.250000,0.098887,0.123609,True,0.126542,0.002933,29.000000,5.000000,29645606.767572,37936296.056573,7.844749
273,890,1.500000,0.098887,0.148331,True,0.149328,0.000997,39.000000,1.000000,29645606.767572,44767452.325304,7.693907
273,890,2.000000,0.098887,0.197774,True,0.158147,-0.039627,40.000000,0.000000,29645606.767572,47411245.164727,8.028803
1389,1431,1.250000,0.019744,0.024680,True,0.035222,0.010542,1.000000,6.000000,5919074.342950,10559162.104416,1.877043
1389,1431,1.500000,0.019744,0.029616,True,0.035222,0.005606,1.000000,6.000000,5919074.342950,10559162.104416,1.992723
1389,1431,2.000000,0.019744,0.039488,True,0.035250,-0.004237,2.000000,5.000000,5919074.342950,10567818.875262,2.074767
1345,717,1.250000,0.161455,0.201818,True,0.161943,-0.039875,32.000000,8.000000,48402880.013075,48549226.322175,2.403941
1345,717,1.500000,0.161455,0.242182,True,0.161943,-0.080239,32.000000,8.000000,48402880.013075,48549226.322175,2.407772
1345,717,2.000000,0.161455,0.322909,True,0.161943,-0.160966,32.000000,8.000000,48402880.013075,48549226.322175,2.349239
1055,572,1.250000,0.076428,0.095535,True,0.096754,0.001219,4.000000,21.000000,22912597.527597,29006245.189491,4.516066
1055,572,1.500000,0.076428,0.114642,True,0.114077,-0.000565,7.000000,24.000000,22912597.527597,34199417.381510,4.403070
1055,572,2.000000,0.076428,0.152856,True,0.114077,-0.038779,7.000000,24.000000,22912597.527597,34199417.381510,4.548181
1570,315,1.250000,0.058168,0.072710,True,0.071934,-0.000776,19.000000,0.000000,17438273.184080,21565314.524731,6.108303
1570,315,1.500000,0.058168,0.087252,True,0.084953,-0.002299,20.000000,1.000000,17438273.184080,25468329.874032,6.161777
1570,315,2.000000,0.058168,0.116336,True,0.106012,-0.010323,19.000000,4.000000,17438273.184080,31781672.482120,6.128080
1547,441,1.250000,0.112286,0.140357,True,0.140137,-0.000220,21.000000,14.000000,33662413.196592,42011931.335388,6.274342
1547,441,1.500000,0.112286,0.168429,True,0.148986,-0.019443,25.000000,10.000000,33662413.196592,44664901.321917,6.553644
1547,441,2.000000,0.112286,0.224571,True,0.148986,-0.075585,25.000000,10.000000,33662413.196592,44664901.321917,6.385561
46,486,1.250000,0.068232,0.085290,True,0.088434,0.003145,8.000000,15.000000,20455344.512571,26511978.225958,6.695979
46,486,1.500000,0.068232,0.102348,True,0.101654,-0.000693,8.000000,17.000000,20455344.512571,30475219.004008,6.727797
46,486,2.000000,0.068232,0.136463,True,0.115588,-0.020875,12.000000,17.000000,20455344.512571,34652403.359540,6.715095
44,975,1.250000,0.144081,0.180102,True,0.173736,-0.006366,38.000000,4.000000,43194519.891369,52084640.589568,4.934020
44,975,1.500000,0.144081,0.216122,True,0.187005,-0.029117,42.000000,4.000000,43194519.891369,56062742.160204,4.914159
44,975,2.000000,0.144081,0.288163,True,0.187005,-0.101158,42.000000,4.000000,43194519.891369,56062742.160204,4.907902
1203,712,1.250000,0.117650,0.147062,True,0.148407,0.001345,32.000000,6.000000,35270451.778587,44491180.723906,5.832653
1203,712,1.500000,0.117650,0.176474,True,0.165932,-0.010542,34.000000,8.000000,35270451.778587,49745169.003524,5.884723
1203,712,2.000000,0.117650,0.235299,True,0.165932,-0.069367,34.000000,8.000000,35270451.778587,49745169.003524,6.155478
132,820,1.250000,0.141993,0.177491,False,,,,,42568476.277126,,1.513628
132,820,1.500000,0.141993,0.212990,False,,,,,42568476.277126,,1.530888
132,820,2.000000,0.141993,0.283986,False,,,,,42568476.277126,,1.531076
1197,691,1.250000,0.076875,0.096094,True,0.098889,0.002795,26.000000,0.000000,23046583.324128,29646086.399350,7.046624
1197,691,1.500000,0.076875,0.115313,True,0.116623,0.001310,31.000000,1.000000,23046583.324128,34962612.850259,6.814693
1197,691,2.000000,0.076875,0.153750,True,0.153074,-0.000676,34.000000,2.000000,23046583.324128,45890516.353153,6.668508
1387,756,1.250000,0.143226,0.179033,True,0.153604,-0.025428,31.000000,6.000000,42938118.433304,46049470.286679,2.906291
1387,756,1.500000,0.143226,0.214839,True,0.153604,-0.061235,31.000000,6.000000,42938118.433304,46049470.286679,2.778641
1387,756,2.000000,0.143226,0.286452,True,0.153604,-0.132848,31.000000,6.000000,42938118.433304,46049470.286679,2.781052
1523,310,1.250000,0.076565,0.095706,True,0.095053,-0.000653,16.000000,7.000000,22953544.407601,28496101.932750,5.374271
1523,310,1.500000,0.076565,0.114847,True,0.112984,-0.001863,17.000000,10.000000,22953544.407601,33871833.050337,5.337950
1523,310,2.000000,0.076565,0.153130,True,0.122337,-0.030792,17.000000,12.000000,22953544.407601,36675822.748778,5.285581
340,814,1.250000,0.137580,0.171975,True,0.159500,-0.012476,15.000000,22.000000,41245564.681483,47816758.678331,6.709231
340,814,1.500000,0.137580,0.206371,True,0.159500,-0.046871,15.000000,22.000000,41245564.681483,47816758.678331,6.929713
340,814,2.000000,0.137580,0.275161,True,0.159500,-0.115661,15.000000,22.000000,41245564.681483,47816758.678331,6.960170
1200,898,1.250000,0.085684,0.107106,True,0.109473,0.002368,20.000000,5.000000,25687552.169557,32819315.307495,6.391299
1200,898,1.500000,0.085684,0.128527,True,0.113463,-0.015064,20.000000,5.000000,25687552.169557,34015296.909051,6.452243
1200,898,2.000000,0.085684,0.171369,True,0.113463,-0.057906,20.000000,5.000000,25687552.169557,34015296.909051,6.384969
1340,1457,1.250000,0.065528,0.081910,True,0.081855,-0.000055,8.000000,8.000000,19644770.799211,24539439.625697,7.187960
1340,1457,1.500000,0.065528,0.098292,True,0.090581,-0.007711,8.000000,10.000000,19644770.799211,27155547.547491,7.601031
1340,1457,2.000000,0.065528,0.131056,True,0.090581,-0.040475,8.000000,10.000000,19644770.799211,27155547.547491,7.156919
1381,879,1.250000,0.101063,0.126329,True,0.124259,-0.002070,13.000000,19.000000,30297871.978907,37251763.853237,3.908835
1381,879,1.500000,0.101063,0.151594,True,0.137421,-0.014173,15.000000,19.000000,30297871.978907,41197918.580840,4.042204
1381,879,2.000000,0.101063,0.202126,True,0.137421,-0.064704,15.000000,19.000000,30297871.978907,41197918.580840,3.995232
383,522,1.250000,0.065448,0.081810,True,0.081439,-0.000371,16.000000,0.000000,19620907.927627,24414885.487734,7.654328
383,522,1.500000,0.065448,0.098172,True,0.094500,-0.003672,18.000000,0.000000,19620907.927627,28330536.571139,7.445988
383,522,2.000000,0.065448,0.130897,True,0.094500,-0.036396,18.000000,0.000000,19620907.927627,28330536.571139,7.532456
1165,519,1.250000,0.147155,0.183944,True,0.183652,-0.000292,18.000000,26.000000,44115929.709440,55057384.738765,2.774949
1165,519,1.500000,0.147155,0.220732,True,0.183652,-0.037081,18.000000,26.000000,44115929.709440,55057384.738765,2.616723
1165,519,2.000000,0.147155,0.294310,True,0.183652,-0.110658,18.000000,26.000000,44115929.709440,55057384.738765,2.640755
102,58,1.250000,0.007058,0.008823,False,,,,,2116027.495762,,3.049093
102,58,1.500000,0.007058,0.010587,True,0.017670,0.007083,3.000000,0.000000,2116027.495762,5297395.611858,4.198493
102,58,2.000000,0.007058,0.014117,True,0.017670,0.003554,3.000000,0.000000,2116027.495762,5297395.611858,5.191575
291,607,1.250000,0.098128,0.122659,True,0.120062,-0.002598,24.000000,3.000000,29417906.059520,35993548.420801,6.419208
291,607,1.500000,0.098128,0.147191,True,0.133250,-0.013941,28.000000,3.000000,29417906.059520,39947346.150540,6.600444
291,607,2.000000,0.098128,0.196255,True,0.133250,-0.063005,28.000000,3.000000,29417906.059520,39947346.150540,6.744713
1266,860,1.250000,0.124365,0.155456,True,0.157370,0.001915,15.000000,19.000000,37283558.221380,47178419.849408,7.564284
1266,860,1.500000,0.124365,0.186547,True,0.179244,-0.007303,16.000000,24.000000,37283558.221380,53735983.460417,7.392536
1266,860,2.000000,0.124365,0.248729,True,0.179244,-0.069485,16.000000,24.000000,37283558.221380,53735983.460417,7.490402
1130,311,1.250000,0.154773,0.193466,True,0.188231,-0.005235,41.000000,4.000000,46399698.090860,56430211.896010,6.639761
1130,311,1.500000,0.154773,0.232159,True,0.188231,-0.043928,41.000000,4.000000,46399698.090860,56430211.896010,6.432925
1130,311,2.000000,0.154773,0.309545,True,0.188231,-0.121315,41.000000,4.000000,46399698.090860,56430211.896010,6.527322
1214,972,1.250000,0.041098,0.051373,True,0.048471,-0.002901,12.000000,0.000000,12320924.733903,14531335.909681,6.888084
1214,972,1.500000,0.041098,0.061647,True,0.061622,-0.000025,14.000000,0.000000,12320924.733903,18473828.604557,6.982913
1214,972,2.000000,0.041098,0.082196,True,0.083224,0.001027,18.000000,0.000000,12320924.733903,24949865.471354,7.100827
244,788,1.250000,0.117817,0.147271,True,0.147878,0.000607,18.000000,19.000000,35320546.914224,44332704.551320,4.729979
244,788,1.500000,0.117817,0.176725,True,0.161401,-0.015324,18.000000,21.000000,35320546.914224,48386861.801319,4.585672
244,788,2.000000,0.117817,0.235633,True,0.161401,-0.074232,18.000000,21.000000,35320546.914224,48386861.801319,4.759377
1400,738,1.250000,0.112301,0.140376,True,0.139964,-0.000411,34.000000,5.000000,33666883.537445,41960288.276436,7.115313
1400,738,1.500000,0.112301,0.168451,True,0.170962,0.002511,40.000000,5.000000,33666883.537445,51252987.164368,7.243600
1400,738,2.000000,0.112301,0.224601,True,0.170962,-0.053640,40.000000,5.000000,33666883.537445,51252987.164368,7.083720
663,717,1.250000,0.072116,0.090145,True,0.089173,-0.000972,8.000000,9.000000,21619841.569427,26733477.850944,4.981990
663,717,1.500000,0.072116,0.108174,True,0.102340,-0.005834,8.000000,11.000000,21619841.569427,30680709.269478,5.176203
663,717,2.000000,0.072116,0.144232,True,0.102340,-0.041892,8.000000,11.000000,21619841.569427,30680709.269478,5.012537
100,716,1.250000,0.092586,0.115732,True,0.117023,0.001291,28.000000,3.000000,27756480.459012,35082732.744340,7.868766
100,716,1.500000,0.092586,0.138878,True,0.139435,0.000556,31.000000,4.000000,27756480.459012,41801417.223076,7.409902
100,716,2.000000,0.092586,0.185171,True,0.144448,-0.040723,31.000000,6.000000,27756480.459012,43304467.591946,7.683724
477,844,1.250000,0.100141,0.125176,True,0.125762,0.000586,31.000000,2.000000,30021498.122521,37702552.556120,7.718597
477,844,1.500000,0.100141,0.150211,True,0.143645,-0.006567,33.000000,2.000000,30021498.122521,43063620.270295,7.791786
477,844,2.000000,0.100141,0.200282,True,0.143645,-0.056637,33.000000,2.000000,30021498.122521,43063620.270295,7.745166
1461,921,1.250000,0.146013,0.182517,True,0.183507,0.000991,21.000000,23.000000,43773697.694729,55014135.542783,7.325353
1461,921,1.500000,0.146013,0.219020,True,0.202291,-0.016729,46.000000,2.000000,43773697.694729,60645322.647817,7.297797
1461,921,2.000000,0.146013,0.292027,True,0.202291,-0.089736,46.000000,2.000000,43773697.694729,60645322.647817,7.478674
1050,199,1.250000,0.157128,0.196410,True,0.191156,-0.005254,7.000000,41.000000,47105776.185199,57307110.155815,3.622374
1050,199,1.500000,0.157128,0.235692,True,0.191156,-0.044536,7.000000,41.000000,47105776.185199,57307110.155815,3.592679
1050,199,2.000000,0.157128,0.314256,True,0.191156,-0.123100,7.000000,41.000000,47105776.185199,57307110.155815,3.847658
1148,602,1.250000,0.113055,0.141318,True,0.140779,-0.000540,31.000000,3.000000,33892956.928422,42204403.717051,7.567426
1148,602,1.500000,0.113055,0.169582,True,0.151563,-0.018019,25.000000,11.000000,33892956.928422,45437447.620053,7.598186
1148,602,2.000000,0.113055,0.226109,True,0.151563,-0.074546,25.000000,11.000000,33892956.928422,45437447.620053,7.551267
1115,744,1.250000,0.080309,0.100386,True,0.099141,-0.001245,15.000000,10.000000,24075997.997834,29721700.696563,4.553002
1115,744,1.500000,0.080309,0.120463,True,0.117348,-0.003115,15.000000,14.000000,24075997.997834,35180057.172288,4.577004
1115,744,2.000000,0.080309,0.160618,True,0.117348,-0.043270,15.000000,14.000000,24075997.997834,35180057.172288,4.536496
250,259,1.250000,0.058990,0.073738,True,0.074864,0.001126,14.000000,0.000000,17684806.766227,22443671.571285,7.797525
250,259,1.500000,0.058990,0.088485,True,0.092436,0.003951,15.000000,3.000000,17684806.766227,27711651.781910,7.917940
250,259,2.000000,0.058990,0.117980,True,0.092436,-0.025544,15.000000,3.000000,17684806.766227,27711651.781910,7.566546
535,879,1.250000,0.102770,0.128463,True,0.129768,0.001305,7.000000,25.000000,30809712.542585,38903372.077967,6.284614
535,879,1.500000,0.102770,0.154155,True,0.133610,-0.020545,9.000000,23.000000,30809712.542585,40055305.468982,6.386111
535,879,2.000000,0.102770,0.205540,True,0.133610,-0.071930,9.000000,23.000000,30809712.542585,40055305.468982,6.380002
833,941,1.250000,0.029628,0.037036,True,0.037224,0.000188,5.000000,3.000000,8882398.880438,11159341.154340,6.130444
833,941,1.500000,0.029628,0.044443,True,0.046201,0.001758,6.000000,4.000000,8882398.880438,13850566.536183,6.045892
833,941,2.000000,0.029628,0.059257,True,0.057194,-0.002063,8.000000,6.000000,8882398.880438,17146330.294405,6.045035
1455,591,1.250000,0.143976,0.179970,True,0.152248,-0.027722,29.000000,10.000000,43162972.328528,45642752.373457,2.374354
1455,591,1.500000,0.143976,0.215964,True,0.152248,-0.063716,29.000000,10.000000,43162972.328528,45642752.373457,2.305547
1455,591,2.000000,0.143976,0.287952,True,0.152248,-0.135705,29.000000,10.000000,43162972.328528,45642752.373457,2.371746
1381,909,1.250000,0.132887,0.166109,True,0.167276,0.001168,20.000000,18.000000,39838481.639824,50148203.913575,6.547207
1381,909,1.500000,0.132887,0.199330,True,0.167536,-0.031795,21.000000,17.000000,39838481.639824,50225951.927559,6.219009
1381,909,2.000000,0.132887,0.265774,True,0.167536,-0.098238,21.000000,17.000000,39838481.639824,50225951.927559,6.355797
1226,772,1.250000,0.117895,0.147369,True,0.144801,-0.002568,13.000000,22.000000,35344013.725594,43410226.714795,5.975518
1226,772,1.500000,0.117895,0.176842,True,0.154043,-0.022799,20.000000,19.000000,35344013.725594,46180952.653585,5.913653
1226,772,2.000000,0.117895,0.235790,True,0.154043,-0.081747,20.000000,19.000000,35344013.725594,46180952.653585,5.977670
1262,505,1.250000,0.174758,0.218447,True,0.200351,-0.018096,19.000000,32.000000,52391119.021061,60063718.191684,6.411919
1262,505,1.500000,0.174758,0.262137,True,0.200351,-0.061786,19.000000,32.000000,52391119.021061,60063718.191684,6.366783
1262,505,2.000000,0.174758,0.349516,True,0.200351,-0.149165,19.000000,32.000000,52391119.021061,60063718.191684,6.372562
1116,954,1.250000,0.074035,0.092543,True,0.091184,-0.001360,15.000000,3.000000,22195055.033743,27336136.052476,4.442542
1116,954,1.500000,0.074035,0.111052,True,0.105050,-0.006003,18.000000,4.000000,22195055.033743,31493065.443150,4.527298
1116,954,2.000000,0.074035,0.148069,True,0.105050,-0.043020,18.000000,4.000000,22195055.033743,31493065.443150,4.497004
1547,829,1.250000,0.158948,0.198685,True,0.198979,0.000295,45.000000,3.000000,47651316.456615,59652551.487182,6.914854
1547,829,1.500000,0.158948,0.238422,True,0.212218,-0.026203,46.000000,4.000000,47651316.456615,63621473.627677,6.480944
1547,829,2.000000,0.158948,0.317895,True,0.212218,-0.105677,46.000000,4.000000,47651316.456615,63621473.627677,6.541703
1403,874,1.250000,0.095174,0.118967,True,0.118281,-0.000686,24.000000,6.000000,28532320.193994,35459772.429625,5.295018
1403,874,1.500000,0.095174,0.142760,True,0.140478,-0.002282,25.000000,9.000000,28532320.193994,42114317.317897,5.143334
1403,874,2.000000,0.095174,0.190347,True,0.140478,-0.049869,25.000000,9.000000,28532320.193994,42114317.317897,5.139737
1179,490,1.250000,0.148277,0.185346,True,0.186858,0.001512,44.000000,1.000000,44452310.212518,56018613.927799,6.477422
1179,490,1.500000,0.148277,0.222415,True,0.187125,-0.035290,42.000000,5.000000,44452310.212518,56098645.966694,6.634044
1179,490,2.000000,0.148277,0.296554,True,0.187125,-0.109429,42.000000,5.000000,44452310.212518,56098645.966694,7.134683
1158,1315,1.250000,0.045553,0.056941,True,0.053468,-0.003473,6.000000,5.000000,13656345.283817,16029269.275249,3.296031
1158,1315,1.500000,0.045553,0.068329,True,0.068929,0.000600,9.000000,6.000000,13656345.283817,20664455.059820,3.260779
1158,1315,2.000000,0.045553,0.091105,True,0.091246,0.000141,13.000000,6.000000,13656345.283817,27354869.026168,3.270774
1152,1262,1.250000,0.018696,0.023369,True,0.026670,0.003300,6.000000,0.000000,5604776.563421,7995336.099107,6.153087
1152,1262,1.500000,0.018696,0.028043,True,0.026670,-0.001374,6.000000,0.000000,5604776.563421,7995336.099107,6.120762
1152,1262,2.000000,0.018696,0.037391,True,0.039781,0.002390,8.000000,0.000000,5604776.563421,11925955.638185,6.162613
1130,1525,1.250000,0.069828,0.087284,True,0.091027,0.003743,18.000000,4.000000,20933773.166295,27289211.207766,6.682572
1130,1525,1.500000,0.069828,0.104741,True,0.104888,0.000147,23.000000,1.000000,20933773.166295,31444744.939038,6.661954
1130,1525,2.000000,0.069828,0.139655,True,0.105390,-0.034265,23.000000,1.000000,20933773.166295,31595222.815287,6.573697
227,677,1.250000,0.130845,0.163556,True,0.164589,0.001033,9.000000,28.000000,39226330.805872,49342562.984072,5.279714
227,677,1.500000,0.130845,0.196267,True,0.173539,-0.022729,11.000000,28.000000,39226330.805872,52025651.100468,5.594305
227,677,2.000000,0.130845,0.261690,True,0.173539,-0.088151,11.000000,28.000000,39226330.805872,52025651.100468,5.370049
1407,883,1.250000,0.102624,0.128280,True,0.127657,-0.000623,27.000000,7.000000,30766012.877470,38270717.614394,7.442970
1407,883,1.500000,0.102624,0.153937,True,0.153973,0.000036,22.000000,16.000000,30766012.877470,46159896.733850,7.306115
1407,883,2.000000,0.102624,0.205249,True,0.158778,-0.046471,21.000000,17.000000,30766012.877470,47600437.800761,7.238068
1221,1277,1.250000,0.074213,0.092767,True,0.094143,0.001377,18.000000,2.000000,22248618.979862,28223496.923258,7.530155
1221,1277,1.500000,0.074213,0.111320,True,0.102842,-0.008478,11.000000,9.000000,22248618.979862,30831266.018912,7.478942
1221,1277,2.000000,0.074213,0.148427,True,0.102842,-0.045585,11.000000,9.000000,22248618.979862,30831266.018912,7.304394
107,376,1.250000,0.076484,0.095605,True,0.096866,0.001261,18.000000,5.000000,22929381.152642,29039676.018229,6.217285
107,376,1.500000,0.076484,0.114726,True,0.101179,-0.013547,18.000000,7.000000,22929381.152642,30332741.863233,6.629133
107,376,2.000000,0.076484,0.152968,True,0.101179,-0.051789,18.000000,7.000000,22929381.152642,30332741.863233,6.359542
323,969,1.250000,0.150637,0.188296,True,0.177577,-0.010719,20.000000,25.000000,45159876.909551,53236243.148983,6.927440
323,969,1.500000,0.150637,0.225956,True,0.177577,-0.048379,20.000000,25.000000,45159876.909551,53236243.148983,7.166100
323,969,2.000000,0.150637,0.301274,True,0.177577,-0.123697,20.000000,25.000000,45159876.909551,53236243.148983,7.229102
324,798,1.250000,0.137372,0.171714,True,0.172450,0.000735,37.000000,4.000000,41182963.525120,51699195.742224,7.437761
324,798,1.500000,0.137372,0.206057,True,0.176449,-0.029608,35.000000,6.000000,41182963.525120,52898161.417628,7.534312
324,798,2.000000,0.137372,0.274743,True,0.176449,-0.098294,35.000000,6.000000,41182963.525120,52898161.417628,7.517781
463,84,1.250000,0.091639,0.114549,True,0.107805,-0.006743,16.000000,10.000000,27472639.998062,32319196.776250,5.704513
463,84,1.500000,0.091639,0.137458,True,0.107805,-0.029653,16.000000,10.000000,27472639.998062,32319196.776250,5.851756
463,84,2.000000,0.091639,0.183278,True,0.107805,-0.075472,16.000000,10.000000,27472639.998062,32319196.776250,5.857849
313,947,1.250000,0.123497,0.154372,True,0.156145,0.001774,13.000000,25.000000,37023534.568114,46811148.050199,5.403471
313,947,1.500000,0.123497,0.185246,True,0.169999,-0.015247,13.000000,29.000000,37023534.568114,50964327.330742,5.281380
313,947,2.000000,0.123497,0.246994,True,0.169999,-0.076996,13.000000,29.000000,37023534.568114,50964327.330742,5.152435
1278,804,1.250000,0.137434,0.171792,True,0.167436,-0.004357,29.000000,10.000000,41201644.734100,50195978.155823,5.810858
1278,804,1.500000,0.137434,0.206151,True,0.167436,-0.038715,29.000000,10.000000,41201644.734100,50195978.155823,5.685326
1278,804,2.000000,0.137434,0.274868,True,0.167436,-0.107432,29.000000,10.000000,41201644.734100,50195978.155823,5.991607
147,212,1.250000,0.018269,0.022836,True,0.024484,0.001648,4.000000,1.000000,5476820.082892,7339997.003200,7.116560
147,212,1.500000,0.018269,0.027403,True,0.029153,0.001750,7.000000,0.000000,5476820.082892,8739785.285946,7.358746
147,212,2.000000,0.018269,0.036537,True,0.037434,0.000897,5.000000,2.000000,5476820.082892,11222482.448721,7.543753
839,995,1.250000,0.039004,0.048755,True,0.048480,-0.000275,10.000000,0.000000,11693151.593140,14533883.818113,7.384807
839,995,1.500000,0.039004,0.058506,True,0.060546,0.002039,12.000000,0.000000,11693151.593140,18151142.998529,7.244120
839,995,2.000000,0.039004,0.078008,True,0.066292,-0.011716,14.000000,0.000000,11693151.593140,19873872.683151,7.298858
385,465,1.250000,0.065555,0.081944,True,0.081612,-0.000332,12.000000,3.000000,19652890.449869,24466565.324829,6.900470
385,465,1.500000,0.065555,0.098332,True,0.099903,0.001571,16.000000,3.000000,19652890.449869,29950194.014289,6.825287
385,465,2.000000,0.065555,0.131110,True,0.103488,-0.027622,16.000000,3.000000,19652890.449869,31024907.031071,6.823289
1005,307,1.250000,0.145129,0.181411,True,0.182708,0.001297,26.000000,19.000000,43508458.325672,54774495.895039,5.912931
1005,307,1.500000,0.145129,0.217693,True,0.182708,-0.034985,26.000000,19.000000,43508458.325672,54774495.895039,6.379006
1005,307,2.000000,0.145129,0.290257,True,0.182708,-0.107549,26.000000,19.000000,43508458.325672,54774495.895039,6.026186
1051,900,1.250000,0.044649,0.055812,True,0.066382,0.010571,1.000000,14.000000,13385547.995096,19900902.221744,2.438279
1051,900,1.500000,0.044649,0.066974,True,0.066382,-0.000592,1.000000,14.000000,13385547.995096,19900902.221744,2.390417
1051,900,2.000000,0.044649,0.089299,True,0.084791,-0.004508,3.000000,16.000000,13385547.995096,25419630.243346,2.395853
169,437,1.250000,0.068534,0.085667,True,0.088068,0.002400,12.000000,9.000000,20545939.669906,26402019.858146,7.382291
169,437,1.500000,0.068534,0.102801,True,0.104355,0.001554,20.000000,3.000000,20545939.669906,31284785.113923,7.569434
169,437,2.000000,0.068534,0.137068,True,0.104355,-0.032713,20.000000,3.000000,20545939.669906,31284785.113923,7.405763
289,617,1.250000,0.061614,0.077017,True,0.076564,-0.000453,2.000000,18.000000,18471285.166197,22953265.744878,4.421736
289,617,1.500000,0.061614,0.092420,True,0.091639,-0.000781,3.000000,19.000000,18471285.166197,27472646.133277,4.396852
289,617,2.000000,0.061614,0.123227,True,0.124866,0.001639,5.000000,25.000000,18471285.166197,37433871.312465,4.456753
64,778,1.250000,0.174770,0.218463,True,0.203307,-0.015156,39.000000,9.000000,52394832.272075,60950002.552557,6.015044
64,778,1.500000,0.174770,0.262156,True,0.203307,-0.058848,39.000000,9.000000,52394832.272075,60950002.552557,6.302083
64,778,2.000000,0.174770,0.349541,True,0.203307,-0.146233,39.000000,9.000000,52394832.272075,60950002.552557,6.060764
1474,2,1.250000,0.028246,0.035308,True,0.039551,0.004243,7.000000,1.000000,8468023.143373,11857156.550722,4.336889
1474,2,1.500000,0.028246,0.042369,True,0.040189,-0.002180,8.000000,2.000000,8468023.143373,12048378.445796,4.295017
1474,2,2.000000,0.028246,0.056493,True,0.052653,-0.003840,8.000000,2.000000,8468023.143373,15784932.780555,4.283724
123,555,1.250000,0.117717,0.147146,True,0.147683,0.000537,25.000000,8.000000,35290640.838751,44274153.680943,7.237348
123,555,1.500000,0.117717,0.176575,True,0.169121,-0.007454,33.000000,6.000000,35290640.838751,50701167.634912,7.097001
123,555,2.000000,0.117717,0.235434,True,0.169121,-0.066313,33.000000,6.000000,35290640.838751,50701167.634912,7.133210
1374,449,1.250000,0.105483,0.131854,True,0.130533,-0.001321,31.000000,5.000000,31623032.920538,39132722.095413,7.228403
1374,449,1.500000,0.105483,0.158225,True,0.152826,-0.005399,34.000000,5.000000,31623032.920538,45816038.137143,7.453047
1374,449,2.000000,0.105483,0.210966,True,0.152826,-0.058140,34.000000,5.000000,31623032.920538,45816038.137143,7.770953
1125,1266,1.250000,0.078621,0.098276,True,0.079012,-0.019264,10.000000,6.000000,23569892.803780,23687269.852329,7.664024
1125,1266,1.500000,0.078621,0.117931,True,0.079012,-0.038919,10.000000,6.000000,23569892.803780,23687269.852329,7.555445
1125,1266,2.000000,0.078621,0.157241,True,0.079012,-0.078229,10.000000,6.000000,23569892.803780,23687269.852329,7.596644
1217,1279,1.250000,0.035795,0.044743,True,0.044522,-0.000222,8.000000,2.000000,10730961.524275,13347224.676540,6.991368
1217,1279,1.500000,0.035795,0.053692,True,0.047609,-0.006083,6.000000,4.000000,10730961.524275,14272754.936693,7.061671
1217,1279,2.000000,0.035795,0.071589,True,0.047609,-0.023980,6.000000,4.000000,10730961.524275,14272754.936693,7.002756
693,908,1.250000,0.065407,0.081758,True,0.080517,-0.001241,14.000000,4.000000,19608375.486939,24138486.200675,7.780631
693,908,1.500000,0.065407,0.098110,True,0.096785,-0.001325,19.000000,3.000000,19608375.486939,29015426.081859,8.151059
693,908,2.000000,0.065407,0.130813,True,0.096785,-0.034028,19.000000,3.000000,19608375.486939,29015426.081859,7.797603
1220,1575,1.250000,0.071852,0.089816,True,0.089955,0.000140,21.000000,0.000000,21540808.475040,26967837.108317,7.247172
1220,1575,1.500000,0.071852,0.107779,True,0.107687,-0.000091,23.000000,3.000000,21540808.475040,32283895.815615,7.228067
1220,1575,2.000000,0.071852,0.143705,True,0.120879,-0.022825,24.000000,4.000000,21540808.475040,36238718.021529,7.287143
1394,324,1.250000,0.126273,0.157841,True,0.161115,0.003274,34.000000,4.000000,37855681.111694,48301161.387849,6.562646
1394,324,1.500000,0.126273,0.189409,True,0.174472,-0.014938,38.000000,4.000000,37855681.111694,52305322.365738,6.417834
1394,324,2.000000,0.126273,0.252546,True,0.174472,-0.078074,38.000000,4.000000,37855681.111694,52305322.365738,6.606970
1016,433,1.250000,0.159098,0.198872,True,0.198023,-0.000849,14.000000,33.000000,47696336.676046,59365771.423501,7.250979
1016,433,1.500000,0.159098,0.238647,True,0.215766,-0.022881,19.000000,30.000000,47696336.676046,64684878.758206,7.127380
1016,433,2.000000,0.159098,0.318196,True,0.215766,-0.102430,19.000000,30.000000,47696336.676046,64684878.758206,7.173737
1490,309,1.250000,0.106866,0.133583,True,0.133333,-0.000249,24.000000,9.000000,32037685.928741,39972312.638057,6.957465
1490,309,1.500000,0.106866,0.160299,True,0.142544,-0.017755,29.000000,4.000000,32037685.928741,42733678.466330,6.969056
1490,309,2.000000,0.106866,0.213732,True,0.142544,-0.071188,29.000000,4.000000,32037685.928741,42733678.466330,7.137786
1335,386,1.250000,0.116736,0.145919,True,0.145044,-0.000875,31.000000,6.000000,34996443.449927,43483111.735252,7.760734
1335,386,1.500000,0.116736,0.175103,True,0.167031,-0.008072,33.000000,7.000000,34996443.449927,50074653.235455,7.656245
1335,386,2.000000,0.116736,0.233471,True,0.167031,-0.066440,33.000000,7.000000,34996443.449927,50074653.235455,7.428817
187,699,1.250000,0.115665,0.144581,True,0.142851,-0.001731,34.000000,0.000000,34675538.875022,42825625.309397,7.545819
187,699,1.500000,0.115665,0.173498,True,0.173746,0.000248,38.000000,4.000000,34675538.875022,52087649.769524,7.406751
187,699,2.000000,0.115665,0.231330,True,0.177911,-0.053419,40.000000,4.000000,34675538.875022,53336324.747885,7.299555
176,332,1.250000,0.037197,0.046496,True,0.055067,0.008571,8.000000,4.000000,11151427.424907,16508778.322543,2.657173
176,332,1.500000,0.037197,0.055796,True,0.055119,-0.000677,8.000000,4.000000,11151427.424907,16524211.689120,2.715243
176,332,2.000000,0.037197,0.074394,True,0.068267,-0.006127,11.000000,5.000000,11151427.424907,20465906.551553,2.707857
1565,1570,1.250000,0.032874,0.041093,True,0.040906,-0.000186,5.000000,3.000000,9855393.031723,12263453.018600,6.875385
1565,1570,1.500000,0.032874,0.049311,True,0.050344,0.001033,9.000000,1.000000,9855393.031723,15092737.479835,6.874951
1565,1570,2.000000,0.032874,0.065748,True,0.063368,-0.002380,7.000000,5.000000,9855393.031723,18997310.509214,6.704831
1016,865,1.250000,0.044021,0.055026,True,0.055367,0.000341,13.000000,0.000000,13197092.397591,16598701.174042,7.579800
1016,865,1.500000,0.044021,0.066031,True,0.065106,-0.000925,15.000000,0.000000,13197092.397591,19518227.817544,7.964464
1016,865,2.000000,0.044021,0.088042,True,0.065106,-0.022936,15.000000,0.000000,13197092.397591,19518227.817544,7.824583
1150,605,1.250000,0.113199,0.141499,True,0.139907,-0.001592,37.000000,2.000000,33936294.647956,41943085.918636,7.590929
1150,605,1.500000,0.113199,0.169799,True,0.157491,-0.012307,39.000000,2.000000,33936294.647956,47214746.486486,7.616260
1150,605,2.000000,0.113199,0.226399,True,0.157491,-0.068907,39.000000,2.000000,33936294.647956,47214746.486486,7.476387
1066,997,1.250000,0.028352,0.035440,True,0.035715,0.000276,7.000000,0.000000,8499596.985993,10707209.612853,7.715955
1066,997,1.500000,0.028352,0.042527,True,0.040047,-0.002481,7.000000,0.000000,8499596.985993,12005709.338084,7.820999
1066,997,2.000000,0.028352,0.056703,True,0.053075,-0.003628,9.000000,0.000000,8499596.985993,15911609.320979,7.762839
209,356,1.250000,0.067592,0.084491,True,0.084600,0.000110,16.000000,1.000000,20263713.485618,25362517.751541,6.876723
209,356,1.500000,0.067592,0.101389,True,0.088694,-0.012694,16.000000,1.000000,20263713.485618,26589876.454952,6.488530
209,356,2.000000,0.067592,0.135185,True,0.088694,-0.046491,16.000000,1.000000,20263713.485618,26589876.454952,6.467838
164,980,1.250000,0.128543,0.160678,True,0.161210,0.000531,38.000000,8.000000,38536103.381064,48329408.108087,7.343534
164,980,1.500000,0.128543,0.192814,True,0.175733,-0.017081,42.000000,4.000000,38536103.381064,52683525.191075,7.814081
164,980,2.000000,0.128543,0.257085,True,0.175733,-0.081352,42.000000,4.000000,38536103.381064,52683525.191075,7.421800
1203,326,1.250000,0.135803,0.169754,True,0.169628,-0.000126,36.000000,8.000000,40712843.602221,50853274.997762,5.812848
1203,326,1.500000,0.135803,0.203705,True,0.171951,-0.031755,41.000000,3.000000,40712843.602221,51549491.953621,5.630657
1203,326,2.000000,0.135803,0.271607,True,0.171951,-0.099656,41.000000,3.000000,40712843.602221,51549491.953621,5.826119
329,888,1.250000,0.144114,0.180143,True,0.178322,-0.001821,17.000000,27.000000,43204343.851578,53459638.440877,4.679146
329,888,1.500000,0.144114,0.216171,True,0.187104,-0.029067,19.000000,25.000000,43204343.851578,56092380.605214,4.341069
329,888,2.000000,0.144114,0.288228,True,0.187104,-0.101124,19.000000,25.000000,43204343.851578,56092380.605214,4.332003
285,61,1.250000,0.059308,0.074135,False,,,,,17779983.044750,,1.473133
285,61,1.500000,0.059308,0.088961,False,,,,,17779983.044750,,1.475626
285,61,2.000000,0.059308,0.118615,False,,,,,17779983.044750,,1.511232
1091,1460,1.250000,0.087014,0.108767,True,0.107895,-0.000872,19.000000,6.000000,26086092.274064,32346213.028726,7.365862
1091,1460,1.500000,0.087014,0.130521,True,0.130135,-0.000386,29.000000,2.000000,26086092.274064,39013382.050430,7.280601
1091,1460,2.000000,0.087014,0.174028,True,0.134804,-0.039224,31.000000,2.000000,26086092.274064,40413170.333176,7.451916
584,723,1.250000,0.065806,0.082257,True,0.080872,-0.001385,9.000000,7.000000,19728050.773494,24244784.066757,7.305589
584,723,1.500000,0.065806,0.098709,True,0.083880,-0.014829,12.000000,4.000000,19728050.773494,25146493.584497,7.417597
584,723,2.000000,0.065806,0.131611,True,0.083880,-0.047732,12.000000,4.000000,19728050.773494,25146493.584497,7.271888
1455,1543,1.250000,0.014132,0.017665,True,0.022205,0.004540,4.000000,1.000000,4236684.430465,6657038.515854,5.225483
1455,1543,1.500000,0.014132,0.021198,True,0.022205,0.001007,4.000000,1.000000,4236684.430465,6657038.515854,5.086076
1455,1543,2.000000,0.014132,0.028264,True,0.031426,0.003162,6.000000,1.000000,4236684.430465,9421275.134629,5.105158
744,75,1.250000,0.156966,0.196208,True,0.196899,0.000692,43.000000,7.000000,47057247.731075,59028974.369447,5.478080
744,75,1.500000,0.156966,0.235449,True,0.201966,-0.033483,37.000000,11.000000,47057247.731075,60547980.165174,5.415769
744,75,2.000000,0.156966,0.313932,True,0.201966,-0.111966,37.000000,11.000000,47057247.731075,60547980.165174,5.488572
1033,1504,1.250000,0.131032,0.163790,True,0.155863,-0.007927,25.000000,11.000000,39282409.976425,46726685.333166,4.004564
1033,1504,1.500000,0.131032,0.196548,True,0.155863,-0.040685,25.000000,11.000000,39282409.976425,46726685.333166,3.976919
1033,1504,2.000000,0.131032,0.262064,True,0.155863,-0.106201,25.000000,11.000000,39282409.976425,46726685.333166,4.042184
1482,870,1.250000,0.117574,0.146968,True,0.143477,-0.003491,34.000000,3.000000,35247860.629239,43013208.350680,7.298563
1482,870,1.500000,0.117574,0.176361,True,0.169754,-0.006607,41.000000,2.000000,35247860.629239,50891033.851652,7.280324
1482,870,2.000000,0.117574,0.235148,True,0.169754,-0.065394,41.000000,2.000000,35247860.629239,50891033.851652,7.465086
609,87,1.250000,0.118701,0.148376,True,0.146968,-0.001408,27.000000,10.000000,35585546.626249,44059912.892658,6.206827
609,87,1.500000,0.118701,0.178051,True,0.169078,-0.008973,27.000000,14.000000,35585546.626249,50688175.411209,6.350708
609,87,2.000000,0.118701,0.237401,True,0.169078,-0.068324,27.000000,14.000000,35585546.626249,50688175.411209,6.151949
539,856,1.250000,0.104772,0.130965,True,0.130920,-0.000045,3.000000,25.000000,31409901.660270,39248902.573346,7.705200
539,856,1.500000,0.104772,0.157158,True,0.157721,0.000563,7.000000,25.000000,31409901.660270,47283498.325108,7.584576
539,856,2.000000,0.104772,0.209544,True,0.174878,-0.034666,14.000000,22.000000,31409901.660270,52427070.483007,7.599911
1531,535,1.250000,0.126231,0.157789,True,0.156687,-0.001102,38.000000,2.000000,37843175.828926,46973663.188199,7.461755
1531,535,1.500000,0.126231,0.189347,True,0.178441,-0.010906,44.000000,0.000000,37843175.828926,53495295.633282,7.761124
1531,535,2.000000,0.126231,0.252462,True,0.178441,-0.074021,44.000000,0.000000,37843175.828926,53495295.633282,7.609228
1489,338,1.250000,0.111127,0.138908,True,0.132426,-0.006483,28.000000,2.000000,33314964.089086,39700242.122621,6.460053
1489,338,1.500000,0.111127,0.166690,True,0.132426,-0.034264,28.000000,2.000000,33314964.089086,39700242.122621,6.418062
1489,338,2.000000,0.111127,0.222254,True,0.132426,-0.089828,28.000000,2.000000,33314964.089086,39700242.122621,6.570005
1091,328,1.250000,0.166076,0.207595,True,0.190510,-0.017086,30.000000,17.000000,49788408.892513,57113334.139535,6.762913
1091,328,1.500000,0.166076,0.249114,True,0.190510,-0.058605,30.000000,17.000000,49788408.892513,57113334.139535,6.722397
1091,328,2.000000,0.166076,0.332153,True,0.190510,-0.141643,30.000000,17.000000,49788408.892513,57113334.139535,6.756053
1082,1223,1.250000,0.078590,0.098237,True,0.096181,-0.002056,17.000000,3.000000,23560657.106708,28834413.220962,7.566765
1082,1223,1.500000,0.078590,0.117885,True,0.101335,-0.016549,17.000000,3.000000,23560657.106708,30379584.690712,7.737980
1082,1223,2.000000,0.078590,0.157180,True,0.101335,-0.055844,17.000000,3.000000,23560657.106708,30379584.690712,7.579653
1085,1573,1.250000,0.098011,0.122514,True,0.119002,-0.003512,31.000000,0.000000,29383003.179913,35675928.279183,7.312766
1085,1573,1.500000,0.098011,0.147017,True,0.127964,-0.019053,32.000000,1.000000,29383003.179913,38362646.135128,7.343418
1085,1573,2.000000,0.098011,0.196022,True,0.127964,-0.068058,32.000000,1.000000,29383003.179913,38362646.135128,7.155161
1320,491,1.250000,0.157164,0.196454,True,0.198173,0.001719,41.000000,9.000000,47116453.766522,59410856.158793,7.314082
1320,491,1.500000,0.157164,0.235745,True,0.214471,-0.021275,21.000000,31.000000,47116453.766522,64296679.181661,7.282059
1320,491,2.000000,0.157164,0.314327,True,0.214471,-0.099857,21.000000,31.000000,47116453.766522,64296679.181661,7.257349
455,486,1.250000,0.065612,0.082015,True,0.082662,0.000647,9.000000,7.000000,19670043.679796,24781581.372677,7.018634
455,486,1.500000,0.065612,0.098418,True,0.083097,-0.015321,7.000000,11.000000,19670043.679796,24911888.802828,6.684265
455,486,2.000000,0.065612,0.131224,True,0.083097,-0.048127,7.000000,11.000000,19670043.679796,24911888.802828,6.679077
1088,1132,1.250000,0.006596,0.008245,False,,,,,1977426.152966,,1.547504
1088,1132,1.500000,0.006596,0.009894,True,0.017538,0.007644,2.000000,0.000000,1977426.152966,5257674.749348,2.507952
1088,1132,2.000000,0.006596,0.013192,True,0.017538,0.004346,2.000000,0.000000,1977426.152966,5257674.749348,3.061220
1269,949,1.250000,0.111416,0.139270,True,0.138808,-0.000461,23.000000,10.000000,33401669.952162,41613733.775453,5.963469
1269,949,1.500000,0.111416,0.167124,True,0.152272,-0.014852,20.000000,15.000000,33401669.952162,45650061.182346,5.812490
1269,949,2.000000,0.111416,0.222832,True,0.152272,-0.070560,20.000000,15.000000,33401669.952162,45650061.182346,5.842158
1156,53,1.250000,0.091440,0.114300,True,0.116161,0.001861,26.000000,3.000000,27413029.592343,34824333.576164,7.252148
1156,53,1.500000,0.091440,0.137160,True,0.138556,0.001396,28.000000,5.000000,27413029.592343,41538187.947166,7.291945
1156,53,2.000000,0.091440,0.182880,True,0.143134,-0.039746,32.000000,3.000000,27413029.592343,42910588.564561,7.622519
1039,1401,1.250000,0.117784,0.147231,True,0.146911,-0.000320,16.000000,15.000000,35310890.167720,44042777.200786,7.866470
1039,1401,1.500000,0.117784,0.176677,True,0.165926,-0.010751,18.000000,17.000000,35310890.167720,49743265.941362,7.735502
1039,1401,2.000000,0.117784,0.235569,True,0.165926,-0.069643,18.000000,17.000000,35310890.167720,49743265.941362,7.541025
54,909,1.250000,0.127291,0.159114,True,0.157494,-0.001620,35.000000,6.000000,38160989.280481,47215497.088429,7.767762
54,909,1.500000,0.127291,0.190937,True,0.191335,0.000398,47.000000,0.000000,38160989.280481,57360924.488659,7.738366
54,909,2.000000,0.127291,0.254583,True,0.194214,-0.060368,49.000000,0.000000,38160989.280481,58224019.553047,7.823430
860,861,1.250000,0.006565,0.008206,False,,,,,1968195.859137,,3.895036
860,861,1.500000,0.006565,0.009848,True,0.018114,0.008267,4.000000,0.000000,1968195.859137,5430575.579137,4.263033
860,861,2.000000,0.006565,0.013130,True,0.018114,0.004984,4.000000,0.000000,1968195.859137,5430575.579137,5.494573
1217,527,1.250000,0.157181,0.196476,True,0.192706,-0.003770,15.000000,34.000000,47121652.470023,57771851.433691,7.285433
1217,527,1.500000,0.157181,0.235771,True,0.192706,-0.043065,15.000000,34.000000,47121652.470023,57771851.433691,7.277658
1217,527,2.000000,0.157181,0.314362,True,0.192706,-0.121656,15.000000,34.000000,47121652.470023,57771851.433691,7.162783
686,763,1.250000,0.080699,0.100873,True,0.103118,0.002244,11.000000,10.000000,24192857.531458,30913922.561971,7.439003
686,763,1.500000,0.080699,0.121048,True,0.107584,-0.013464,7.000000,12.000000,24192857.531458,32252764.019909,7.586085
686,763,2.000000,0.080699,0.161397,True,0.107584,-0.053814,7.000000,12.000000,24192857.531458,32252764.019909,7.440635
422,855,1.250000,0.106844,0.133555,False,,,,,32031130.347524,,1.254205
422,855,1.500000,0.106844,0.160267,False,,,,,32031130.347524,,1.260117
422,855,2.000000,0.106844,0.213689,False,,,,,32031130.347524,,1.263779
624,734,1.250000,0.018696,0.023369,True,0.026670,0.003300,6.000000,0.000000,5604776.563421,7995336.099107,3.744163
624,734,1.500000,0.018696,0.028043,True,0.027622,-0.000421,3.000000,3.000000,5604776.563421,8280864.722006,4.032716
624,734,2.000000,0.018696,0.037391,True,0.039557,0.002166,8.000000,0.000000,5604776.563421,11858911.171309,3.928631
361,439,1.250000,0.076648,0.095810,True,0.093315,-0.002495,11.000000,7.000000,22978412.942807,27975106.584148,6.709876
361,439,1.500000,0.076648,0.114972,True,0.111600,-0.003372,15.000000,7.000000,22978412.942807,33456836.035389,6.949633
361,439,2.000000,0.076648,0.153295,True,0.111600,-0.041695,15.000000,7.000000,22978412.942807,33456836.035389,6.850822
479,991,1.250000,0.117840,0.147301,True,0.148306,0.001005,11.000000,26.000000,35327677.402897,44460880.244834,6.176515
479,991,1.500000,0.117840,0.176761,True,0.153639,-0.023121,13.000000,26.000000,35327677.402897,46059886.955005,5.795513
479,991,2.000000,0.117840,0.235681,True,0.153639,-0.082042,13.000000,26.000000,35327677.402897,46059886.955005,5.730656
1149,1284,1.250000,0.040817,0.051022,True,0.051913,0.000891,12.000000,0.000000,12236741.112598,15563102.193790,7.237157
1149,1284,1.500000,0.040817,0.061226,True,0.057748,-0.003478,10.000000,2.000000,12236741.112598,17312297.442589,7.160094
1149,1284,2.000000,0.040817,0.081635,True,0.057748,-0.023887,10.000000,2.000000,12236741.112598,17312297.442589,7.387299
495,580,1.250000,0.032694,0.040867,True,0.041681,0.000814,7.000000,1.000000,9801321.861596,12495577.628652,7.650876
495,580,1.500000,0.032694,0.049041,True,0.050877,0.001836,8.000000,2.000000,9801321.861596,15252521.929476,7.964042
495,580,2.000000,0.032694,0.065387,True,0.054859,-0.010528,10.000000,0.000000,9801321.861596,16446463.070527,7.818065
1035,700,1.250000,0.085098,0.106372,True,0.105814,-0.000558,8.000000,20.000000,25511673.060486,31722224.872578,3.668932
1035,700,1.500000,0.085098,0.127647,True,0.109957,-0.017690,7.000000,21.000000,25511673.060486,32964197.846310,3.511509
1035,700,2.000000,0.085098,0.170196,True,0.109957,-0.060239,7.000000,21.000000,25511673.060486,32964197.846310,3.538223
437,954,1.250000,0.150495,0.188119,True,0.185608,-0.002511,39.000000,5.000000,45117316.911345,55643750.432714,6.520393
437,954,1.500000,0.150495,0.225743,True,0.194143,-0.031599,44.000000,0.000000,45117316.911345,58202703.715370,6.336730
437,954,2.000000,0.150495,0.300990,True,0.194143,-0.106847,44.000000,0.000000,45117316.911345,58202703.715370,6.302030
505,806,1.250000,0.092242,0.115303,True,0.113885,-0.001418,21.000000,5.000000,27653478.157987,34141832.982646,6.962322
505,806,1.500000,0.092242,0.138363,True,0.123240,-0.015123,22.000000,6.000000,27653478.157987,36946319.284463,6.889372
505,806,2.000000,0.092242,0.184484,True,0.123240,-0.061244,22.000000,6.000000,27653478.157987,36946319.284463,6.962386
402,851,1.250000,0.124267,0.155333,True,0.159022,0.003689,32.000000,4.000000,37254197.598293,47673744.537411,6.815080
402,851,1.500000,0.124267,0.186400,True,0.176318,-0.010082,7.000000,33.000000,37254197.598293,52858718.528676,6.984525
402,851,2.000000,0.124267,0.248533,True,0.176318,-0.072216,7.000000,33.000000,37254197.598293,52858718.528676,6.893631
636,813,1.250000,0.032981,0.041227,True,0.044638,0.003411,3.000000,9.000000,9887591.888013,13382028.274422,3.372768
636,813,1.500000,0.032981,0.049472,True,0.044638,-0.004835,3.000000,9.000000,9887591.888013,13382028.274422,3.510216
636,813,2.000000,0.032981,0.065963,True,0.065571,-0.000392,1.000000,15.000000,9887591.888013,19657595.640120,3.438177
1508,854,1.250000,0.138591,0.173238,True,0.171571,-0.001668,37.000000,4.000000,41548398.146135,51435568.754705,6.978752
1508,854,1.500000,0.138591,0.207886,True,0.214015,0.006129,42.000000,7.000000,41548398.146135,64160048.328688,7.268674
1508,854,2.000000,0.138591,0.277181,True,0.214015,-0.063166,42.000000,7.000000,41548398.146135,64160048.328688,7.496299
388,661,1.250000,0.100392,0.125490,True,0.122910,-0.002580,14.000000,13.000000,30096765.463634,36847417.849337,7.064525
388,661,1.500000,0.100392,0.150588,True,0.122910,-0.027678,14.000000,13.000000,30096765.463634,36847417.849337,6.898389
388,661,2.000000,0.100392,0.200784,True,0.122910,-0.077874,14.000000,13.000000,30096765.463634,36847417.849337,7.071449
1452,230,1.250000,0.117961,0.147452,True,0.152740,0.005289,27.000000,4.000000,35363893.980063,45790420.023823,2.944643
1452,230,1.500000,0.117961,0.176942,True,0.152740,-0.024201,27.000000,4.000000,35363893.980063,45790420.023823,2.963132
1452,230,2.000000,0.117961,0.235923,True,0.152740,-0.083182,27.000000,4.000000,35363893.980063,45790420.023823,3.033913
1417,492,1.250000,0.108341,0.135426,True,0.131466,-0.003960,35.000000,1.000000,32479787.661636,39412572.879257,7.146696
1417,492,1.500000,0.108341,0.162511,True,0.152797,-0.009714,35.000000,3.000000,32479787.661636,45807522.712134,7.160457
1417,492,2.000000,0.108341,0.216682,True,0.152797,-0.063884,35.000000,3.000000,32479787.661636,45807522.712134,7.280961
1213,401,1.250000,0.135689,0.169611,True,0.169251,-0.000360,24.000000,20.000000,40678521.166722,50740276.679282,7.497605
1213,401,1.500000,0.135689,0.203533,True,0.196562,-0.006971,40.000000,10.000000,40678521.166722,58927925.506900,7.231657
1213,401,2.000000,0.135689,0.271378,True,0.196562,-0.074815,40.000000,10.000000,40678521.166722,58927925.506900,7.321667
192,795,1.250000,0.150631,0.188288,True,0.173295,-0.014993,26.000000,18.000000,45157971.901863,51952585.772152,6.199464
192,795,1.500000,0.150631,0.225946,True,0.173295,-0.052651,26.000000,18.000000,45157971.901863,51952585.772152,6.302475
192,795,2.000000,0.150631,0.301262,True,0.173295,-0.127966,26.000000,18.000000,45157971.901863,51952585.772152,6.357766
1152,78,1.250000,0.102466,0.128083,True,0.136393,0.008310,31.000000,3.000000,30718662.443728,40889592.940157,7.310118
1152,78,1.500000,0.102466,0.153700,True,0.153641,-0.000059,34.000000,3.000000,30718662.443728,46060320.459181,7.218419
1152,78,2.000000,0.102466,0.204933,True,0.153641,-0.051292,34.000000,3.000000,30718662.443728,46060320.459181,7.271383
1274,950,1.250000,0.085124,0.106405,True,0.105732,-0.000673,14.000000,9.000000,25519548.343833,31697651.856912,5.043038
1274,950,1.500000,0.085124,0.127686,True,0.105732,-0.021954,14.000000,9.000000,25519548.343833,31697651.856912,4.885054
1274,950,2.000000,0.085124,0.170248,True,0.105732,-0.064516,14.000000,9.000000,25519548.343833,31697651.856912,4.972603
1346,961,1.250000,0.130896,0.163620,True,0.158061,-0.005559,35.000000,3.000000,39241532.513627,47385483.536931,4.764401
1346,961,1.500000,0.130896,0.196343,True,0.158061,-0.038283,35.000000,3.000000,39241532.513627,47385483.536931,4.916902
1346,961,2.000000,0.130896,0.261791,True,0.158061,-0.103730,35.000000,3.000000,39241532.513627,47385483.536931,4.851101
1108,79,1.250000,0.115541,0.144426,True,0.123701,-0.020725,30.000000,1.000000,34638251.353837,37084481.144259,7.377719
1108,79,1.500000,0.115541,0.173311,True,0.123701,-0.049611,30.000000,1.000000,34638251.353837,37084481.144259,7.382618
1108,79,2.000000,0.115541,0.231082,True,0.123701,-0.107381,30.000000,1.000000,34638251.353837,37084481.144259,7.263754
1528,729,1.250000,0.164689,0.205862,True,0.206095,0.000233,39.000000,11.000000,49372657.031211,61785752.415823,7.903449
1528,729,1.500000,0.164689,0.247034,True,0.219342,-0.027692,41.000000,11.000000,49372657.031211,65757089.177319,7.819929
1528,729,2.000000,0.164689,0.329379,True,0.219342,-0.110037,41.000000,11.000000,49372657.031211,65757089.177319,7.749120
1332,1535,1.250000,0.063782,0.079727,True,0.080949,0.001221,13.000000,6.000000,19121315.335901,24267776.124560,7.613060
1332,1535,1.500000,0.063782,0.095673,True,0.081091,-0.014581,11.000000,6.000000,19121315.335901,24310605.700807,7.766194
1332,1535,2.000000,0.063782,0.127564,True,0.081091,-0.046472,11.000000,6.000000,19121315.335901,24310605.700807,7.566196
887,943,1.250000,0.072170,0.090213,True,0.085304,-0.004909,9.000000,8.000000,21636035.680299,25573477.466387,7.034051
887,943,1.500000,0.072170,0.108255,True,0.098702,-0.009553,12.000000,7.000000,21636035.680299,29590138.629522,7.114327
887,943,2.000000,0.072170,0.144340,True,0.098702,-0.045638,12.000000,7.000000,21636035.680299,29590138.629522,7.208540
1422,354,1.250000,0.144128,0.180160,True,0.166677,-0.013483,30.000000,11.000000,43208454.225780,49968527.444146,5.252312
1422,354,1.500000,0.144128,0.216192,True,0.166677,-0.049515,30.000000,11.000000,43208454.225780,49968527.444146,4.912032
1422,354,2.000000,0.144128,0.288256,True,0.166677,-0.121579,30.000000,11.000000,43208454.225780,49968527.444146,5.048680
652,868,1.250000,0.058820,0.073525,True,0.075268,0.001743,12.000000,5.000000,17633860.376803,22564802.560356,7.308253
652,868,1.500000,0.058820,0.088230,True,0.084498,-0.003733,14.000000,5.000000,17633860.376803,25331774.105928,7.158606
652,868,2.000000,0.058820,0.117640,True,0.093540,-0.024100,17.000000,4.000000,17633860.376803,28042685.214057,7.189463
60,762,1.250000,0.126072,0.157590,True,0.151737,-0.005853,38.000000,1.000000,37795401.831915,45489584.459620,6.574554
60,762,1.500000,0.126072,0.189108,True,0.165495,-0.023613,43.000000,0.000000,37795401.831915,49614075.390802,6.617432
60,762,2.000000,0.126072,0.252144,True,0.165495,-0.086649,43.000000,0.000000,37795401.831915,49614075.390802,6.535452
274,45,1.250000,0.092067,0.115084,True,0.116276,0.001192,16.000000,8.000000,27601090.428955,34858574.575125,7.671365
274,45,1.500000,0.092067,0.138101,True,0.137893,-0.000208,18.000000,10.000000,27601090.428955,41339363.988850,7.394035
274,45,2.000000,0.092067,0.184135,True,0.155094,-0.029041,15.000000,17.000000,27601090.428955,46495980.190742,7.360395
1424,835,1.250000,0.120858,0.151073,True,0.144565,-0.006508,15.000000,22.000000,36232405.192420,43339366.035657,4.583816
1424,835,1.500000,0.120858,0.181287,True,0.158749,-0.022539,19.000000,22.000000,36232405.192420,47591662.833192,4.737023
1424,835,2.000000,0.120858,0.241717,True,0.158749,-0.082968,19.000000,22.000000,36232405.192420,47591662.833192,4.548952
1227,524,1.250000,0.122644,0.153305,True,0.153236,-0.000069,12.000000,28.000000,36767780.670980,45938977.918279,3.623931
1227,524,1.500000,0.122644,0.183966,True,0.179901,-0.004065,32.000000,12.000000,36767780.670980,53933013.831150,3.597774
1227,524,2.000000,0.122644,0.245288,True,0.179901,-0.065387,32.000000,12.000000,36767780.670980,53933013.831150,3.477719
249,907,1.250000,0.121887,0.152359,True,0.149259,-0.003100,28.000000,9.000000,36540745.228004,44746586.265627,6.914240
249,907,1.500000,0.121887,0.182830,True,0.149259,-0.033572,28.000000,9.000000,36540745.228004,44746586.265627,6.900577
249,907,2.000000,0.121887,0.243774,True,0.149259,-0.094515,28.000000,9.000000,36540745.228004,44746586.265627,6.852088
585,783,1.250000,0.031816,0.039770,True,0.041348,0.001578,8.000000,2.000000,9538201.445584,12395683.345038,6.893116
585,783,1.500000,0.031816,0.047724,True,0.053384,0.005660,10.000000,2.000000,9538201.445584,16004234.220814,6.845389
585,783,2.000000,0.031816,0.063632,True,0.062678,-0.000954,12.000000,2.000000,9538201.445584,18790270.929792,6.878082
732,931,1.250000,0.038104,0.047630,True,0.052998,0.005368,11.000000,2.000000,11423310.201348,15888499.606758,2.817230
732,931,1.500000,0.038104,0.057156,True,0.057784,0.000628,13.000000,2.000000,11423310.201348,17323260.974731,2.857812
732,931,2.000000,0.038104,0.076208,True,0.078706,0.002498,18.000000,1.000000,11423310.201348,23595367.306132,2.877803
1166,1176,1.250000,0.065628,0.082036,True,0.081966,-0.000069,15.000000,0.000000,19674928.368139,24572882.160153,7.278207
1166,1176,1.500000,0.065628,0.098443,True,0.095086,-0.003357,17.000000,0.000000,19674928.368139,28505973.561460,7.296796
1166,1176,2.000000,0.065628,0.131257,True,0.095086,-0.036171,17.000000,0.000000,19674928.368139,28505973.561460,7.214937
84,903,1.250000,0.143968,0.179959,True,0.179484,-0.000476,33.000000,13.000000,43160375.498676,53807852.072450,6.193960
84,903,1.500000,0.143968,0.215951,True,0.179484,-0.036468,33.000000,13.000000,43160375.498676,53807852.072450,6.601596
84,903,2.000000,0.143968,0.287935,True,0.179484,-0.108451,33.000000,13.000000,43160375.498676,53807852.072450,6.355429
224,274,1.250000,0.046003,0.057504,True,0.058629,0.001125,8.000000,5.000000,13791323.803360,17576563.662238,2.577136
224,274,1.500000,0.046003,0.069004,True,0.067102,-0.001903,10.000000,3.000000,13791323.803360,20116627.146770,2.507099
224,274,2.000000,0.046003,0.092006,True,0.067102,-0.024904,10.000000,3.000000,13791323.803360,20116627.146770,2.383999
1007,619,1.250000,0.109257,0.136571,True,0.135655,-0.000915,5.000000,25.000000,32754298.318141,40668447.037763,2.575186
1007,619,1.500000,0.109257,0.163885,True,0.158223,-0.005661,8.000000,26.000000,32754298.318141,47434188.128634,2.383292
1007,619,2.000000,0.109257,0.218513,True,0.158223,-0.060290,8.000000,26.000000,32754298.318141,47434188.128634,2.357181
352,824,1.250000,0.135512,0.169390,True,0.170274,0.000885,31.000000,9.000000,40625378.124906,51046942.510993,5.139627
352,824,1.500000,0.135512,0.203268,True,0.179230,-0.024038,29.000000,13.000000,40625378.124906,53731743.110781,5.254708
352,824,2.000000,0.135512,0.271023,True,0.179230,-0.091794,29.000000,13.000000,40625378.124906,53731743.110781,5.312431
1313,1435,1.250000,0.085136,0.106419,True,0.105974,-0.000445,14.000000,9.000000,25522998.869002,31770271.785688,7.479037
1313,1435,1.500000,0.085136,0.127703,True,0.119367,-0.008336,18.000000,9.000000,25522998.869002,35785413.624676,7.560653
1313,1435,2.000000,0.085136,0.170271,True,0.119367,-0.050904,18.000000,9.000000,25522998.869002,35785413.624676,7.685405
1210,183,1.250000,0.126527,0.158159,True,0.156356,-0.001803,23.000000,16.000000,37931805.635216,46874376.448187,5.589239
1210,183,1.500000,0.126527,0.189790,True,0.178454,-0.011337,27.000000,16.000000,37931805.635216,53499065.141817,5.763782
1210,183,2.000000,0.126527,0.253054,True,0.178454,-0.074600,27.000000,16.000000,37931805.635216,53499065.141817,5.698741
1463,799,1.250000,0.124149,0.155187,True,0.153771,-0.001416,32.000000,7.000000,37219031.494408,46099296.415637,7.586862
1463,799,1.500000,0.124149,0.186224,True,0.188869,0.002645,41.000000,6.000000,37219031.494408,56621421.703745,7.738532
1463,799,2.000000,0.124149,0.248299,True,0.193257,-0.055042,43.000000,6.000000,37219031.494408,57937024.363149,7.577491
1133,158,1.250000,0.137337,0.171671,True,0.171841,0.000170,30.000000,10.000000,41172583.219356,51516632.914935,7.061767
1133,158,1.500000,0.137337,0.206005,True,0.195790,-0.010215,41.000000,5.000000,41172583.219356,58696445.648437,7.077876
1133,158,2.000000,0.137337,0.274674,True,0.195790,-0.078884,41.000000,5.000000,41172583.219356,58696445.648437,7.532815
110,464,1.250000,0.065430,0.081788,True,0.077003,-0.004785,14.000000,5.000000,19615481.731791,23084901.290522,2.178877
110,464,1.500000,0.065430,0.098145,True,0.090168,-0.007977,15.000000,6.000000,19615481.731791,27031803.159464,2.259435
110,464,2.000000,0.065430,0.130860,True,0.090168,-0.040692,15.000000,6.000000,19615481.731791,27031803.159464,2.256002
477,5,1.250000,0.135337,0.169172,True,0.168926,-0.000245,16.000000,22.000000,40573084.547997,50642879.440191,7.410502
477,5,1.500000,0.135337,0.203006,True,0.178616,-0.024390,18.000000,24.000000,40573084.547997,53547756.929676,7.390993
477,5,2.000000,0.135337,0.270674,True,0.178616,-0.092058,18.000000,24.000000,40573084.547997,53547756.929676,7.181906
34,931,1.250000,0.135154,0.168943,True,0.169191,0.000248,43.000000,0.000000,40518167.738846,50722111.603332,8.117842
34,931,1.500000,0.135154,0.202731,True,0.187227,-0.015504,46.000000,1.000000,40518167.738846,56129319.790476,7.804890
34,931,2.000000,0.135154,0.270308,True,0.187227,-0.083081,46.000000,1.000000,40518167.738846,56129319.790476,7.773131
106,1574,1.250000,0.054735,0.068419,True,0.059454,-0.008965,12.000000,0.000000,16409278.607058,17823992.046694,7.917840
106,1574,1.500000,0.054735,0.082103,True,0.059454,-0.022649,12.000000,0.000000,16409278.607058,17823992.046694,7.400529
106,1574,2.000000,0.054735,0.109471,True,0.059454,-0.050016,12.000000,0.000000,16409278.607058,17823992.046694,7.835142
704,837,1.250000,0.026168,0.032711,False,,,,,7845099.628055,,1.347596
704,837,1.500000,0.026168,0.039253,False,,,,,7845099.628055,,1.341384
704,837,2.000000,0.026168,0.052337,False,,,,,7845099.628055,,1.323005
345,550,1.250000,0.078667,0.098334,True,0.096329,-0.002005,16.000000,6.000000,23583793.986694,28878666.516640,6.991326
345,550,1.500000,0.078667,0.118001,True,0.100744,-0.017257,16.000000,6.000000,23583793.986694,30202292.083866,7.008060
345,550,2.000000,0.078667,0.157334,True,0.100744,-0.056590,16.000000,6.000000,23583793.986694,30202292.083866,7.107285
1516,8,1.250000,0.078716,0.098395,True,0.094738,-0.003657,15.000000,2.000000,23598387.726825,28401678.785709,4.883956
1516,8,1.500000,0.078716,0.118074,True,0.116230,-0.001844,19.000000,2.000000,23598387.726825,34844839.543766,4.697394
1516,8,2.000000,0.078716,0.157431,True,0.116230,-0.041202,19.000000,2.000000,23598387.726825,34844839.543766,4.621466
1027,1114,1.250000,0.020680,0.025851,True,0.039829,0.013979,8.000000,0.000000,6199829.224165,11940454.985270,7.034325
1027,1114,1.500000,0.020680,0.031021,True,0.039829,0.008808,8.000000,0.000000,6199829.224165,11940454.985270,6.878354
1027,1114,2.000000,0.020680,0.041361,True,0.040623,-0.000738,7.000000,1.000000,6199829.224165,12178326.658613,6.804932
821,965,1.250000,0.085255,0.106568,True,0.107314,0.000745,8.000000,15.000000,25558697.506734,32171822.611855,6.880109
821,965,1.500000,0.085255,0.127882,True,0.121360,-0.006522,8.000000,19.000000,25558697.506734,36382828.574156,6.981961
821,965,2.000000,0.085255,0.170509,True,0.121360,-0.049149,8.000000,19.000000,25558697.506734,36382828.574156,7.229966
1288,507,1.250000,0.185216,0.231520,True,0.214557,-0.016963,20.000000,32.000000,55526445.580660,64322601.592662,7.252193
1288,507,1.500000,0.185216,0.277824,True,0.214557,-0.063267,20.000000,32.000000,55526445.580660,64322601.592662,7.439857
1288,507,2.000000,0.185216,0.370433,True,0.214557,-0.155875,20.000000,32.000000,55526445.580660,64322601.592662,7.523423
1013,1413,1.250000,0.085877,0.107346,True,0.105613,-0.001733,21.000000,4.000000,25745276.826781,31662039.062434,6.643661
1013,1413,1.500000,0.085877,0.128815,True,0.125876,-0.002940,26.000000,5.000000,25745276.826781,37736607.815824,6.484743
1013,1413,2.000000,0.085877,0.171754,True,0.133953,-0.037801,18.000000,13.000000,25745276.826781,40157960.205369,6.796242
1192,886,1.250000,0.064086,0.080108,True,0.085144,0.005036,19.000000,0.000000,19212522.664049,25525512.531365,7.720810
1192,886,1.500000,0.064086,0.096129,True,0.097059,0.000930,19.000000,2.000000,19212522.664049,29097552.312976,7.612645
1192,886,2.000000,0.064086,0.128172,True,0.128149,-0.000023,25.000000,2.000000,19212522.664049,38418043.082660,7.629816
1493,278,1.250000,0.091574,0.114467,True,0.113256,-0.001212,25.000000,2.000000,27453181.511098,33953254.781097,7.253789
1493,278,1.500000,0.091574,0.137361,True,0.140321,0.002960,28.000000,5.000000,27453181.511098,42067060.133884,7.052608
1493,278,2.000000,0.091574,0.183148,True,0.144670,-0.038478,28.000000,7.000000,27453181.511098,43371015.762871,7.067998
1049,947,1.250000,0.065591,0.081989,True,0.077819,-0.004170,9.000000,8.000000,19663633.301710,23329401.863068,5.326791
1049,947,1.500000,0.065591,0.098386,True,0.100030,0.001644,13.000000,8.000000,19663633.301710,29988291.670720,5.452952
1049,947,2.000000,0.065591,0.131182,True,0.103766,-0.027415,13.000000,8.000000,19663633.301710,31108329.916056,5.549159
106,545,1.250000,0.079122,0.098903,False,,,,,23720212.041758,,1.533941
106,545,1.500000,0.079122,0.118683,False,,,,,23720212.041758,,1.445587
106,545,2.000000,0.079122,0.158244,False,,,,,23720212.041758,,1.455208
524,72,1.250000,0.131038,0.163797,True,0.161624,-0.002173,27.000000,12.000000,39284058.640369,48453526.748173,6.897565
524,72,1.500000,0.131038,0.196556,True,0.180092,-0.016464,22.000000,23.000000,39284058.640369,53990217.656270,6.735863
524,72,2.000000,0.131038,0.262075,True,0.180092,-0.081983,22.000000,23.000000,39284058.640369,53990217.656270,6.911057
442,803,1.250000,0.111311,0.139138,True,0.141692,0.002553,29.000000,3.000000,33370096.792277,42478119.176148,6.017635
442,803,1.500000,0.111311,0.166966,True,0.154764,-0.012202,29.000000,5.000000,33370096.792277,46396995.926492,6.234419
442,803,2.000000,0.111311,0.222621,True,0.154764,-0.067858,29.000000,5.000000,33370096.792277,46396995.926492,6.098018
1573,555,1.250000,0.124226,0.155282,True,0.153806,-0.001476,32.000000,5.000000,37241940.873450,46109880.397735,7.108972
1573,555,1.500000,0.124226,0.186339,True,0.180265,-0.006073,38.000000,5.000000,37241940.873450,54042208.853364,7.322208
1573,555,2.000000,0.124226,0.248451,True,0.180265,-0.068186,38.000000,5.000000,37241940.873450,54042208.853364,7.136633
792,920,1.250000,0.043777,0.054721,True,0.061759,0.007039,2.000000,10.000000,13123911.688279,18515016.459315,1.880028
792,920,1.500000,0.043777,0.065665,True,0.061759,-0.003906,2.000000,10.000000,13123911.688279,18515016.459315,1.898941
792,920,2.000000,0.043777,0.087553,True,0.088324,0.000770,4.000000,14.000000,13123911.688279,26478760.725772,1.915407
1136,280,1.250000,0.128484,0.160604,True,0.156655,-0.003949,37.000000,3.000000,38518410.973188,46964031.872770,3.392223
1136,280,1.500000,0.128484,0.192725,True,0.156655,-0.036070,37.000000,3.000000,38518410.973188,46964031.872770,3.359655
1136,280,2.000000,0.128484,0.256967,True,0.156655,-0.100312,37.000000,3.000000,38518410.973188,46964031.872770,3.404132
1248,858,1.250000,0.093798,0.117247,True,0.116501,-0.000746,13.000000,15.000000,28119908.420683,34926103.286686,5.577641
1248,858,1.500000,0.093798,0.140697,True,0.133892,-0.006805,13.000000,17.000000,28119908.420683,40139882.580844,5.694656
1248,858,2.000000,0.093798,0.187596,True,0.133892,-0.053704,13.000000,17.000000,28119908.420683,40139882.580844,6.136927
1196,613,1.250000,0.159099,0.198873,True,0.193508,-0.005365,40.000000,5.000000,47696585.724012,58012273.561110,6.786034
1196,613,1.500000,0.159099,0.238648,True,0.193508,-0.045140,40.000000,5.000000,47696585.724012,58012273.561110,6.828695
1196,613,2.000000,0.159099,0.318197,True,0.193508,-0.124689,40.000000,5.000000,47696585.724012,58012273.561110,6.853639
1175,258,1.250000,0.143806,0.179757,True,0.178351,-0.001406,43.000000,1.000000,43111847.044552,53468159.246684,7.240793
1175,258,1.500000,0.143806,0.215708,True,0.191681,-0.024027,44.000000,2.000000,43111847.044552,57464596.074162,7.328125
1175,258,2.000000,0.143806,0.287611,True,0.191681,-0.095930,44.000000,2.000000,43111847.044552,57464596.074162,7.117208
196,750,1.250000,0.111229,0.139037,True,0.136496,-0.002540,17.000000,20.000000,33345718.667950,40920526.322389,3.933021
196,750,1.500000,0.111229,0.166844,True,0.145377,-0.021467,17.000000,22.000000,33345718.667950,43582902.392861,3.911740
196,750,2.000000,0.111229,0.222459,True,0.145377,-0.077082,17.000000,22.000000,33345718.667950,43582902.392861,3.909725
1148,409,1.250000,0.170022,0.212527,True,0.210682,-0.001846,44.000000,8.000000,50971281.308569,63160770.447039,7.652682
1148,409,1.500000,0.170022,0.255033,True,0.210682,-0.044351,44.000000,8.000000,50971281.308569,63160770.447039,7.267312
1148,409,2.000000,0.170022,0.340044,True,0.210682,-0.129362,44.000000,8.000000,50971281.308569,63160770.447039,7.249582
1300,496,1.250000,0.178662,0.223327,True,0.195807,-0.027521,37.000000,11.000000,53561439.477228,58701353.164419,4.656884
1300,496,1.500000,0.178662,0.267993,True,0.195807,-0.072186,37.000000,11.000000,53561439.477228,58701353.164419,4.475530
1300,496,2.000000,0.178662,0.357323,True,0.195807,-0.161517,37.000000,11.000000,53561439.477228,58701353.164419,4.379015
1462,793,1.250000,0.158027,0.197534,True,0.198543,0.001009,21.000000,27.000000,47375351.958614,59521619.414836,7.231705
1462,793,1.500000,0.158027,0.237041,True,0.220543,-0.016498,24.000000,26.000000,47375351.958614,66117106.512778,7.135645
1462,793,2.000000,0.158027,0.316054,True,0.220543,-0.095511,24.000000,26.000000,47375351.958614,66117106.512778,7.395032
1481,1556,1.250000,0.067537,0.084422,True,0.075376,-0.009046,13.000000,2.000000,20247199.938328,22597029.558321,7.189596
1481,1556,1.500000,0.067537,0.101306,True,0.075376,-0.025931,13.000000,2.000000,20247199.938328,22597029.558321,7.312707
1481,1556,2.000000,0.067537,0.135075,True,0.075376,-0.059699,13.000000,2.000000,20247199.938328,22597029.558321,7.116073
2,805,1.250000,0.189682,0.237102,True,0.212768,-0.024334,46.000000,6.000000,56865217.685725,63786367.261082,6.814171
2,805,1.500000,0.189682,0.284523,True,0.212768,-0.071755,46.000000,6.000000,56865217.685725,63786367.261082,6.668465
2,805,2.000000,0.189682,0.379364,True,0.212768,-0.166595,46.000000,6.000000,56865217.685725,63786367.261082,6.702725
1073,167,1.250000,0.133034,0.166293,True,0.162822,-0.003471,39.000000,3.000000,39882669.064515,48812759.881963,4.647455
1073,167,1.500000,0.133034,0.199551,True,0.176019,-0.023533,40.000000,4.000000,39882669.064515,52769109.267974,4.594903
1073,167,2.000000,0.133034,0.266069,True,0.176019,-0.090050,40.000000,4.000000,39882669.064515,52769109.267974,4.518310
968,972,1.250000,0.026226,0.032782,True,0.033296,0.000514,7.000000,0.000000,7862260.829055,9981777.515776,6.571840
968,972,1.500000,0.026226,0.039339,True,0.042294,0.002956,9.000000,0.000000,7862260.829055,12679569.194625,6.364522
968,972,2.000000,0.026226,0.052451,True,0.055404,0.002952,11.000000,0.000000,7862260.829055,16609581.401489,6.377601
104,1290,1.250000,0.076664,0.095830,True,0.095314,-0.000516,23.000000,2.000000,22983209.361582,28574343.589479,7.163749
104,1290,1.500000,0.076664,0.114996,True,0.119331,0.004335,26.000000,3.000000,22983209.361582,35774514.986946,7.071314
104,1290,2.000000,0.076664,0.153327,True,0.119331,-0.033997,26.000000,3.000000,22983209.361582,35774514.986946,7.222554
1262,714,1.250000,0.096730,0.120912,True,0.118824,-0.002088,29.000000,1.000000,28998857.071807,35622526.836907,6.061263
1262,714,1.500000,0.096730,0.145095,True,0.143003,-0.002092,31.000000,5.000000,28998857.071807,42871130.512265,6.179216
1262,714,2.000000,0.096730,0.193460,True,0.143003,-0.050457,31.000000,5.000000,28998857.071807,42871130.512265,6.082951
1136,522,1.250000,0.111965,0.139957,True,0.139581,-0.000376,32.000000,3.000000,33566365.288291,41845342.201360,4.669406
1136,522,1.500000,0.111965,0.167948,True,0.153343,-0.014605,32.000000,5.000000,33566365.288291,45971147.962965,4.494698
1136,522,2.000000,0.111965,0.223931,True,0.153343,-0.070587,32.000000,5.000000,33566365.288291,45971147.962965,4.611713
1411,645,1.250000,0.148851,0.186064,False,,,,,44624436.967998,,1.410872
1411,645,1.500000,0.148851,0.223277,False,,,,,44624436.967998,,1.396075
1411,645,2.000000,0.148851,0.297702,False,,,,,44624436.967998,,1.417987
860,891,1.250000,0.061122,0.076402,True,0.077119,0.000717,13.000000,0.000000,18323795.898991,23119721.167734,7.346426
860,891,1.500000,0.061122,0.091682,True,0.091713,0.000031,17.000000,0.000000,18323795.898991,27494846.959254,7.638205
860,891,2.000000,0.061122,0.122243,True,0.104942,-0.017301,19.000000,0.000000,18323795.898991,31460945.921190,7.542594
1382,693,1.250000,0.145933,0.182416,True,0.186023,0.003606,33.000000,12.000000,43749665.108273,55768174.041335,5.373300
1382,693,1.500000,0.145933,0.218900,True,0.190099,-0.028800,36.000000,11.000000,43749665.108273,56990326.804137,5.367659
1382,693,2.000000,0.145933,0.291866,True,0.190099,-0.101767,36.000000,11.000000,43749665.108273,56990326.804137,5.384244
1234,435,1.250000,0.161567,0.201958,True,0.200437,-0.001521,41.000000,8.000000,48436455.055678,60089569.592344,6.880187
1234,435,1.500000,0.161567,0.242350,True,0.223070,-0.019280,43.000000,10.000000,48436455.055678,66874828.059166,6.801276
1234,435,2.000000,0.161567,0.323133,True,0.223070,-0.100063,43.000000,10.000000,48436455.055678,66874828.059166,7.280013
325,802,1.250000,0.117707,0.147134,True,0.148167,0.001033,35.000000,1.000000,35287766.413884,44419265.395706,7.324525
325,802,1.500000,0.117707,0.176561,True,0.148167,-0.028394,35.000000,1.000000,35287766.413884,44419265.395706,7.397155
325,802,2.000000,0.117707,0.235415,True,0.148167,-0.087248,35.000000,1.000000,35287766.413884,44419265.395706,7.291667
347,392,1.250000,0.013832,0.017291,True,0.020176,0.002886,2.000000,2.000000,4146864.347035,6048659.433363,5.604762
347,392,1.500000,0.013832,0.020749,True,0.020176,-0.000573,2.000000,2.000000,4146864.347035,6048659.433363,5.648520
347,392,2.000000,0.013832,0.027665,True,0.029536,0.001871,3.000000,3.000000,4146864.347035,8854726.797198,5.760292
1023,1572,1.250000,0.089360,0.111700,True,0.111830,0.000130,29.000000,0.000000,26789398.919753,33525761.928080,6.988715
1023,1572,1.500000,0.089360,0.134040,True,0.138082,0.004042,33.000000,0.000000,26789398.919753,41395869.119164,7.038179
1023,1572,2.000000,0.089360,0.178720,True,0.138322,-0.040398,33.000000,0.000000,26789398.919753,41467929.837829,7.395844
1392,1533,1.250000,0.078555,0.098193,True,0.095239,-0.002954,17.000000,3.000000,23550059.560441,28552028.716106,4.991984
1392,1533,1.500000,0.078555,0.117832,True,0.108447,-0.009384,17.000000,5.000000,23550059.560441,32511703.679965,4.844200
1392,1533,2.000000,0.078555,0.157109,True,0.108447,-0.048662,17.000000,5.000000,23550059.560441,32511703.679965,5.132477
485,925,1.250000,0.066242,0.082802,False,,,,,19858723.803816,,1.336120
485,925,1.500000,0.066242,0.099362,False,,,,,19858723.803816,,1.326895
485,925,2.000000,0.066242,0.132483,False,,,,,19858723.803816,,1.315084
1013,1083,1.250000,0.037400,0.046750,True,0.046754,0.000003,8.000000,0.000000,11212280.615976,14016379.325679,6.874620
1013,1083,1.500000,0.037400,0.056100,True,0.051390,-0.004710,9.000000,1.000000,11212280.615976,15406282.919342,6.921819
1013,1083,2.000000,0.037400,0.074800,True,0.051390,-0.023410,9.000000,1.000000,11212280.615976,15406282.919342,6.921642
1453,1469,1.250000,0.039364,0.049205,True,0.050653,0.001448,6.000000,5.000000,11801107.815015,15185458.892441,7.512621
1453,1469,1.500000,0.039364,0.059046,True,0.059860,0.000814,7.000000,6.000000,11801107.815015,17945559.478889,7.601066
1453,1469,2.000000,0.039364,0.078729,True,0.064295,-0.014434,10.000000,5.000000,11801107.815015,19275156.229836,7.651096
1205,246,1.250000,0.155109,0.193886,True,0.177109,-0.016777,33.000000,12.000000,46500414.944517,53095987.389588,1.656200
1205,246,1.500000,0.155109,0.232663,True,0.177109,-0.055554,33.000000,12.000000,46500414.944517,53095987.389588,1.653184
1205,246,2.000000,0.155109,0.310217,True,0.177109,-0.133108,33.000000,12.000000,46500414.944517,53095987.389588,1.644369
717,757,1.250000,0.032682,0.040852,True,0.041787,0.000935,4.000000,2.000000,9797772.128323,12527418.838694,7.384801
717,757,1.500000,0.032682,0.049023,True,0.052584,0.003561,9.000000,2.000000,9797772.128323,15764323.429849,7.112293
717,757,2.000000,0.032682,0.065364,True,0.052848,-0.012515,8.000000,3.000000,9797772.128323,15843559.679482,7.167771
158,386,1.250000,0.085105,0.106381,True,0.106475,0.000094,16.000000,7.000000,25513802.975830,31920472.631240,4.875372
158,386,1.500000,0.085105,0.127657,True,0.115494,-0.012163,20.000000,5.000000,25513802.975830,34624348.131866,4.910796
158,386,2.000000,0.085105,0.170210,True,0.115494,-0.054715,20.000000,5.000000,25513802.975830,34624348.131866,4.733722
1091,258,1.250000,0.135534,0.169417,True,0.168162,-0.001256,38.000000,4.000000,40631990.681427,50413569.780530,7.090612
1091,258,1.500000,0.135534,0.203301,True,0.171983,-0.031318,38.000000,4.000000,40631990.681427,51559106.433541,7.353423
1091,258,2.000000,0.135534,0.271067,True,0.171983,-0.099085,38.000000,4.000000,40631990.681427,51559106.433541,6.868717
458,608,1.250000,0.052123,0.065154,True,0.064653,-0.000500,9.000000,5.000000,15626074.597762,19382588.254696,5.591755
458,608,1.500000,0.052123,0.078184,True,0.086937,0.008753,9.000000,9.000000,15626074.597762,26063138.531881,5.602537
458,608,2.000000,0.052123,0.104246,True,0.086937,-0.017309,9.000000,9.000000,15626074.597762,26063138.531881,5.466990
1240,77,1.250000,0.082871,0.103589,True,0.103559,-0.000030,26.000000,1.000000,24844081.830073,31046215.789146,7.121286
1240,77,1.500000,0.082871,0.124306,True,0.116635,-0.007671,29.000000,2.000000,24844081.830073,34966334.076857,7.484386
1240,77,2.000000,0.082871,0.165742,True,0.116635,-0.049107,29.000000,2.000000,24844081.830073,34966334.076857,7.306109
1195,315,1.250000,0.115981,0.144976,True,0.144995,0.000019,37.000000,2.000000,34770094.990885,43468326.245948,7.181660
1195,315,1.500000,0.115981,0.173971,True,0.158684,-0.015287,39.000000,2.000000,34770094.990885,47572281.792570,7.305521
1195,315,2.000000,0.115981,0.231961,True,0.158684,-0.073277,39.000000,2.000000,34770094.990885,47572281.792570,7.126512
1307,471,1.250000,0.115357,0.144196,True,0.144516,0.000320,40.000000,1.000000,34583074.944377,43324678.295320,6.328231
1307,471,1.500000,0.115357,0.173035,True,0.162793,-0.010242,43.000000,2.000000,34583074.944377,48804242.435455,6.420372
1307,471,2.000000,0.115357,0.230713,True,0.162793,-0.067920,43.000000,2.000000,34583074.944377,48804242.435455,6.265904
1545,290,1.250000,0.062227,0.077784,True,0.074836,-0.002948,11.000000,8.000000,18655259.406002,22435215.949739,6.530174
1545,290,1.500000,0.062227,0.093341,True,0.095449,0.002108,17.000000,6.000000,18655259.406002,28614818.164909,6.550393
1545,290,2.000000,0.062227,0.124454,True,0.113206,-0.011249,17.000000,10.000000,18655259.406002,33938279.254933,6.480959
494,673,1.250000,0.045728,0.057160,True,0.057372,0.000212,13.000000,1.000000,13708866.281506,17199646.962108,6.895687
494,673,1.500000,0.045728,0.068592,True,0.065764,-0.002828,12.000000,2.000000,13708866.281506,19715437.223037,7.345212
494,673,2.000000,0.045728,0.091456,True,0.075252,-0.016204,14.000000,2.000000,13708866.281506,22559948.637268,7.105690
1220,559,1.250000,0.105478,0.131848,True,0.130702,-0.001146,35.000000,1.000000,31621616.017177,39183423.342950,6.995967
1220,559,1.500000,0.105478,0.158218,True,0.153473,-0.004745,37.000000,3.000000,31621616.017177,46009922.410460,7.058293
1220,559,2.000000,0.105478,0.210957,True,0.166610,-0.044347,39.000000,3.000000,31621616.017177,49948306.922746,7.127492
1155,642,1.250000,0.119809,0.149761,True,0.149472,-0.000289,30.000000,5.000000,35917714.549598,44810547.538862,7.110240
1155,642,1.500000,0.119809,0.179713,True,0.177689,-0.002024,32.000000,8.000000,35917714.549598,53269759.405498,7.234297
1155,642,2.000000,0.119809,0.239617,True,0.190814,-0.048803,35.000000,6.000000,35917714.549598,57204641.910768,7.273734
1096,554,1.250000,0.130957,0.163697,True,0.152891,-0.010805,8.000000,31.000000,39259989.120799,45835681.432367,1.688116
1096,554,1.500000,0.130957,0.196436,True,0.152891,-0.043544,8.000000,31.000000,39259989.120799,45835681.432367,1.708059
1096,554,2.000000,0.130957,0.261914,True,0.152891,-0.109023,8.000000,31.000000,39259989.120799,45835681.432367,1.683787
1312,323,1.250000,0.100733,0.125917,True,0.123879,-0.002038,28.000000,3.000000,30199140.818819,37138097.422745,7.633035
1312,323,1.500000,0.100733,0.151100,True,0.146404,-0.004696,30.000000,5.000000,30199140.818819,43890836.178411,7.145697
1312,323,2.000000,0.100733,0.201467,True,0.146404,-0.055063,30.000000,5.000000,30199140.818819,43890836.178411,7.380899
1325,674,1.250000,0.156934,0.196167,True,0.183632,-0.012535,37.000000,9.000000,47047574.450112,55051570.865824,5.807003
1325,674,1.500000,0.156934,0.235401,True,0.183632,-0.051768,37.000000,9.000000,47047574.450112,55051570.865824,5.672353
1325,674,2.000000,0.156934,0.313868,True,0.183632,-0.130235,37.000000,9.000000,47047574.450112,55051570.865824,5.742193
1293,316,1.250000,0.150396,0.187994,True,0.186970,-0.001024,46.000000,2.000000,45087451.588703,56052340.287224,6.970597
1293,316,1.500000,0.150396,0.225593,True,0.200378,-0.025215,43.000000,7.000000,45087451.588703,60071829.205926,6.913098
1293,316,2.000000,0.150396,0.300791,True,0.200378,-0.100413,43.000000,7.000000,45087451.588703,60071829.205926,6.704441
1022,784,1.250000,0.060883,0.076103,True,0.077838,0.001734,14.000000,4.000000,18252193.780240,23335156.315808,7.540122
1022,784,1.500000,0.060883,0.091324,True,0.086264,-0.005060,16.000000,4.000000,18252193.780240,25861402.991920,7.241801
1022,784,2.000000,0.060883,0.121766,True,0.086264,-0.035501,16.000000,4.000000,18252193.780240,25861402.991920,7.387191
1247,55,1.250000,0.084956,0.106195,True,0.106236,0.000041,27.000000,2.000000,25469129.916991,31848625.430586,5.686324
1247,55,1.500000,0.084956,0.127434,True,0.124051,-0.003383,32.000000,1.000000,25469129.916991,37189470.274776,5.994965
1247,55,2.000000,0.084956,0.169912,True,0.124051,-0.045861,32.000000,1.000000,25469129.916991,37189470.274776,5.871122
1338,734,1.250000,0.152495,0.190619,True,0.185132,-0.005487,34.000000,12.000000,45716849.487444,55501073.981781,7.245815
1338,734,1.500000,0.152495,0.228742,True,0.185132,-0.043611,34.000000,12.000000,45716849.487444,55501073.981781,7.237179
1338,734,2.000000,0.152495,0.304990,True,0.185132,-0.119858,34.000000,12.000000,45716849.487444,55501073.981781,7.025050
1117,967,1.250000,0.048207,0.060259,True,0.061219,0.000960,4.000000,10.000000,14452048.580062,18352943.212874,6.196085
1117,967,1.500000,0.048207,0.072310,True,0.069937,-0.002373,5.000000,11.000000,14452048.580062,20966648.176772,6.091480
1117,967,2.000000,0.048207,0.096414,True,0.098294,0.001880,8.000000,16.000000,14452048.580062,29467704.637328,5.804265
311,885,1.250000,0.105008,0.131260,True,0.130643,-0.000617,11.000000,22.000000,31480624.604399,39165788.809019,6.270606
311,885,1.500000,0.105008,0.157512,True,0.147661,-0.009851,17.000000,18.000000,31480624.604399,44267654.010184,6.112096
311,885,2.000000,0.105008,0.210016,True,0.147661,-0.062355,17.000000,18.000000,31480624.604399,44267654.010184,6.083393
1547,864,1.250000,0.117841,0.147301,True,0.148465,0.001164,30.000000,7.000000,35327750.507581,44508725.055307,6.088830
1547,864,1.500000,0.117841,0.176761,True,0.170744,-0.006017,39.000000,2.000000,35327750.507581,51187691.517043,5.980568
1547,864,2.000000,0.117841,0.235681,True,0.170744,-0.064938,39.000000,2.000000,35327750.507581,51187691.517043,6.077691
197,516,1.250000,0.122328,0.152910,True,0.142325,-0.010585,10.000000,21.000000,36673041.651688,42667963.572876,4.857271
197,516,1.500000,0.122328,0.183492,True,0.142325,-0.041167,10.000000,21.000000,36673041.651688,42667963.572876,5.052253
197,516,2.000000,0.122328,0.244656,True,0.142325,-0.102331,10.000000,21.000000,36673041.651688,42667963.572876,4.778373
1286,1361,1.250000,0.070050,0.087563,True,0.086528,-0.001035,8.000000,9.000000,21000542.252296,25940435.175478,7.313574
1286,1361,1.500000,0.070050,0.105075,True,0.091285,-0.013790,10.000000,8.000000,21000542.252296,27366616.113817,7.803595
1286,1361,2.000000,0.070050,0.140101,True,0.091285,-0.048815,10.000000,8.000000,21000542.252296,27366616.113817,7.337752
1058,1368,1.250000,0.060892,0.076116,True,0.076983,0.000867,17.000000,2.000000,18255099.276212,23078909.251190,7.608204
1058,1368,1.500000,0.060892,0.091339,True,0.091359,0.000020,18.000000,3.000000,18255099.276212,27388596.622085,7.637092
1058,1368,2.000000,0.060892,0.121785,True,0.094589,-0.027196,19.000000,2.000000,18255099.276212,28357084.766052,7.503061
1122,1167,1.250000,0.013088,0.016360,True,0.015294,-0.001066,4.000000,0.000000,3923707.065322,4585047.736663,4.410923
1122,1167,1.500000,0.013088,0.019632,True,0.015294,-0.004338,4.000000,0.000000,3923707.065322,4585047.736663,4.720327
1122,1167,2.000000,0.013088,0.026176,True,0.024154,-0.002022,4.000000,0.000000,3923707.065322,7241106.861613,4.595934
1165,681,1.250000,0.072677,0.090846,True,0.098451,0.007605,11.000000,14.000000,21788007.173413,29514832.885827,2.475376
1165,681,1.500000,0.072677,0.109015,True,0.111984,0.002968,11.000000,18.000000,21788007.173413,33571838.504692,2.379394
1165,681,2.000000,0.072677,0.145354,True,0.111984,-0.033370,11.000000,18.000000,21788007.173413,33571838.504692,2.474466
1303,1401,1.250000,0.078606,0.098257,True,0.096771,-0.001486,11.000000,8.000000,23565420.609258,29011236.985859,6.508513
1303,1401,1.500000,0.078606,0.117909,True,0.118016,0.000107,4.000000,19.000000,23565420.609258,35380300.204930,6.371262
1303,1401,2.000000,0.078606,0.157212,True,0.121586,-0.035625,10.000000,13.000000,23565420.609258,36450612.614328,6.364682
720,982,1.250000,0.055489,0.069361,True,0.065512,-0.003849,13.000000,4.000000,16635126.874296,19639897.167022,5.029991
720,982,1.500000,0.055489,0.083233,True,0.079441,-0.003792,16.000000,5.000000,16635126.874296,23815771.796272,5.045772
720,982,2.000000,0.055489,0.110978,True,0.092698,-0.018280,17.000000,6.000000,16635126.874296,27790196.004761,4.977240
1418,998,1.250000,0.074557,0.093197,True,0.093924,0.000727,22.000000,2.000000,22351704.785647,28157709.494672,7.611076
1418,998,1.500000,0.074557,0.111836,True,0.107697,-0.004139,23.000000,3.000000,22351704.785647,32286660.838586,8.008628
1418,998,2.000000,0.074557,0.149115,True,0.107697,-0.041418,23.000000,3.000000,22351704.785647,32286660.838586,7.515953
1079,611,1.250000,0.111299,0.139124,True,0.136424,-0.002700,11.000000,24.000000,33366710.465321,40898827.911453,5.737194
1079,611,1.500000,0.111299,0.166949,True,0.145397,-0.021552,13.000000,24.000000,33366710.465321,43589045.444298,5.923311
1079,611,2.000000,0.111299,0.222599,True,0.145397,-0.077201,13.000000,24.000000,33366710.465321,43589045.444298,5.852440
1330,1549,1.250000,0.039523,0.049404,True,0.049025,-0.000379,11.000000,1.000000,11848771.390879,14697336.902915,7.104040
1330,1549,1.500000,0.039523,0.059285,True,0.058208,-0.001077,13.000000,1.000000,11848771.390879,17450400.711489,7.179062
1330,1549,2.000000,0.039523,0.079046,True,0.075938,-0.003108,16.000000,2.000000,11848771.390879,22765760.225018,7.193948
518,803,1.250000,0.047776,0.059719,True,0.063711,0.003992,17.000000,0.000000,14322759.762103,19100125.114073,6.558785
518,803,1.500000,0.047776,0.071663,True,0.068149,-0.003514,16.000000,1.000000,14322759.762103,20430555.775373,6.706964
518,803,2.000000,0.047776,0.095551,True,0.094118,-0.001433,23.000000,0.000000,14322759.762103,28215933.875298,6.571212
118,8,1.250000,0.018696,0.023369,True,0.026683,0.003313,6.000000,0.000000,5604776.563421,7999216.591358,3.793963
118,8,1.500000,0.018696,0.028043,True,0.026683,-0.001361,6.000000,0.000000,5604776.563421,7999216.591358,3.695698
118,8,2.000000,0.018696,0.037391,True,0.039794,0.002403,8.000000,0.000000,5604776.563421,11929836.130435,3.769439
1055,88,1.250000,0.100189,0.125236,True,0.121193,-0.004044,28.000000,5.000000,30035871.453481,36332624.772970,5.237622
1055,88,1.500000,0.100189,0.150283,True,0.147065,-0.003218,35.000000,4.000000,30035871.453481,44088944.659742,5.360364
1055,88,2.000000,0.100189,0.200378,True,0.147065,-0.053313,35.000000,4.000000,30035871.453481,44088944.659742,5.401720
1278,1415,1.250000,0.053339,0.066674,True,0.064224,-0.002450,5.000000,9.000000,15990716.469846,19253967.080949,2.158449
1278,1415,1.500000,0.053339,0.080009,True,0.073586,-0.006423,11.000000,5.000000,15990716.469846,22060443.751353,2.185627
1278,1415,2.000000,0.053339,0.106679,True,0.073586,-0.033093,11.000000,5.000000,15990716.469846,22060443.751353,2.191851
303,622,1.250000,0.119919,0.149899,True,0.155499,0.005600,28.000000,7.000000,35950869.216806,46617528.506650,7.792146
303,622,1.500000,0.119919,0.179879,True,0.155499,-0.024379,28.000000,7.000000,35950869.216806,46617528.506650,7.594742
303,622,2.000000,0.119919,0.239838,True,0.155499,-0.084339,28.000000,7.000000,35950869.216806,46617528.506650,7.883248
195,987,1.250000,0.126675,0.158344,True,0.157926,-0.000417,28.000000,15.000000,37976230.101403,47345144.308697,5.850580
195,987,1.500000,0.126675,0.190013,True,0.165108,-0.024904,34.000000,7.000000,37976230.101403,49498272.453762,5.660040
195,987,2.000000,0.126675,0.253350,True,0.165108,-0.088242,34.000000,7.000000,37976230.101403,49498272.453762,5.799229
1068,427,1.250000,0.113084,0.141355,True,0.142815,0.001460,36.000000,0.000000,33901746.283723,42814925.644632,7.366675
1068,427,1.500000,0.113084,0.169626,True,0.169458,-0.000168,40.000000,0.000000,33901746.283723,50802352.031152,7.560142
1068,427,2.000000,0.113084,0.226168,True,0.169458,-0.056710,40.000000,0.000000,33901746.283723,50802352.031152,7.419746
1156,497,1.250000,0.105739,0.132173,True,0.132838,0.000665,30.000000,4.000000,31699611.339502,39823823.025832,7.683253
1156,497,1.500000,0.105739,0.158608,True,0.158996,0.000388,34.000000,5.000000,31699611.339502,47665849.789936,7.617624
1156,497,2.000000,0.105739,0.211477,True,0.159505,-0.051972,34.000000,5.000000,31699611.339502,47818456.633724,7.635431
1118,1240,1.250000,0.085149,0.106436,True,0.097773,-0.008663,19.000000,2.000000,25527025.223983,29311713.881117,4.386717
1118,1240,1.500000,0.085149,0.127723,True,0.097773,-0.029950,19.000000,2.000000,25527025.223983,29311713.881117,4.326444
1118,1240,2.000000,0.085149,0.170298,True,0.097773,-0.072525,19.000000,2.000000,25527025.223983,29311713.881117,4.468296
827,865,1.250000,0.045794,0.057242,True,0.057275,0.000032,12.000000,0.000000,13728655.327008,17170548.368583,7.369641
827,865,1.500000,0.045794,0.068691,True,0.066171,-0.002520,11.000000,0.000000,13728655.327008,19837524.473628,7.296597
827,865,2.000000,0.045794,0.091588,True,0.087813,-0.003775,15.000000,1.000000,13728655.327008,26325538.689455,7.179346
1181,1228,1.250000,0.026994,0.033742,True,0.033570,-0.000172,3.000000,3.000000,8092489.621614,10063950.647083,5.737053
1181,1228,1.500000,0.026994,0.040490,True,0.040424,-0.000066,7.000000,3.000000,8092489.621614,12118837.624148,5.857878
1181,1228,2.000000,0.026994,0.053987,True,0.048403,-0.005584,6.000000,4.000000,8092489.621614,14510998.220250,5.767300
1095,1322,1.250000,0.080670,0.100838,True,0.102207,0.001370,13.000000,10.000000,24184257.980335,30641011.693873,4.608284
1095,1322,1.500000,0.080670,0.121005,True,0.120622,-0.000383,14.000000,13.000000,24184257.980335,36161508.282732,4.577674
1095,1322,2.000000,0.080670,0.161340,True,0.129483,-0.031857,12.000000,15.000000,24184257.980335,38818015.877885,4.559547
1084,5,1.250000,0.090389,0.112986,True,0.112717,-0.000269,23.000000,4.000000,27097882.986899,33791734.354865,7.266450
1084,5,1.500000,0.090389,0.135583,True,0.135355,-0.000229,27.000000,4.000000,27097882.986899,40578280.180324,7.117905
1084,5,2.000000,0.090389,0.180778,True,0.146434,-0.034343,30.000000,3.000000,27097882.986899,43899885.886746,7.077634
617,938,1.250000,0.104872,0.131090,True,0.118281,-0.012810,11.000000,15.000000,31439915.641578,35459614.398939,2.702982
617,938,1.500000,0.104872,0.157308,True,0.118281,-0.039028,11.000000,15.000000,31439915.641578,35459614.398939,2.620276
617,938,2.000000,0.104872,0.209745,True,0.118281,-0.091464,11.000000,15.000000,31439915.641578,35459614.398939,2.625165
1236,922,1.250000,0.087176,0.108970,True,0.108198,-0.000773,16.000000,10.000000,26134807.291713,32436863.936938,7.114118
1236,922,1.500000,0.087176,0.130765,True,0.108198,-0.022567,16.000000,10.000000,26134807.291713,32436863.936938,7.062435
1236,922,2.000000,0.087176,0.174353,True,0.108198,-0.066155,16.000000,10.000000,26134807.291713,32436863.936938,7.268963
208,707,1.250000,0.120639,0.150799,True,0.149029,-0.001770,25.000000,8.000000,36166673.912630,44677740.601145,7.180640
208,707,1.500000,0.120639,0.180959,True,0.149029,-0.031930,25.000000,8.000000,36166673.912630,44677740.601145,7.280758
208,707,2.000000,0.120639,0.241278,True,0.149029,-0.092249,25.000000,8.000000,36166673.912630,44677740.601145,7.378605
786,955,1.250000,0.071978,0.089973,True,0.088702,-0.001271,12.000000,8.000000,21578486.187371,26592129.945691,2.571656
786,955,1.500000,0.071978,0.107967,True,0.106390,-0.001577,16.000000,8.000000,21578486.187371,31894888.403626,2.548421
786,955,2.000000,0.071978,0.143956,True,0.106390,-0.037566,16.000000,8.000000,21578486.187371,31894888.403626,2.671878
1015,718,1.250000,0.117845,0.147307,True,0.148042,0.000736,28.000000,4.000000,35329124.178537,44381995.505968,7.651057
1015,718,1.500000,0.117845,0.176768,True,0.149095,-0.027673,31.000000,3.000000,35329124.178537,44697534.807418,7.602646
1015,718,2.000000,0.117845,0.235691,True,0.149095,-0.086596,31.000000,3.000000,35329124.178537,44697534.807418,7.744791
1493,670,1.250000,0.172119,0.215149,True,0.194702,-0.020447,42.000000,7.000000,51599948.367399,58370159.346907,7.375838
1493,670,1.500000,0.172119,0.258178,True,0.194702,-0.063476,42.000000,7.000000,51599948.367399,58370159.346907,7.156983
1493,670,2.000000,0.172119,0.344238,True,0.194702,-0.149536,42.000000,7.000000,51599948.367399,58370159.346907,7.217299
749,893,1.250000,0.085259,0.106573,False,,,,,25559860.941918,,1.420801
749,893,1.500000,0.085259,0.127888,False,,,,,25559860.941918,,1.414369
749,893,2.000000,0.085259,0.170517,False,,,,,25559860.941918,,1.412886
698,800,1.250000,0.067541,0.084427,True,0.084657,0.000230,12.000000,6.000000,20248389.744220,25379433.636548,6.131091
698,800,1.500000,0.067541,0.101312,True,0.097854,-0.003458,13.000000,7.000000,20248389.744220,29335783.022558,6.121518
698,800,2.000000,0.067541,0.135083,True,0.097854,-0.037229,13.000000,7.000000,20248389.744220,29335783.022558,6.071981
1382,1542,1.250000,0.065498,0.081872,True,0.077186,-0.004687,8.000000,11.000000,19635744.969180,23139632.123010,2.653392
1382,1542,1.500000,0.065498,0.098247,True,0.077186,-0.021061,8.000000,11.000000,19635744.969180,23139632.123010,2.534196
1382,1542,2.000000,0.065498,0.130996,True,0.077186,-0.053810,8.000000,11.000000,19635744.969180,23139632.123010,2.557263
1476,717,1.250000,0.187609,0.234511,True,0.212546,-0.021966,13.000000,38.000000,56243810.651444,63719608.982895,5.345973
1476,717,1.500000,0.187609,0.281414,True,0.212546,-0.068868,13.000000,38.000000,56243810.651444,63719608.982895,5.331093
1476,717,2.000000,0.187609,0.375218,True,0.212546,-0.162673,13.000000,38.000000,56243810.651444,63719608.982895,5.608593
203,591,1.250000,0.106885,0.133606,True,0.132940,-0.000666,22.000000,10.000000,32043227.496110,39854369.321130,6.057878
203,591,1.500000,0.106885,0.160327,True,0.137553,-0.022774,22.000000,10.000000,32043227.496110,41237306.973734,6.176821
203,591,2.000000,0.106885,0.213769,True,0.137553,-0.076217,22.000000,10.000000,32043227.496110,41237306.973734,6.142361
1165,1265,1.250000,0.083146,0.103932,True,0.103237,-0.000695,11.000000,9.000000,24926402.700412,30949751.797045,5.303563
1165,1265,1.500000,0.083146,0.124718,True,0.129556,0.004838,18.000000,8.000000,24926402.700412,38839972.613400,5.304613
1165,1265,2.000000,0.083146,0.166291,True,0.129556,-0.036735,18.000000,8.000000,24926402.700412,38839972.613400,5.435139
1514,1560,1.250000,0.019934,0.024917,True,0.026414,0.001497,5.000000,0.000000,5976002.294733,7918645.686639,7.108439
1514,1560,1.500000,0.019934,0.029901,True,0.031993,0.002092,7.000000,0.000000,5976002.294733,9591224.779956,7.292631
1514,1560,2.000000,0.019934,0.039868,True,0.039857,-0.000011,7.000000,0.000000,5976002.294733,11948801.270016,7.368672
1225,580,1.250000,0.141727,0.177159,True,0.177151,-0.000009,31.000000,12.000000,42488813.721782,53108442.031167,7.159429
1225,580,1.500000,0.141727,0.212591,True,0.203964,-0.008627,40.000000,11.000000,42488813.721782,61146829.058845,7.074914
1225,580,2.000000,0.141727,0.283455,True,0.203964,-0.079491,40.000000,11.000000,42488813.721782,61146829.058845,7.226534
1085,689,1.250000,0.065239,0.081549,True,0.084340,0.002791,20.000000,1.000000,19558178.432373,25284422.617577,7.077901
1085,689,1.500000,0.065239,0.097859,True,0.097509,-0.000350,22.000000,1.000000,19558178.432373,29232431.619203,7.037122
1085,689,2.000000,0.065239,0.130478,True,0.128692,-0.001787,28.000000,1.000000,19558178.432373,38580762.729382,6.959511
1377,1461,1.250000,0.039212,0.049015,True,0.046130,-0.002885,10.000000,1.000000,11755350.388067,13829433.871808,7.067505
1377,1461,1.500000,0.039212,0.058817,True,0.059128,0.000310,13.000000,0.000000,11755350.388067,17726093.203262,7.123026
1377,1461,2.000000,0.039212,0.078423,True,0.063889,-0.014534,13.000000,0.000000,11755350.388067,19153507.153043,7.227959
1097,288,1.250000,0.150494,0.188117,True,0.157979,-0.030139,20.000000,22.000000,45116914.103597,47360843.777903,4.349264
1097,288,1.500000,0.150494,0.225741,True,0.157979,-0.067762,20.000000,22.000000,45116914.103597,47360843.777903,4.494193
1097,288,2.000000,0.150494,0.300988,True,0.157979,-0.143009,20.000000,22.000000,45116914.103597,47360843.777903,4.638165
406,683,1.250000,0.103148,0.128935,True,0.125117,-0.003818,12.000000,13.000000,30922895.148303,37509125.577774,6.931303
406,683,1.500000,0.103148,0.154722,True,0.125117,-0.029605,12.000000,13.000000,30922895.148303,37509125.577774,6.959426
406,683,2.000000,0.103148,0.206295,True,0.125117,-0.081178,12.000000,13.000000,30922895.148303,37509125.577774,7.066182
1164,1341,1.250000,0.032981,0.041227,True,0.039257,-0.001970,5.000000,5.000000,9887591.888013,11768998.908746,5.550417
1164,1341,1.500000,0.032981,0.049472,True,0.052405,0.002933,8.000000,6.000000,9887591.888013,15710693.771178,5.396997
1164,1341,2.000000,0.032981,0.065963,True,0.065513,-0.000450,11.000000,5.000000,9887591.888013,19640235.857353,5.438553
1249,137,1.250000,0.137576,0.171970,False,,,,,41244169.531706,,1.335648
1249,137,1.500000,0.137576,0.206364,False,,,,,41244169.531706,,1.331125
1249,137,2.000000,0.137576,0.275151,False,,,,,41244169.531706,,1.332637
53,695,1.250000,0.122045,0.152556,True,0.152198,-0.000358,38.000000,2.000000,36588098.103786,45627719.696044,7.231019
53,695,1.500000,0.122045,0.183067,True,0.174597,-0.008470,43.000000,1.000000,36588098.103786,52342773.975429,7.224947
53,695,2.000000,0.122045,0.244090,True,0.174597,-0.069493,43.000000,1.000000,36588098.103786,52342773.975429,7.520407
423,747,1.250000,0.085156,0.106445,True,0.106592,0.000147,8.000000,17.000000,25529168.857783,31955512.680637,6.174794
423,747,1.500000,0.085156,0.127734,True,0.128392,0.000657,10.000000,19.000000,25529168.857783,38490841.628886,6.034512
423,747,2.000000,0.085156,0.170312,True,0.129432,-0.040880,11.000000,20.000000,25529168.857783,38802737.875606,6.045214
257,625,1.250000,0.093585,0.116982,True,0.114887,-0.002095,26.000000,4.000000,28056188.352982,34442113.072101,7.568084
257,625,1.500000,0.093585,0.140378,True,0.128812,-0.011566,29.000000,5.000000,28056188.352982,38616791.780535,7.706901
257,625,2.000000,0.093585,0.187171,True,0.128812,-0.058359,29.000000,5.000000,28056188.352982,38616791.780535,7.846901
426,671,1.250000,0.054331,0.067914,True,0.066023,-0.001891,17.000000,0.000000,16288098.306850,19793204.765718,7.638074
426,671,1.500000,0.054331,0.081497,True,0.066023,-0.015474,17.000000,0.000000,16288098.306850,19793204.765718,7.631790
426,671,2.000000,0.054331,0.108662,True,0.066023,-0.042639,17.000000,0.000000,16288098.306850,19793204.765718,7.787690
528,886,1.250000,0.091716,0.114644,True,0.114717,0.000073,9.000000,16.000000,27495619.505025,34391282.433000,2.528830
528,886,1.500000,0.091716,0.137573,True,0.127834,-0.009739,11.000000,16.000000,27495619.505025,38323625.738991,2.577069
528,886,2.000000,0.091716,0.183431,True,0.127834,-0.055597,11.000000,16.000000,27495619.505025,38323625.738991,2.533610
